"epiweek";"epiyear";"fx_etaria";"Median";"LS";"LI";"LSb";"LIb";"media.movel";"casos.notificados";"DS_UF_SIGLA";"tendencia_3_semanas";"tendencia_6_semanas";"SG_UF_NOT"
1;2022;"0-12";NA;NA;NA;NA;NA;NA;9;"AC";0;0;12
2;2022;"0-12";NA;NA;NA;NA;NA;7;8;"AC";0;0;12
3;2022;"0-12";NA;NA;NA;NA;NA;6;5;"AC";0;0;12
4;2022;"0-12";NA;NA;NA;NA;NA;4;4;"AC";0;0;12
5;2022;"0-12";NA;NA;NA;NA;NA;5;4;"AC";0;0;12
6;2022;"0-12";NA;NA;NA;NA;NA;5;8;"AC";0;0;12
7;2022;"0-12";NA;NA;NA;NA;NA;5;4;"AC";0;0;12
8;2022;"0-12";NA;NA;NA;NA;NA;3;3;"AC";0;0;12
9;2022;"0-12";NA;NA;NA;NA;NA;4;3;"AC";0;0;12
10;2022;"0-12";NA;NA;NA;NA;NA;6;6;"AC";0;0;12
11;2022;"0-12";NA;NA;NA;NA;NA;11;8;"AC";0;0;12
12;2022;"0-12";NA;NA;NA;NA;NA;15;18;"AC";0;0;12
13;2022;"0-12";NA;NA;NA;NA;NA;16;18;"AC";0;0;12
14;2022;"0-12";NA;NA;NA;NA;NA;15;13;"AC";0;0;12
15;2022;"0-12";NA;NA;NA;NA;NA;17;15;"AC";0;0;12
16;2022;"0-12";NA;NA;NA;NA;NA;18;22;"AC";0;0;12
17;2022;"0-12";NA;NA;NA;NA;NA;19;18;"AC";0;0;12
18;2022;"0-12";NA;NA;NA;NA;NA;15;18;"AC";0;0;12
19;2022;"0-12";NA;NA;NA;NA;NA;21;9;"AC";0;0;12
20;2022;"0-12";NA;NA;NA;NA;NA;23;36;"AC";0;0;12
21;2022;"0-12";NA;NA;NA;NA;NA;28;24;"AC";0;0;12
22;2022;"0-12";NA;NA;NA;NA;NA;26;23;"AC";0;0;12
23;2022;"0-12";NA;NA;NA;NA;NA;23;30;"AC";0;0;12
24;2022;"0-12";NA;NA;NA;NA;NA;24;16;"AC";0;0;12
25;2022;"0-12";NA;NA;NA;NA;NA;25;25;"AC";0;0;12
26;2022;"0-12";NA;NA;NA;NA;NA;24;33;"AC";0;0;12
27;2022;"0-12";NA;NA;NA;NA;NA;21;15;"AC";0;0;12
28;2022;"0-12";NA;NA;NA;NA;NA;14;14;"AC";0;0;12
29;2022;"0-12";NA;NA;NA;NA;NA;12;14;"AC";0;0;12
30;2022;"0-12";NA;NA;NA;NA;NA;12;8;"AC";0;0;12
31;2022;"0-12";NA;NA;NA;NA;NA;13;15;"AC";0;0;12
32;2022;"0-12";NA;NA;NA;NA;NA;14;16;"AC";0;0;12
33;2022;"0-12";NA;NA;NA;NA;NA;12;10;"AC";0;0;12
34;2022;"0-12";NA;NA;NA;NA;NA;8;9;"AC";0;0;12
35;2022;"0-12";NA;NA;NA;NA;NA;8;4;"AC";0;0;12
36;2022;"0-12";NA;NA;NA;NA;NA;10;10;"AC";0;0;12
37;2022;"0-12";NA;NA;NA;NA;NA;13;15;"AC";0;0;12
38;2022;"0-12";NA;NA;NA;NA;NA;14;13;"AC";0;0;12
39;2022;"0-12";NA;NA;NA;NA;NA;13;15;"AC";0;0;12
40;2022;"0-12";NA;NA;NA;NA;NA;15;12;"AC";0;0;12
41;2022;"0-12";NA;NA;NA;NA;NA;13;17;"AC";0;0;12
42;2022;"0-12";NA;NA;NA;NA;NA;14;11;"AC";0;0;12
43;2022;"0-12";NA;NA;NA;NA;NA;11;15;"AC";0;0;12
44;2022;"0-12";NA;NA;NA;NA;NA;12;8;"AC";0;0;12
45;2022;"0-12";NA;NA;NA;NA;NA;10;14;"AC";0;0;12
46;2022;"0-12";NA;NA;NA;NA;NA;11;8;"AC";0;0;12
47;2022;"0-12";NA;NA;NA;NA;NA;10;11;"AC";0;0;12
48;2022;"0-12";NA;NA;NA;NA;NA;10;11;"AC";0;0;12
49;2022;"0-12";NA;NA;NA;NA;NA;9;8;"AC";0;0;12
50;2022;"0-12";NA;NA;NA;NA;NA;9;9;"AC";0;0;12
51;2022;"0-12";NA;NA;NA;NA;NA;11;10;"AC";0;0;12
52;2022;"0-12";NA;NA;NA;NA;NA;11;15;"AC";0;0;12
1;2023;"0-12";NA;NA;NA;NA;NA;15;8;"AC";0;0;12
2;2023;"0-12";NA;NA;NA;NA;NA;17;23;"AC";0;0;12
3;2023;"0-12";NA;NA;NA;NA;NA;18;19;"AC";0;0;12
4;2023;"0-12";NA;NA;NA;NA;NA;14;11;"AC";0;0;12
5;2023;"0-12";NA;NA;NA;NA;NA;11;11;"AC";0;0;12
6;2023;"0-12";NA;NA;NA;NA;NA;10;10;"AC";0;0;12
7;2023;"0-12";NA;NA;NA;NA;NA;12;9;"AC";0;0;12
8;2023;"0-12";NA;NA;NA;NA;NA;11;17;"AC";0;0;12
9;2023;"0-12";NA;NA;NA;NA;NA;12;8;"AC";0;0;12
10;2023;"0-12";NA;NA;NA;NA;NA;10;12;"AC";0;0;12
11;2023;"0-12";NA;NA;NA;NA;NA;9;9;"AC";0;0;12
12;2023;"0-12";NA;NA;NA;NA;NA;11;6;"AC";0;0;12
13;2023;"0-12";NA;NA;NA;NA;NA;11;17;"AC";0;0;12
14;2023;"0-12";NA;NA;NA;NA;NA;16;9;"AC";0;0;12
15;2023;"0-12";NA;NA;NA;NA;NA;16;22;"AC";0;0;12
16;2023;"0-12";NA;NA;NA;NA;NA;18;17;"AC";0;0;12
17;2023;"0-12";NA;NA;NA;NA;NA;17;14;"AC";0;0;12
18;2023;"0-12";NA;NA;NA;NA;NA;22;21;"AC";0;0;12
19;2023;"0-12";NA;NA;NA;NA;NA;32;30;"AC";0;0;12
20;2023;"0-12";NA;NA;NA;NA;NA;42;44;"AC";0;0;12
21;2023;"0-12";NA;NA;NA;NA;NA;41;53;"AC";0;0;12
22;2023;"0-12";NA;NA;NA;NA;NA;40;27;"AC";0;0;12
23;2023;"0-12";NA;NA;NA;NA;NA;39;40;"AC";0;0;12
24;2023;"0-12";NA;NA;NA;NA;NA;49;50;"AC";0;0;12
25;2023;"0-12";NA;NA;NA;NA;NA;55;56;"AC";0;0;12
26;2023;"0-12";NA;NA;NA;NA;NA;56;59;"AC";0;0;12
27;2023;"0-12";NA;NA;NA;NA;NA;50;52;"AC";0;0;12
28;2023;"0-12";NA;NA;NA;NA;NA;42;39;"AC";0;0;12
29;2023;"0-12";NA;NA;NA;NA;NA;40;36;"AC";0;0;12
30;2023;"0-12";NA;NA;NA;NA;NA;41;45;"AC";0;0;12
31;2023;"0-12";NA;NA;NA;NA;NA;39;42;"AC";0;0;12
32;2023;"0-12";NA;NA;NA;NA;NA;33;29;"AC";0;0;12
33;2023;"0-12";NA;NA;NA;NA;NA;25;27;"AC";0;0;12
34;2023;"0-12";NA;NA;NA;NA;NA;21;20;"AC";0;0;12
35;2023;"0-12";NA;NA;NA;NA;NA;18;16;"AC";0;0;12
36;2023;"0-12";NA;NA;NA;NA;NA;18;17;"AC";0;0;12
37;2023;"0-12";NA;NA;NA;NA;NA;18;21;"AC";0;0;12
38;2023;"0-12";NA;NA;NA;NA;NA;18;15;"AC";0;0;12
39;2023;"0-12";NA;NA;NA;NA;NA;19;18;"AC";0;0;12
40;2023;"0-12";NA;NA;NA;NA;NA;24;23;"AC";0;0;12
41;2023;"0-12";NA;NA;NA;NA;NA;25;31;"AC";0;0;12
42;2023;"0-12";NA;NA;NA;NA;NA;24;21;"AC";0;0;12
43;2023;"0-12";NA;NA;NA;NA;NA;19;21;"AC";0;0;12
44;2023;"0-12";NA;NA;NA;NA;NA;18;14;"AC";0;0;12
45;2023;"0-12";NA;NA;NA;NA;NA;16;18;"AC";0;0;12
46;2023;"0-12";NA;NA;NA;NA;NA;15;17;"AC";0;0;12
47;2023;"0-12";NA;NA;NA;NA;NA;14;10;"AC";0;0;12
48;2023;"0-12";NA;NA;NA;NA;NA;16;14;"AC";0;0;12
49;2023;"0-12";NA;NA;NA;NA;NA;17;24;"AC";0;0;12
50;2023;"0-12";NA;NA;NA;NA;NA;15;14;"AC";0;0;12
51;2023;"0-12";NA;NA;NA;NA;NA;9;7;"AC";0;0;12
52;2023;"0-12";NA;NA;NA;NA;NA;10;6;"AC";0;0;12
1;2024;"0-12";NA;NA;NA;NA;NA;10;16;"AC";0;0;12
2;2024;"0-12";NA;NA;NA;NA;NA;13;8;"AC";0;0;12
3;2024;"0-12";NA;NA;NA;NA;NA;12;14;"AC";0;0;12
4;2024;"0-12";NA;NA;NA;NA;NA;17;13;"AC";0;0;12
5;2024;"0-12";NA;NA;NA;NA;NA;18;23;"AC";0;0;12
6;2024;"0-12";NA;NA;NA;NA;NA;17;18;"AC";0;0;12
7;2024;"0-12";NA;NA;NA;NA;NA;11;9;"AC";0;0;12
8;2024;"0-12";NA;NA;NA;NA;NA;9;5;"AC";0;0;12
9;2024;"0-12";NA;NA;NA;NA;NA;11;13;"AC";0;0;12
10;2024;"0-12";NA;NA;NA;NA;NA;16;14;"AC";0;0;12
11;2024;"0-12";NA;NA;NA;NA;NA;22;21;"AC";0;0;12
12;2024;"0-12";NA;NA;NA;NA;NA;28;30;"AC";0;0;12
13;2024;"0-12";NA;NA;NA;NA;NA;29;32;"AC";0;0;12
14;2024;"0-12";NA;NA;NA;NA;NA;26;25;"AC";0;0;12
15;2024;"0-12";NA;NA;NA;NA;NA;23;21;"AC";0;0;12
16;2024;"0-12";NA;NA;NA;NA;NA;24;24;"AC";0;0;12
17;2024;"0-12";NA;NA;NA;NA;NA;27;28;"AC";0;0;12
18;2024;"0-12";NA;NA;NA;NA;NA;29;30;"AC";0;0;12
19;2024;"0-12";NA;NA;NA;NA;NA;34;29;"AC";0;0;12
20;2024;"0-12";NA;NA;NA;NA;NA;36;42;"AC";0;0;12
21;2024;"0-12";NA;NA;NA;NA;NA;43;37;"AC";0;0;12
22;2024;"0-12";NA;NA;NA;NA;NA;42;51;"AC";0;0;12
23;2024;"0-12";NA;NA;NA;NA;NA;47;37;"AC";0;0;12
24;2024;"0-12";NA;NA;NA;NA;NA;45;52;"AC";0;0;12
25;2024;"0-12";NA;NA;NA;NA;NA;45;46;"AC";0;0;12
26;2024;"0-12";NA;NA;NA;NA;NA;45;38;"AC";0;0;12
27;2024;"0-12";NA;NA;NA;NA;NA;47;51;"AC";0;0;12
28;2024;"0-12";NA;NA;NA;NA;NA;47;53;"AC";0;0;12
29;2024;"0-12";NA;NA;NA;NA;NA;40;38;"AC";0;0;12
30;2024;"0-12";NA;NA;NA;NA;NA;32;29;"AC";0;0;12
31;2024;"0-12";NA;NA;NA;NA;NA;29;28;"AC";0;0;12
32;2024;"0-12";NA;NA;NA;NA;NA;22;29;"AC";0;0;12
33;2024;"0-12";NA;NA;NA;NA;NA;20;10;"AC";0;0;12
34;2024;"0-12";NA;NA;NA;NA;NA;13;20;"AC";0;0;12
35;2024;"0-12";NA;NA;NA;NA;NA;20;10;"AC";0;0;12
36;2024;"0-12";NA;NA;NA;NA;NA;19;31;"AC";0;0;12
37;2024;"0-12";NA;NA;NA;NA;NA;23;16;"AC";0;0;12
38;2024;"0-12";NA;NA;NA;NA;NA;16;23;"AC";0;0;12
39;2024;"0-12";NA;NA;NA;NA;NA;15;8;"AC";0;0;12
40;2024;"0-12";NA;NA;NA;NA;NA;13;13;"AC";0;0;12
41;2024;"0-12";NA;NA;NA;NA;NA;14;17;"AC";0;0;12
42;2024;"0-12";NA;NA;NA;NA;NA;14;13;"AC";0;0;12
43;2024;"0-12";NA;NA;NA;NA;NA;14;13;"AC";0;0;12
44;2024;"0-12";NA;NA;NA;NA;NA;14;17;"AC";0;0;12
45;2024;"0-12";NA;NA;NA;NA;NA;13;13;"AC";0;0;12
46;2024;"0-12";NA;NA;NA;NA;NA;10;8;"AC";0;0;12
47;2024;"0-12";NA;NA;NA;NA;NA;10;10;"AC";0;0;12
48;2024;"0-12";NA;NA;NA;NA;NA;14;13;"AC";0;0;12
49;2024;"0-12";NA;NA;NA;NA;NA;19;19;"AC";0;0;12
50;2024;"0-12";NA;NA;NA;NA;NA;21;25;"AC";0;0;12
51;2024;"0-12";NA;NA;NA;NA;NA;20;20;"AC";0;0;12
52;2024;"0-12";NA;NA;NA;NA;NA;17;14;"AC";0;0;12
1;2025;"0-12";NA;NA;NA;NA;NA;15;17;"AC";0;0;12
2;2025;"0-12";NA;NA;NA;NA;NA;14;13;"AC";0;0;12
3;2025;"0-12";NA;NA;NA;NA;NA;12;11;"AC";0;0;12
4;2025;"0-12";NA;NA;NA;NA;NA;13;12;"AC";0;0;12
5;2025;"0-12";NA;NA;NA;NA;NA;14;16;"AC";0;0;12
6;2025;"0-12";NA;NA;NA;NA;NA;17;13;"AC";0;0;12
7;2025;"0-12";NA;NA;NA;NA;NA;14;21;"AC";0;0;12
8;2025;"0-12";NA;NA;NA;NA;NA;14;9;"AC";0;0;12
9;2025;"0-12";NA;NA;NA;NA;NA;15;12;"AC";0;0;12
10;2025;"0-12";NA;NA;NA;NA;NA;19;23;"AC";0;0;12
11;2025;"0-12";NA;NA;NA;NA;NA;22;23;"AC";0;0;12
12;2025;"0-12";NA;NA;NA;NA;NA;26;21;"AC";0;0;12
13;2025;"0-12";NA;NA;NA;NA;NA;29;33;"AC";0;0;12
14;2025;"0-12";NA;NA;NA;NA;NA;38;34;"AC";0;0;12
15;2025;"0-12";NA;NA;NA;NA;NA;36;46;"AC";0;0;12
16;2025;"0-12";NA;NA;NA;NA;NA;38;29;"AC";0;0;12
17;2025;"0-12";NA;NA;NA;NA;NA;40;38;"AC";0;0;12
18;2025;"0-12";NA;NA;NA;NA;NA;43;54;"AC";0;0;12
19;2025;"0-12";NA;NA;NA;NA;NA;45;36;"AC";0;0;12
20;2025;"0-12";NA;NA;NA;NA;NA;44;45;"AC";0;0;12
21;2025;"0-12";NA;NA;NA;NA;NA;43;51;"AC";0;0;12
22;2025;"0-12";NA;NA;NA;NA;NA;40;32;"AC";0;0;12
23;2025;"0-12";NA;NA;NA;NA;NA;32;37;"AC";0;0;12
24;2025;"0-12";NA;NA;NA;NA;NA;36;27;"AC";0;0;12
25;2025;"0-12";NA;NA;NA;NA;NA;31;44;"AC";0;0;12
26;2025;"0-12";NA;NA;NA;NA;NA;34;23;"AC";0;0;12
27;2025;"0-12";NA;NA;NA;NA;NA;30;36;"AC";0;0;12
28;2025;"0-12";NA;NA;NA;NA;NA;32;32;"AC";0;0;12
29;2025;"0-12";NA;NA;NA;NA;NA;28;27;"AC";0;0;12
30;2025;"0-12";NA;NA;NA;NA;NA;23;24;"AC";0;0;12
31;2025;"0-12";NA;NA;NA;NA;NA;21;18;"AC";0;0;12
32;2025;"0-12";NA;NA;NA;NA;NA;20;22;"AC";0;0;12
33;2025;"0-12";NA;NA;NA;NA;NA;19;19;"AC";0;0;12
34;2025;"0-12";NA;NA;NA;NA;NA;17;16;"AC";0;0;12
35;2025;"0-12";NA;NA;NA;NA;NA;18;16;"AC";0;0;12
36;2025;"0-12";NA;NA;NA;NA;NA;18;23;"AC";0;0;12
37;2025;"0-12";NA;NA;NA;NA;NA;19;15;"AC";0;0;12
38;2025;"0-12";NA;NA;NA;NA;NA;18;20;"AC";0;0;12
39;2025;"0-12";NA;NA;NA;NA;NA;21;20;"AC";0;0;12
40;2025;"0-12";NA;NA;NA;NA;NA;22;22;"AC";0;0;12
41;2025;"0-12";NA;NA;NA;NA;NA;23;24;"AC";0;0;12
42;2025;"0-12";NA;NA;NA;NA;NA;18;22;"AC";0;0;12
43;2025;"0-12";NA;NA;NA;NA;NA;17;9;"AC";0;0;12
44;2025;"0-12";NA;NA;NA;NA;NA;16;21;"AC";0;0;12
45;2025;"0-12";NA;NA;NA;NA;NA;16;17;"AC";0;0;12
46;2025;"0-12";NA;NA;NA;NA;NA;14;11;"AC";0;0;12
47;2025;"0-12";NA;NA;NA;NA;NA;15;15;"AC";0;0;12
48;2025;"0-12";NA;NA;NA;NA;NA;20;19;"AC";0;0;12
49;2025;"0-12";NA;NA;NA;NA;NA;22;26;"AC";0;0;12
50;2025;"0-12";NA;NA;NA;NA;NA;25;22;"AC";0;0;12
51;2025;"0-12";NA;NA;NA;NA;NA;26;28;"AC";0;0;12
52;2025;"0-12";NA;NA;NA;NA;NA;28;27;"AC";0;0;12
53;2025;"0-12";NA;NA;NA;NA;NA;27;29;"AC";0;0;12
1;2026;"0-12";NA;NA;NA;NA;NA;29;25;"AC";0;0;12
2;2026;"0-12";NA;NA;NA;NA;NA;30;32;"AC";0;0;12
3;2026;"0-12";NA;NA;NA;NA;NA;30;33;"AC";0;0;12
4;2026;"0-12";NA;NA;NA;NA;NA;27;25;"AC";0;0;12
5;2026;"0-12";NA;NA;NA;NA;NA;25;24;"AC";0;0;12
6;2026;"0-12";NA;NA;NA;NA;NA;32;26;"AC";0;0;12
7;2026;"0-12";NA;NA;NA;NA;NA;32;47;"AC";0;0;12
8;2026;"0-12";NA;NA;NA;NA;NA;36;22;"AC";0;0;12
9;2026;"0-12";NA;NA;NA;NA;NA;32;38;"AC";0;0;12
10;2026;"0-12";NA;NA;NA;NA;NA;43;37;"AC";0;0;12
11;2026;"0-12";NA;NA;NA;NA;NA;39;53;"AC";0;0;12
12;2026;"0-12";NA;NA;NA;NA;NA;38;28;"AC";0;0;12
13;2026;"0-12";NA;NA;NA;NA;NA;32;33;"AC";0;0;12
14;2026;"0-12";34;35;34;34;34;36;34;"AC";0;0;12
15;2026;"0-12";40;42;40;41;40;39;40;"AC";0;0;12
16;2026;"0-12";44;47;43;45;43;42;44;"AC";0;0;12
17;2026;"0-12";43;47;41;44;42;40;44;"AC";0;0;12
18;2026;"0-12";32;41;27;35;30;41;27;"AC";0;0;12
19;2026;"0-12";47;76;29;55;41;NA;35;"AC";0;0;12
1;2022;"0-12";NA;NA;NA;NA;NA;NA;15;"AL";0,5;0;27
2;2022;"0-12";NA;NA;NA;NA;NA;9;4;"AL";0,5;0;27
3;2022;"0-12";NA;NA;NA;NA;NA;8;9;"AL";0,5;0;27
4;2022;"0-12";NA;NA;NA;NA;NA;10;12;"AL";0,5;0;27
5;2022;"0-12";NA;NA;NA;NA;NA;10;9;"AL";0,5;0;27
6;2022;"0-12";NA;NA;NA;NA;NA;9;10;"AL";0,5;0;27
7;2022;"0-12";NA;NA;NA;NA;NA;10;8;"AL";0,5;0;27
8;2022;"0-12";NA;NA;NA;NA;NA;12;12;"AL";0,5;0;27
9;2022;"0-12";NA;NA;NA;NA;NA;16;17;"AL";0,5;0;27
10;2022;"0-12";NA;NA;NA;NA;NA;19;20;"AL";0,5;0;27
11;2022;"0-12";NA;NA;NA;NA;NA;18;20;"AL";0,5;0;27
12;2022;"0-12";NA;NA;NA;NA;NA;15;15;"AL";0,5;0;27
13;2022;"0-12";NA;NA;NA;NA;NA;14;11;"AL";0,5;0;27
14;2022;"0-12";NA;NA;NA;NA;NA;17;16;"AL";0,5;0;27
15;2022;"0-12";NA;NA;NA;NA;NA;21;24;"AL";0,5;0;27
16;2022;"0-12";NA;NA;NA;NA;NA;25;22;"AL";0,5;0;27
17;2022;"0-12";NA;NA;NA;NA;NA;23;29;"AL";0,5;0;27
18;2022;"0-12";NA;NA;NA;NA;NA;25;17;"AL";0,5;0;27
19;2022;"0-12";NA;NA;NA;NA;NA;22;30;"AL";0,5;0;27
20;2022;"0-12";NA;NA;NA;NA;NA;25;19;"AL";0,5;0;27
21;2022;"0-12";NA;NA;NA;NA;NA;23;26;"AL";0,5;0;27
22;2022;"0-12";NA;NA;NA;NA;NA;22;25;"AL";0,5;0;27
23;2022;"0-12";NA;NA;NA;NA;NA;19;14;"AL";0,5;0;27
24;2022;"0-12";NA;NA;NA;NA;NA;19;19;"AL";0,5;0;27
25;2022;"0-12";NA;NA;NA;NA;NA;20;23;"AL";0,5;0;27
26;2022;"0-12";NA;NA;NA;NA;NA;17;18;"AL";0,5;0;27
27;2022;"0-12";NA;NA;NA;NA;NA;13;10;"AL";0,5;0;27
28;2022;"0-12";NA;NA;NA;NA;NA;12;10;"AL";0,5;0;27
29;2022;"0-12";NA;NA;NA;NA;NA;13;17;"AL";0,5;0;27
30;2022;"0-12";NA;NA;NA;NA;NA;15;11;"AL";0,5;0;27
31;2022;"0-12";NA;NA;NA;NA;NA;16;17;"AL";0,5;0;27
32;2022;"0-12";NA;NA;NA;NA;NA;16;19;"AL";0,5;0;27
33;2022;"0-12";NA;NA;NA;NA;NA;12;12;"AL";0,5;0;27
34;2022;"0-12";NA;NA;NA;NA;NA;8;6;"AL";0,5;0;27
35;2022;"0-12";NA;NA;NA;NA;NA;5;5;"AL";0,5;0;27
36;2022;"0-12";NA;NA;NA;NA;NA;6;5;"AL";0,5;0;27
37;2022;"0-12";NA;NA;NA;NA;NA;5;8;"AL";0,5;0;27
38;2022;"0-12";NA;NA;NA;NA;NA;6;3;"AL";0,5;0;27
39;2022;"0-12";NA;NA;NA;NA;NA;6;8;"AL";0,5;0;27
40;2022;"0-12";NA;NA;NA;NA;NA;9;7;"AL";0,5;0;27
41;2022;"0-12";NA;NA;NA;NA;NA;9;12;"AL";0,5;0;27
42;2022;"0-12";NA;NA;NA;NA;NA;9;7;"AL";0,5;0;27
43;2022;"0-12";NA;NA;NA;NA;NA;8;8;"AL";0,5;0;27
44;2022;"0-12";NA;NA;NA;NA;NA;7;9;"AL";0,5;0;27
45;2022;"0-12";NA;NA;NA;NA;NA;9;5;"AL";0,5;0;27
46;2022;"0-12";NA;NA;NA;NA;NA;8;12;"AL";0,5;0;27
47;2022;"0-12";NA;NA;NA;NA;NA;9;8;"AL";0,5;0;27
48;2022;"0-12";NA;NA;NA;NA;NA;8;7;"AL";0,5;0;27
49;2022;"0-12";NA;NA;NA;NA;NA;9;8;"AL";0,5;0;27
50;2022;"0-12";NA;NA;NA;NA;NA;9;12;"AL";0,5;0;27
51;2022;"0-12";NA;NA;NA;NA;NA;8;7;"AL";0,5;0;27
52;2022;"0-12";NA;NA;NA;NA;NA;6;6;"AL";0,5;0;27
1;2023;"0-12";NA;NA;NA;NA;NA;4;4;"AL";0,5;0;27
2;2023;"0-12";NA;NA;NA;NA;NA;3;2;"AL";0,5;0;27
3;2023;"0-12";NA;NA;NA;NA;NA;3;2;"AL";0,5;0;27
4;2023;"0-12";NA;NA;NA;NA;NA;5;4;"AL";0,5;0;27
5;2023;"0-12";NA;NA;NA;NA;NA;6;8;"AL";0,5;0;27
6;2023;"0-12";NA;NA;NA;NA;NA;8;6;"AL";0,5;0;27
7;2023;"0-12";NA;NA;NA;NA;NA;8;9;"AL";0,5;0;27
8;2023;"0-12";NA;NA;NA;NA;NA;6;8;"AL";0,5;0;27
9;2023;"0-12";NA;NA;NA;NA;NA;7;2;"AL";0,5;0;27
10;2023;"0-12";NA;NA;NA;NA;NA;7;10;"AL";0,5;0;27
11;2023;"0-12";NA;NA;NA;NA;NA;9;9;"AL";0,5;0;27
12;2023;"0-12";NA;NA;NA;NA;NA;7;9;"AL";0,5;0;27
13;2023;"0-12";NA;NA;NA;NA;NA;9;4;"AL";0,5;0;27
14;2023;"0-12";NA;NA;NA;NA;NA;10;13;"AL";0,5;0;27
15;2023;"0-12";NA;NA;NA;NA;NA;13;13;"AL";0,5;0;27
16;2023;"0-12";NA;NA;NA;NA;NA;13;13;"AL";0,5;0;27
17;2023;"0-12";NA;NA;NA;NA;NA;16;13;"AL";0,5;0;27
18;2023;"0-12";NA;NA;NA;NA;NA;21;23;"AL";0,5;0;27
19;2023;"0-12";NA;NA;NA;NA;NA;29;26;"AL";0,5;0;27
20;2023;"0-12";NA;NA;NA;NA;NA;32;39;"AL";0,5;0;27
21;2023;"0-12";NA;NA;NA;NA;NA;34;31;"AL";0,5;0;27
22;2023;"0-12";NA;NA;NA;NA;NA;29;32;"AL";0,5;0;27
23;2023;"0-12";NA;NA;NA;NA;NA;22;24;"AL";0,5;0;27
24;2023;"0-12";NA;NA;NA;NA;NA;15;9;"AL";0,5;0;27
25;2023;"0-12";NA;NA;NA;NA;NA;10;13;"AL";0,5;0;27
26;2023;"0-12";NA;NA;NA;NA;NA;9;9;"AL";0,5;0;27
27;2023;"0-12";NA;NA;NA;NA;NA;8;5;"AL";0,5;0;27
28;2023;"0-12";NA;NA;NA;NA;NA;7;11;"AL";0,5;0;27
29;2023;"0-12";NA;NA;NA;NA;NA;9;5;"AL";0,5;0;27
30;2023;"0-12";NA;NA;NA;NA;NA;7;11;"AL";0,5;0;27
31;2023;"0-12";NA;NA;NA;NA;NA;7;5;"AL";0,5;0;27
32;2023;"0-12";NA;NA;NA;NA;NA;5;4;"AL";0,5;0;27
33;2023;"0-12";NA;NA;NA;NA;NA;8;7;"AL";0,5;0;27
34;2023;"0-12";NA;NA;NA;NA;NA;11;12;"AL";0,5;0;27
35;2023;"0-12";NA;NA;NA;NA;NA;12;15;"AL";0,5;0;27
36;2023;"0-12";NA;NA;NA;NA;NA;9;9;"AL";0,5;0;27
37;2023;"0-12";NA;NA;NA;NA;NA;9;4;"AL";0,5;0;27
38;2023;"0-12";NA;NA;NA;NA;NA;9;13;"AL";0,5;0;27
39;2023;"0-12";NA;NA;NA;NA;NA;10;11;"AL";0,5;0;27
40;2023;"0-12";NA;NA;NA;NA;NA;8;6;"AL";0,5;0;27
41;2023;"0-12";NA;NA;NA;NA;NA;7;7;"AL";0,5;0;27
42;2023;"0-12";NA;NA;NA;NA;NA;8;7;"AL";0,5;0;27
43;2023;"0-12";NA;NA;NA;NA;NA;8;10;"AL";0,5;0;27
44;2023;"0-12";NA;NA;NA;NA;NA;7;8;"AL";0,5;0;27
45;2023;"0-12";NA;NA;NA;NA;NA;5;3;"AL";0,5;0;27
46;2023;"0-12";NA;NA;NA;NA;NA;4;4;"AL";0,5;0;27
47;2023;"0-12";NA;NA;NA;NA;NA;3;5;"AL";0,5;0;27
48;2023;"0-12";NA;NA;NA;NA;NA;3;1;"AL";0,5;0;27
49;2023;"0-12";NA;NA;NA;NA;NA;5;2;"AL";0,5;0;27
50;2023;"0-12";NA;NA;NA;NA;NA;5;11;"AL";0,5;0;27
51;2023;"0-12";NA;NA;NA;NA;NA;6;2;"AL";0,5;0;27
52;2023;"0-12";NA;NA;NA;NA;NA;5;4;"AL";0,5;0;27
1;2024;"0-12";NA;NA;NA;NA;NA;5;9;"AL";0,5;0;27
2;2024;"0-12";NA;NA;NA;NA;NA;4;3;"AL";0,5;0;27
3;2024;"0-12";NA;NA;NA;NA;NA;2;1;"AL";0,5;0;27
4;2024;"0-12";NA;NA;NA;NA;NA;2;3;"AL";0,5;0;27
5;2024;"0-12";NA;NA;NA;NA;NA;2;2;"AL";0,5;0;27
6;2024;"0-12";NA;NA;NA;NA;NA;2;1;"AL";0,5;0;27
7;2024;"0-12";NA;NA;NA;NA;NA;2;2;"AL";0,5;0;27
8;2024;"0-12";NA;NA;NA;NA;NA;6;3;"AL";0,5;0;27
9;2024;"0-12";NA;NA;NA;NA;NA;9;12;"AL";0,5;0;27
10;2024;"0-12";NA;NA;NA;NA;NA;12;12;"AL";0,5;0;27
11;2024;"0-12";NA;NA;NA;NA;NA;14;12;"AL";0,5;0;27
12;2024;"0-12";NA;NA;NA;NA;NA;13;17;"AL";0,5;0;27
13;2024;"0-12";NA;NA;NA;NA;NA;14;10;"AL";0,5;0;27
14;2024;"0-12";NA;NA;NA;NA;NA;13;15;"AL";0,5;0;27
15;2024;"0-12";NA;NA;NA;NA;NA;17;14;"AL";0,5;0;27
16;2024;"0-12";NA;NA;NA;NA;NA;22;21;"AL";0,5;0;27
17;2024;"0-12";NA;NA;NA;NA;NA;28;31;"AL";0,5;0;27
18;2024;"0-12";NA;NA;NA;NA;NA;29;32;"AL";0,5;0;27
19;2024;"0-12";NA;NA;NA;NA;NA;26;23;"AL";0,5;0;27
20;2024;"0-12";NA;NA;NA;NA;NA;23;22;"AL";0,5;0;27
21;2024;"0-12";NA;NA;NA;NA;NA;21;23;"AL";0,5;0;27
22;2024;"0-12";NA;NA;NA;NA;NA;17;18;"AL";0,5;0;27
23;2024;"0-12";NA;NA;NA;NA;NA;14;9;"AL";0,5;0;27
24;2024;"0-12";NA;NA;NA;NA;NA;13;15;"AL";0,5;0;27
25;2024;"0-12";NA;NA;NA;NA;NA;15;14;"AL";0,5;0;27
26;2024;"0-12";NA;NA;NA;NA;NA;11;15;"AL";0,5;0;27
27;2024;"0-12";NA;NA;NA;NA;NA;9;4;"AL";0,5;0;27
28;2024;"0-12";NA;NA;NA;NA;NA;8;8;"AL";0,5;0;27
29;2024;"0-12";NA;NA;NA;NA;NA;9;11;"AL";0,5;0;27
30;2024;"0-12";NA;NA;NA;NA;NA;8;7;"AL";0,5;0;27
31;2024;"0-12";NA;NA;NA;NA;NA;7;6;"AL";0,5;0;27
32;2024;"0-12";NA;NA;NA;NA;NA;7;9;"AL";0,5;0;27
33;2024;"0-12";NA;NA;NA;NA;NA;7;5;"AL";0,5;0;27
34;2024;"0-12";NA;NA;NA;NA;NA;6;7;"AL";0,5;0;27
35;2024;"0-12";NA;NA;NA;NA;NA;5;6;"AL";0,5;0;27
36;2024;"0-12";NA;NA;NA;NA;NA;5;3;"AL";0,5;0;27
37;2024;"0-12";NA;NA;NA;NA;NA;6;5;"AL";0,5;0;27
38;2024;"0-12";NA;NA;NA;NA;NA;8;10;"AL";0,5;0;27
39;2024;"0-12";NA;NA;NA;NA;NA;9;10;"AL";0,5;0;27
40;2024;"0-12";NA;NA;NA;NA;NA;8;6;"AL";0,5;0;27
41;2024;"0-12";NA;NA;NA;NA;NA;7;7;"AL";0,5;0;27
42;2024;"0-12";NA;NA;NA;NA;NA;8;7;"AL";0,5;0;27
43;2024;"0-12";NA;NA;NA;NA;NA;7;9;"AL";0,5;0;27
44;2024;"0-12";NA;NA;NA;NA;NA;7;4;"AL";0,5;0;27
45;2024;"0-12";NA;NA;NA;NA;NA;5;8;"AL";0,5;0;27
46;2024;"0-12";NA;NA;NA;NA;NA;5;4;"AL";0,5;0;27
47;2024;"0-12";NA;NA;NA;NA;NA;3;3;"AL";0,5;0;27
48;2024;"0-12";NA;NA;NA;NA;NA;3;2;"AL";0,5;0;27
49;2024;"0-12";NA;NA;NA;NA;NA;3;4;"AL";0,5;0;27
50;2024;"0-12";NA;NA;NA;NA;NA;3;3;"AL";0,5;0;27
51;2024;"0-12";NA;NA;NA;NA;NA;2;2;"AL";0,5;0;27
52;2024;"0-12";NA;NA;NA;NA;NA;3;2;"AL";0,5;0;27
1;2025;"0-12";NA;NA;NA;NA;NA;3;4;"AL";0,5;0;27
2;2025;"0-12";NA;NA;NA;NA;NA;4;3;"AL";0,5;0;27
3;2025;"0-12";NA;NA;NA;NA;NA;4;5;"AL";0,5;0;27
4;2025;"0-12";NA;NA;NA;NA;NA;5;5;"AL";0,5;0;27
5;2025;"0-12";NA;NA;NA;NA;NA;5;4;"AL";0,5;0;27
6;2025;"0-12";NA;NA;NA;NA;NA;4;5;"AL";0,5;0;27
7;2025;"0-12";NA;NA;NA;NA;NA;5;4;"AL";0,5;0;27
8;2025;"0-12";NA;NA;NA;NA;NA;6;7;"AL";0,5;0;27
9;2025;"0-12";NA;NA;NA;NA;NA;6;8;"AL";0,5;0;27
10;2025;"0-12";NA;NA;NA;NA;NA;5;3;"AL";0,5;0;27
11;2025;"0-12";NA;NA;NA;NA;NA;4;3;"AL";0,5;0;27
12;2025;"0-12";NA;NA;NA;NA;NA;5;5;"AL";0,5;0;27
13;2025;"0-12";NA;NA;NA;NA;NA;6;8;"AL";0,5;0;27
14;2025;"0-12";NA;NA;NA;NA;NA;6;4;"AL";0,5;0;27
15;2025;"0-12";NA;NA;NA;NA;NA;5;6;"AL";0,5;0;27
16;2025;"0-12";NA;NA;NA;NA;NA;5;6;"AL";0,5;0;27
17;2025;"0-12";NA;NA;NA;NA;NA;5;3;"AL";0,5;0;27
18;2025;"0-12";NA;NA;NA;NA;NA;5;6;"AL";0,5;0;27
19;2025;"0-12";NA;NA;NA;NA;NA;7;7;"AL";0,5;0;27
20;2025;"0-12";NA;NA;NA;NA;NA;11;8;"AL";0,5;0;27
21;2025;"0-12";NA;NA;NA;NA;NA;14;19;"AL";0,5;0;27
22;2025;"0-12";NA;NA;NA;NA;NA;23;14;"AL";0,5;0;27
23;2025;"0-12";NA;NA;NA;NA;NA;24;37;"AL";0,5;0;27
24;2025;"0-12";NA;NA;NA;NA;NA;24;22;"AL";0,5;0;27
25;2025;"0-12";NA;NA;NA;NA;NA;19;14;"AL";0,5;0;27
26;2025;"0-12";NA;NA;NA;NA;NA;20;22;"AL";0,5;0;27
27;2025;"0-12";NA;NA;NA;NA;NA;20;24;"AL";0,5;0;27
28;2025;"0-12";NA;NA;NA;NA;NA;19;15;"AL";0,5;0;27
29;2025;"0-12";NA;NA;NA;NA;NA;18;19;"AL";0,5;0;27
30;2025;"0-12";NA;NA;NA;NA;NA;18;19;"AL";0,5;0;27
31;2025;"0-12";NA;NA;NA;NA;NA;20;17;"AL";0,5;0;27
32;2025;"0-12";NA;NA;NA;NA;NA;20;23;"AL";0,5;0;27
33;2025;"0-12";NA;NA;NA;NA;NA;21;19;"AL";0,5;0;27
34;2025;"0-12";NA;NA;NA;NA;NA;19;20;"AL";0,5;0;27
35;2025;"0-12";NA;NA;NA;NA;NA;20;18;"AL";0,5;0;27
36;2025;"0-12";NA;NA;NA;NA;NA;18;23;"AL";0,5;0;27
37;2025;"0-12";NA;NA;NA;NA;NA;16;14;"AL";0,5;0;27
38;2025;"0-12";NA;NA;NA;NA;NA;13;11;"AL";0,5;0;27
39;2025;"0-12";NA;NA;NA;NA;NA;10;13;"AL";0,5;0;27
40;2025;"0-12";NA;NA;NA;NA;NA;10;7;"AL";0,5;0;27
41;2025;"0-12";NA;NA;NA;NA;NA;8;11;"AL";0,5;0;27
42;2025;"0-12";NA;NA;NA;NA;NA;11;6;"AL";0,5;0;27
43;2025;"0-12";NA;NA;NA;NA;NA;11;16;"AL";0,5;0;27
44;2025;"0-12";NA;NA;NA;NA;NA;10;10;"AL";0,5;0;27
45;2025;"0-12";NA;NA;NA;NA;NA;8;5;"AL";0,5;0;27
46;2025;"0-12";NA;NA;NA;NA;NA;6;9;"AL";0,5;0;27
47;2025;"0-12";NA;NA;NA;NA;NA;5;4;"AL";0,5;0;27
48;2025;"0-12";NA;NA;NA;NA;NA;3;3;"AL";0,5;0;27
49;2025;"0-12";NA;NA;NA;NA;NA;3;1;"AL";0,5;0;27
50;2025;"0-12";NA;NA;NA;NA;NA;3;5;"AL";0,5;0;27
51;2025;"0-12";NA;NA;NA;NA;NA;4;3;"AL";0,5;0;27
52;2025;"0-12";NA;NA;NA;NA;NA;4;5;"AL";0,5;0;27
53;2025;"0-12";NA;NA;NA;NA;NA;4;3;"AL";0,5;0;27
2;2026;"0-12";NA;NA;NA;NA;NA;4;4;"AL";0,5;0;27
3;2026;"0-12";NA;NA;NA;NA;NA;4;4;"AL";0,5;0;27
4;2026;"0-12";NA;NA;NA;NA;NA;5;3;"AL";0,5;0;27
5;2026;"0-12";NA;NA;NA;NA;NA;4;7;"AL";0,5;0;27
6;2026;"0-12";NA;NA;NA;NA;NA;5;2;"AL";0,5;0;27
7;2026;"0-12";NA;NA;NA;NA;NA;6;6;"AL";0,5;0;27
8;2026;"0-12";NA;NA;NA;NA;NA;14;9;"AL";0,5;0;27
9;2026;"0-12";NA;NA;NA;NA;NA;21;27;"AL";0,5;0;27
10;2026;"0-12";NA;NA;NA;NA;NA;24;27;"AL";0,5;0;27
11;2026;"0-12";NA;NA;NA;NA;NA;23;19;"AL";0,5;0;27
12;2026;"0-12";NA;NA;NA;NA;NA;19;22;"AL";0,5;0;27
13;2026;"0-12";NA;NA;NA;NA;NA;26;17;"AL";0,5;0;27
14;2026;"0-12";39;41;39;39;39;28;39;"AL";0,5;0;27
15;2026;"0-12";28;30;28;28;28;32;28;"AL";0,5;0;27
16;2026;"0-12";29;32;29;30;29;26;29;"AL";0,5;0;27
17;2026;"0-12";21;24;19;22;20;28;20;"AL";0,5;0;27
18;2026;"0-12";33;38;29;34;32;32;31;"AL";0,5;0;27
19;2026;"0-12";41;62;27;47;35;NA;38;"AL";0,5;0;27
1;2022;"0-12";NA;NA;NA;NA;NA;NA;28;"AM";0;1;13
2;2022;"0-12";NA;NA;NA;NA;NA;30;33;"AM";0;1;13
3;2022;"0-12";NA;NA;NA;NA;NA;27;29;"AM";0;1;13
4;2022;"0-12";NA;NA;NA;NA;NA;22;20;"AM";0;1;13
5;2022;"0-12";NA;NA;NA;NA;NA;16;16;"AM";0;1;13
6;2022;"0-12";NA;NA;NA;NA;NA;17;12;"AM";0;1;13
7;2022;"0-12";NA;NA;NA;NA;NA;18;22;"AM";0;1;13
8;2022;"0-12";NA;NA;NA;NA;NA;25;19;"AM";0;1;13
9;2022;"0-12";NA;NA;NA;NA;NA;24;34;"AM";0;1;13
10;2022;"0-12";NA;NA;NA;NA;NA;32;20;"AM";0;1;13
11;2022;"0-12";NA;NA;NA;NA;NA;30;43;"AM";0;1;13
12;2022;"0-12";NA;NA;NA;NA;NA;30;26;"AM";0;1;13
13;2022;"0-12";NA;NA;NA;NA;NA;22;21;"AM";0;1;13
14;2022;"0-12";NA;NA;NA;NA;NA;25;20;"AM";0;1;13
15;2022;"0-12";NA;NA;NA;NA;NA;29;33;"AM";0;1;13
16;2022;"0-12";NA;NA;NA;NA;NA;33;34;"AM";0;1;13
17;2022;"0-12";NA;NA;NA;NA;NA;36;32;"AM";0;1;13
18;2022;"0-12";NA;NA;NA;NA;NA;37;41;"AM";0;1;13
19;2022;"0-12";NA;NA;NA;NA;NA;47;38;"AM";0;1;13
20;2022;"0-12";NA;NA;NA;NA;NA;45;61;"AM";0;1;13
21;2022;"0-12";NA;NA;NA;NA;NA;45;36;"AM";0;1;13
22;2022;"0-12";NA;NA;NA;NA;NA;39;37;"AM";0;1;13
23;2022;"0-12";NA;NA;NA;NA;NA;39;44;"AM";0;1;13
24;2022;"0-12";NA;NA;NA;NA;NA;42;36;"AM";0;1;13
25;2022;"0-12";NA;NA;NA;NA;NA;42;46;"AM";0;1;13
26;2022;"0-12";NA;NA;NA;NA;NA;43;44;"AM";0;1;13
27;2022;"0-12";NA;NA;NA;NA;NA;39;38;"AM";0;1;13
28;2022;"0-12";NA;NA;NA;NA;NA;38;35;"AM";0;1;13
29;2022;"0-12";NA;NA;NA;NA;NA;34;41;"AM";0;1;13
30;2022;"0-12";NA;NA;NA;NA;NA;32;26;"AM";0;1;13
31;2022;"0-12";NA;NA;NA;NA;NA;25;28;"AM";0;1;13
32;2022;"0-12";NA;NA;NA;NA;NA;24;20;"AM";0;1;13
33;2022;"0-12";NA;NA;NA;NA;NA;19;24;"AM";0;1;13
34;2022;"0-12";NA;NA;NA;NA;NA;21;12;"AM";0;1;13
35;2022;"0-12";NA;NA;NA;NA;NA;19;26;"AM";0;1;13
36;2022;"0-12";NA;NA;NA;NA;NA;20;18;"AM";0;1;13
37;2022;"0-12";NA;NA;NA;NA;NA;17;16;"AM";0;1;13
38;2022;"0-12";NA;NA;NA;NA;NA;16;18;"AM";0;1;13
39;2022;"0-12";NA;NA;NA;NA;NA;15;15;"AM";0;1;13
40;2022;"0-12";NA;NA;NA;NA;NA;14;12;"AM";0;1;13
41;2022;"0-12";NA;NA;NA;NA;NA;12;14;"AM";0;1;13
42;2022;"0-12";NA;NA;NA;NA;NA;11;9;"AM";0;1;13
43;2022;"0-12";NA;NA;NA;NA;NA;11;10;"AM";0;1;13
44;2022;"0-12";NA;NA;NA;NA;NA;11;15;"AM";0;1;13
45;2022;"0-12";NA;NA;NA;NA;NA;13;8;"AM";0;1;13
46;2022;"0-12";NA;NA;NA;NA;NA;14;15;"AM";0;1;13
47;2022;"0-12";NA;NA;NA;NA;NA;14;18;"AM";0;1;13
48;2022;"0-12";NA;NA;NA;NA;NA;13;9;"AM";0;1;13
49;2022;"0-12";NA;NA;NA;NA;NA;10;11;"AM";0;1;13
50;2022;"0-12";NA;NA;NA;NA;NA;11;11;"AM";0;1;13
51;2022;"0-12";NA;NA;NA;NA;NA;12;12;"AM";0;1;13
52;2022;"0-12";NA;NA;NA;NA;NA;11;12;"AM";0;1;13
1;2023;"0-12";NA;NA;NA;NA;NA;9;9;"AM";0;1;13
2;2023;"0-12";NA;NA;NA;NA;NA;9;6;"AM";0;1;13
3;2023;"0-12";NA;NA;NA;NA;NA;9;13;"AM";0;1;13
4;2023;"0-12";NA;NA;NA;NA;NA;13;9;"AM";0;1;13
5;2023;"0-12";NA;NA;NA;NA;NA;13;16;"AM";0;1;13
6;2023;"0-12";NA;NA;NA;NA;NA;19;14;"AM";0;1;13
7;2023;"0-12";NA;NA;NA;NA;NA;23;28;"AM";0;1;13
8;2023;"0-12";NA;NA;NA;NA;NA;25;28;"AM";0;1;13
9;2023;"0-12";NA;NA;NA;NA;NA;21;19;"AM";0;1;13
10;2023;"0-12";NA;NA;NA;NA;NA;23;17;"AM";0;1;13
11;2023;"0-12";NA;NA;NA;NA;NA;29;33;"AM";0;1;13
12;2023;"0-12";NA;NA;NA;NA;NA;33;37;"AM";0;1;13
13;2023;"0-12";NA;NA;NA;NA;NA;34;30;"AM";0;1;13
14;2023;"0-12";NA;NA;NA;NA;NA;37;35;"AM";0;1;13
15;2023;"0-12";NA;NA;NA;NA;NA;40;45;"AM";0;1;13
16;2023;"0-12";NA;NA;NA;NA;NA;42;40;"AM";0;1;13
17;2023;"0-12";NA;NA;NA;NA;NA;55;40;"AM";0;1;13
18;2023;"0-12";NA;NA;NA;NA;NA;71;84;"AM";0;1;13
19;2023;"0-12";NA;NA;NA;NA;NA;92;88;"AM";0;1;13
20;2023;"0-12";NA;NA;NA;NA;NA;101;105;"AM";0;1;13
21;2023;"0-12";NA;NA;NA;NA;NA;112;110;"AM";0;1;13
22;2023;"0-12";NA;NA;NA;NA;NA;119;120;"AM";0;1;13
23;2023;"0-12";NA;NA;NA;NA;NA;118;127;"AM";0;1;13
24;2023;"0-12";NA;NA;NA;NA;NA;110;107;"AM";0;1;13
25;2023;"0-12";NA;NA;NA;NA;NA;94;95;"AM";0;1;13
26;2023;"0-12";NA;NA;NA;NA;NA;74;80;"AM";0;1;13
27;2023;"0-12";NA;NA;NA;NA;NA;56;47;"AM";0;1;13
28;2023;"0-12";NA;NA;NA;NA;NA;42;41;"AM";0;1;13
29;2023;"0-12";NA;NA;NA;NA;NA;37;39;"AM";0;1;13
30;2023;"0-12";NA;NA;NA;NA;NA;34;31;"AM";0;1;13
31;2023;"0-12";NA;NA;NA;NA;NA;32;31;"AM";0;1;13
32;2023;"0-12";NA;NA;NA;NA;NA;29;35;"AM";0;1;13
33;2023;"0-12";NA;NA;NA;NA;NA;33;22;"AM";0;1;13
34;2023;"0-12";NA;NA;NA;NA;NA;28;43;"AM";0;1;13
35;2023;"0-12";NA;NA;NA;NA;NA;27;18;"AM";0;1;13
36;2023;"0-12";NA;NA;NA;NA;NA;22;21;"AM";0;1;13
37;2023;"0-12";NA;NA;NA;NA;NA;23;27;"AM";0;1;13
38;2023;"0-12";NA;NA;NA;NA;NA;21;22;"AM";0;1;13
39;2023;"0-12";NA;NA;NA;NA;NA;19;13;"AM";0;1;13
40;2023;"0-12";NA;NA;NA;NA;NA;15;21;"AM";0;1;13
41;2023;"0-12";NA;NA;NA;NA;NA;17;12;"AM";0;1;13
42;2023;"0-12";NA;NA;NA;NA;NA;17;17;"AM";0;1;13
43;2023;"0-12";NA;NA;NA;NA;NA;18;22;"AM";0;1;13
44;2023;"0-12";NA;NA;NA;NA;NA;20;16;"AM";0;1;13
45;2023;"0-12";NA;NA;NA;NA;NA;18;21;"AM";0;1;13
46;2023;"0-12";NA;NA;NA;NA;NA;18;18;"AM";0;1;13
47;2023;"0-12";NA;NA;NA;NA;NA;15;14;"AM";0;1;13
48;2023;"0-12";NA;NA;NA;NA;NA;14;13;"AM";0;1;13
49;2023;"0-12";NA;NA;NA;NA;NA;15;16;"AM";0;1;13
50;2023;"0-12";NA;NA;NA;NA;NA;13;17;"AM";0;1;13
51;2023;"0-12";NA;NA;NA;NA;NA;10;5;"AM";0;1;13
52;2023;"0-12";NA;NA;NA;NA;NA;8;9;"AM";0;1;13
1;2024;"0-12";NA;NA;NA;NA;NA;10;9;"AM";0;1;13
2;2024;"0-12";NA;NA;NA;NA;NA;10;11;"AM";0;1;13
3;2024;"0-12";NA;NA;NA;NA;NA;14;11;"AM";0;1;13
4;2024;"0-12";NA;NA;NA;NA;NA;16;21;"AM";0;1;13
5;2024;"0-12";NA;NA;NA;NA;NA;15;16;"AM";0;1;13
6;2024;"0-12";NA;NA;NA;NA;NA;13;9;"AM";0;1;13
7;2024;"0-12";NA;NA;NA;NA;NA;13;13;"AM";0;1;13
8;2024;"0-12";NA;NA;NA;NA;NA;19;16;"AM";0;1;13
9;2024;"0-12";NA;NA;NA;NA;NA;24;27;"AM";0;1;13
10;2024;"0-12";NA;NA;NA;NA;NA;31;29;"AM";0;1;13
11;2024;"0-12";NA;NA;NA;NA;NA;36;38;"AM";0;1;13
12;2024;"0-12";NA;NA;NA;NA;NA;35;40;"AM";0;1;13
13;2024;"0-12";NA;NA;NA;NA;NA;37;26;"AM";0;1;13
14;2024;"0-12";NA;NA;NA;NA;NA;45;45;"AM";0;1;13
15;2024;"0-12";NA;NA;NA;NA;NA;62;64;"AM";0;1;13
16;2024;"0-12";NA;NA;NA;NA;NA;72;77;"AM";0;1;13
17;2024;"0-12";NA;NA;NA;NA;NA;70;76;"AM";0;1;13
18;2024;"0-12";NA;NA;NA;NA;NA;68;58;"AM";0;1;13
19;2024;"0-12";NA;NA;NA;NA;NA;70;70;"AM";0;1;13
20;2024;"0-12";NA;NA;NA;NA;NA;89;82;"AM";0;1;13
21;2024;"0-12";NA;NA;NA;NA;NA;92;115;"AM";0;1;13
22;2024;"0-12";NA;NA;NA;NA;NA;88;78;"AM";0;1;13
23;2024;"0-12";NA;NA;NA;NA;NA;79;72;"AM";0;1;13
24;2024;"0-12";NA;NA;NA;NA;NA;79;88;"AM";0;1;13
25;2024;"0-12";NA;NA;NA;NA;NA;75;78;"AM";0;1;13
26;2024;"0-12";NA;NA;NA;NA;NA;61;59;"AM";0;1;13
27;2024;"0-12";NA;NA;NA;NA;NA;48;47;"AM";0;1;13
28;2024;"0-12";NA;NA;NA;NA;NA;38;37;"AM";0;1;13
29;2024;"0-12";NA;NA;NA;NA;NA;34;31;"AM";0;1;13
30;2024;"0-12";NA;NA;NA;NA;NA;33;34;"AM";0;1;13
31;2024;"0-12";NA;NA;NA;NA;NA;33;33;"AM";0;1;13
32;2024;"0-12";NA;NA;NA;NA;NA;31;33;"AM";0;1;13
33;2024;"0-12";NA;NA;NA;NA;NA;29;27;"AM";0;1;13
34;2024;"0-12";NA;NA;NA;NA;NA;28;27;"AM";0;1;13
35;2024;"0-12";NA;NA;NA;NA;NA;29;31;"AM";0;1;13
36;2024;"0-12";NA;NA;NA;NA;NA;27;29;"AM";0;1;13
37;2024;"0-12";NA;NA;NA;NA;NA;26;20;"AM";0;1;13
38;2024;"0-12";NA;NA;NA;NA;NA;24;29;"AM";0;1;13
39;2024;"0-12";NA;NA;NA;NA;NA;27;24;"AM";0;1;13
40;2024;"0-12";NA;NA;NA;NA;NA;23;28;"AM";0;1;13
41;2024;"0-12";NA;NA;NA;NA;NA;24;18;"AM";0;1;13
42;2024;"0-12";NA;NA;NA;NA;NA;28;27;"AM";0;1;13
43;2024;"0-12";NA;NA;NA;NA;NA;32;40;"AM";0;1;13
44;2024;"0-12";NA;NA;NA;NA;NA;31;28;"AM";0;1;13
45;2024;"0-12";NA;NA;NA;NA;NA;28;25;"AM";0;1;13
46;2024;"0-12";NA;NA;NA;NA;NA;31;31;"AM";0;1;13
47;2024;"0-12";NA;NA;NA;NA;NA;29;36;"AM";0;1;13
48;2024;"0-12";NA;NA;NA;NA;NA;27;20;"AM";0;1;13
49;2024;"0-12";NA;NA;NA;NA;NA;24;25;"AM";0;1;13
50;2024;"0-12";NA;NA;NA;NA;NA;23;27;"AM";0;1;13
51;2024;"0-12";NA;NA;NA;NA;NA;21;17;"AM";0;1;13
52;2024;"0-12";NA;NA;NA;NA;NA;22;18;"AM";0;1;13
1;2025;"0-12";NA;NA;NA;NA;NA;27;30;"AM";0;1;13
2;2025;"0-12";NA;NA;NA;NA;NA;32;32;"AM";0;1;13
3;2025;"0-12";NA;NA;NA;NA;NA;33;35;"AM";0;1;13
4;2025;"0-12";NA;NA;NA;NA;NA;31;31;"AM";0;1;13
5;2025;"0-12";NA;NA;NA;NA;NA;27;26;"AM";0;1;13
6;2025;"0-12";NA;NA;NA;NA;NA;22;25;"AM";0;1;13
7;2025;"0-12";NA;NA;NA;NA;NA;22;15;"AM";0;1;13
8;2025;"0-12";NA;NA;NA;NA;NA;23;26;"AM";0;1;13
9;2025;"0-12";NA;NA;NA;NA;NA;26;29;"AM";0;1;13
10;2025;"0-12";NA;NA;NA;NA;NA;28;24;"AM";0;1;13
11;2025;"0-12";NA;NA;NA;NA;NA;27;30;"AM";0;1;13
12;2025;"0-12";NA;NA;NA;NA;NA;27;26;"AM";0;1;13
13;2025;"0-12";NA;NA;NA;NA;NA;27;25;"AM";0;1;13
14;2025;"0-12";NA;NA;NA;NA;NA;33;31;"AM";0;1;13
15;2025;"0-12";NA;NA;NA;NA;NA;31;44;"AM";0;1;13
16;2025;"0-12";NA;NA;NA;NA;NA;32;17;"AM";0;1;13
17;2025;"0-12";NA;NA;NA;NA;NA;30;36;"AM";0;1;13
18;2025;"0-12";NA;NA;NA;NA;NA;35;37;"AM";0;1;13
19;2025;"0-12";NA;NA;NA;NA;NA;38;32;"AM";0;1;13
20;2025;"0-12";NA;NA;NA;NA;NA;39;46;"AM";0;1;13
21;2025;"0-12";NA;NA;NA;NA;NA;46;38;"AM";0;1;13
22;2025;"0-12";NA;NA;NA;NA;NA;53;53;"AM";0;1;13
23;2025;"0-12";NA;NA;NA;NA;NA;59;68;"AM";0;1;13
24;2025;"0-12";NA;NA;NA;NA;NA;57;55;"AM";0;1;13
25;2025;"0-12";NA;NA;NA;NA;NA;52;47;"AM";0;1;13
26;2025;"0-12";NA;NA;NA;NA;NA;51;55;"AM";0;1;13
27;2025;"0-12";NA;NA;NA;NA;NA;55;51;"AM";0;1;13
28;2025;"0-12";NA;NA;NA;NA;NA;57;58;"AM";0;1;13
29;2025;"0-12";NA;NA;NA;NA;NA;61;62;"AM";0;1;13
30;2025;"0-12";NA;NA;NA;NA;NA;62;63;"AM";0;1;13
31;2025;"0-12";NA;NA;NA;NA;NA;61;61;"AM";0;1;13
32;2025;"0-12";NA;NA;NA;NA;NA;62;58;"AM";0;1;13
33;2025;"0-12";NA;NA;NA;NA;NA;67;68;"AM";0;1;13
34;2025;"0-12";NA;NA;NA;NA;NA;69;76;"AM";0;1;13
35;2025;"0-12";NA;NA;NA;NA;NA;68;64;"AM";0;1;13
36;2025;"0-12";NA;NA;NA;NA;NA;68;63;"AM";0;1;13
37;2025;"0-12";NA;NA;NA;NA;NA;75;78;"AM";0;1;13
38;2025;"0-12";NA;NA;NA;NA;NA;71;85;"AM";0;1;13
39;2025;"0-12";NA;NA;NA;NA;NA;64;50;"AM";0;1;13
40;2025;"0-12";NA;NA;NA;NA;NA;52;58;"AM";0;1;13
41;2025;"0-12";NA;NA;NA;NA;NA;47;48;"AM";0;1;13
42;2025;"0-12";NA;NA;NA;NA;NA;39;34;"AM";0;1;13
43;2025;"0-12";NA;NA;NA;NA;NA;34;36;"AM";0;1;13
44;2025;"0-12";NA;NA;NA;NA;NA;39;33;"AM";0;1;13
45;2025;"0-12";NA;NA;NA;NA;NA;39;47;"AM";0;1;13
46;2025;"0-12";NA;NA;NA;NA;NA;40;36;"AM";0;1;13
47;2025;"0-12";NA;NA;NA;NA;NA;40;37;"AM";0;1;13
48;2025;"0-12";NA;NA;NA;NA;NA;38;46;"AM";0;1;13
49;2025;"0-12";NA;NA;NA;NA;NA;39;31;"AM";0;1;13
50;2025;"0-12";NA;NA;NA;NA;NA;32;41;"AM";0;1;13
51;2025;"0-12";NA;NA;NA;NA;NA;29;25;"AM";0;1;13
52;2025;"0-12";NA;NA;NA;NA;NA;27;20;"AM";0;1;13
53;2025;"0-12";NA;NA;NA;NA;NA;36;37;"AM";0;1;13
1;2026;"0-12";NA;NA;NA;NA;NA;42;51;"AM";0;1;13
2;2026;"0-12";NA;NA;NA;NA;NA;45;39;"AM";0;1;13
3;2026;"0-12";NA;NA;NA;NA;NA;37;45;"AM";0;1;13
4;2026;"0-12";NA;NA;NA;NA;NA;40;28;"AM";0;1;13
5;2026;"0-12";47;47;47;47;47;41;47;"AM";0;1;13
6;2026;"0-12";49;50;49;49;49;52;49;"AM";0;1;13
7;2026;"0-12";59;60;59;59;59;55;59;"AM";0;1;13
8;2026;"0-12";57;58;57;57;57;58;57;"AM";0;1;13
9;2026;"0-12";58;59;58;58;58;62;58;"AM";0;1;13
10;2026;"0-12";72;74;72;72;72;64;72;"AM";0;1;13
11;2026;"0-12";62;64,025;62;63;62;63;62;"AM";0;1;13
12;2026;"0-12";54;56;53;54;53;55;53;"AM";0;1;13
13;2026;"0-12";50;53;49;51;49;54;49;"AM";0;1;13
14;2026;"0-12";59;62,025;57;60;58;60;57;"AM";0;1;13
15;2026;"0-12";70;75;67;72;69;70;67;"AM";0;1;13
16;2026;"0-12";79,5;86;75;82;78;76;75;"AM";0;1;13
17;2026;"0-12";79;89;72;82;76;78;69;"AM";0;1;13
18;2026;"0-12";77;95;65;82;73;83;63;"AM";0;1;13
19;2026;"0-12";92;164,025;55;112;77;NA;58;"AM";0;1;13
1;2022;"0-12";NA;NA;NA;NA;NA;NA;7;"AP";0;0,5;16
2;2022;"0-12";NA;NA;NA;NA;NA;6;6;"AP";0;0,5;16
3;2022;"0-12";NA;NA;NA;NA;NA;6;6;"AP";0;0,5;16
4;2022;"0-12";NA;NA;NA;NA;NA;5;5;"AP";0;0,5;16
5;2022;"0-12";NA;NA;NA;NA;NA;4;3;"AP";0;0,5;16
6;2022;"0-12";NA;NA;NA;NA;NA;3;3;"AP";0;0,5;16
7;2022;"0-12";NA;NA;NA;NA;NA;3;3;"AP";0;0,5;16
8;2022;"0-12";NA;NA;NA;NA;NA;3;3;"AP";0;0,5;16
9;2022;"0-12";NA;NA;NA;NA;NA;3;4;"AP";0;0,5;16
10;2022;"0-12";NA;NA;NA;NA;NA;3;2;"AP";0;0,5;16
11;2022;"0-12";NA;NA;NA;NA;NA;6;4;"AP";0;0,5;16
12;2022;"0-12";NA;NA;NA;NA;NA;8;11;"AP";0;0,5;16
13;2022;"0-12";NA;NA;NA;NA;NA;10;10;"AP";0;0,5;16
14;2022;"0-12";NA;NA;NA;NA;NA;9;10;"AP";0;0,5;16
15;2022;"0-12";NA;NA;NA;NA;NA;9;8;"AP";0;0,5;16
16;2022;"0-12";NA;NA;NA;NA;NA;10;10;"AP";0;0,5;16
17;2022;"0-12";NA;NA;NA;NA;NA;11;12;"AP";0;0,5;16
18;2022;"0-12";NA;NA;NA;NA;NA;13;11;"AP";0;0,5;16
19;2022;"0-12";NA;NA;NA;NA;NA;13;16;"AP";0;0,5;16
20;2022;"0-12";NA;NA;NA;NA;NA;13;12;"AP";0;0,5;16
21;2022;"0-12";NA;NA;NA;NA;NA;13;12;"AP";0;0,5;16
22;2022;"0-12";NA;NA;NA;NA;NA;14;14;"AP";0;0,5;16
23;2022;"0-12";NA;NA;NA;NA;NA;13;16;"AP";0;0,5;16
24;2022;"0-12";NA;NA;NA;NA;NA;13;9;"AP";0;0,5;16
25;2022;"0-12";NA;NA;NA;NA;NA;10;14;"AP";0;0,5;16
26;2022;"0-12";NA;NA;NA;NA;NA;10;8;"AP";0;0,5;16
27;2022;"0-12";NA;NA;NA;NA;NA;8;8;"AP";0;0,5;16
28;2022;"0-12";NA;NA;NA;NA;NA;8;9;"AP";0;0,5;16
29;2022;"0-12";NA;NA;NA;NA;NA;8;8;"AP";0;0,5;16
30;2022;"0-12";NA;NA;NA;NA;NA;7;7;"AP";0;0,5;16
31;2022;"0-12";NA;NA;NA;NA;NA;6;6;"AP";0;0,5;16
32;2022;"0-12";NA;NA;NA;NA;NA;5;4;"AP";0;0,5;16
33;2022;"0-12";NA;NA;NA;NA;NA;4;5;"AP";0;0,5;16
34;2022;"0-12";NA;NA;NA;NA;NA;4;2;"AP";0;0,5;16
35;2022;"0-12";NA;NA;NA;NA;NA;5;6;"AP";0;0,5;16
36;2022;"0-12";NA;NA;NA;NA;NA;6;6;"AP";0;0,5;16
37;2022;"0-12";NA;NA;NA;NA;NA;5;6;"AP";0;0,5;16
38;2022;"0-12";NA;NA;NA;NA;NA;5;4;"AP";0;0,5;16
39;2022;"0-12";NA;NA;NA;NA;NA;4;6;"AP";0;0,5;16
40;2022;"0-12";NA;NA;NA;NA;NA;5;3;"AP";0;0,5;16
41;2022;"0-12";NA;NA;NA;NA;NA;6;7;"AP";0;0,5;16
42;2022;"0-12";NA;NA;NA;NA;NA;6;8;"AP";0;0,5;16
43;2022;"0-12";NA;NA;NA;NA;NA;5;4;"AP";0;0,5;16
45;2022;"0-12";NA;NA;NA;NA;NA;4;2;"AP";0;0,5;16
46;2022;"0-12";NA;NA;NA;NA;NA;3;5;"AP";0;0,5;16
47;2022;"0-12";NA;NA;NA;NA;NA;3;1;"AP";0;0,5;16
48;2022;"0-12";NA;NA;NA;NA;NA;2;2;"AP";0;0,5;16
49;2022;"0-12";NA;NA;NA;NA;NA;2;2;"AP";0;0,5;16
52;2022;"0-12";NA;NA;NA;NA;NA;2;2;"AP";0;0,5;16
1;2023;"0-12";NA;NA;NA;NA;NA;3;3;"AP";0;0,5;16
3;2023;"0-12";NA;NA;NA;NA;NA;4;5;"AP";0;0,5;16
4;2023;"0-12";NA;NA;NA;NA;NA;5;5;"AP";0;0,5;16
5;2023;"0-12";NA;NA;NA;NA;NA;4;4;"AP";0;0,5;16
6;2023;"0-12";NA;NA;NA;NA;NA;5;3;"AP";0;0,5;16
8;2023;"0-12";NA;NA;NA;NA;NA;6;9;"AP";0;0,5;16
9;2023;"0-12";NA;NA;NA;NA;NA;11;7;"AP";0;0,5;16
10;2023;"0-12";NA;NA;NA;NA;NA;17;16;"AP";0;0,5;16
11;2023;"0-12";NA;NA;NA;NA;NA;22;27;"AP";0;0,5;16
12;2023;"0-12";NA;NA;NA;NA;NA;21;24;"AP";0;0,5;16
13;2023;"0-12";NA;NA;NA;NA;NA;17;13;"AP";0;0,5;16
14;2023;"0-12";NA;NA;NA;NA;NA;16;13;"AP";0;0,5;16
15;2023;"0-12";NA;NA;NA;NA;NA;25;22;"AP";0;0,5;16
16;2023;"0-12";NA;NA;NA;NA;NA;33;39;"AP";0;0,5;16
17;2023;"0-12";NA;NA;NA;NA;NA;48;38;"AP";0;0,5;16
18;2023;"0-12";NA;NA;NA;NA;NA;69;67;"AP";0;0,5;16
19;2023;"0-12";NA;NA;NA;NA;NA;110;102;"AP";0;0,5;16
20;2023;"0-12";NA;NA;NA;NA;NA;129;161;"AP";0;0,5;16
21;2023;"0-12";NA;NA;NA;NA;NA;135;124;"AP";0;0,5;16
22;2023;"0-12";NA;NA;NA;NA;NA;127;119;"AP";0;0,5;16
23;2023;"0-12";NA;NA;NA;NA;NA;121;137;"AP";0;0,5;16
24;2023;"0-12";NA;NA;NA;NA;NA;119;107;"AP";0;0,5;16
25;2023;"0-12";NA;NA;NA;NA;NA;110;113;"AP";0;0,5;16
26;2023;"0-12";NA;NA;NA;NA;NA;103;109;"AP";0;0,5;16
27;2023;"0-12";NA;NA;NA;NA;NA;87;87;"AP";0;0,5;16
28;2023;"0-12";NA;NA;NA;NA;NA;64;65;"AP";0;0,5;16
29;2023;"0-12";NA;NA;NA;NA;NA;49;40;"AP";0;0,5;16
30;2023;"0-12";NA;NA;NA;NA;NA;41;43;"AP";0;0,5;16
31;2023;"0-12";NA;NA;NA;NA;NA;39;39;"AP";0;0,5;16
32;2023;"0-12";NA;NA;NA;NA;NA;38;35;"AP";0;0,5;16
33;2023;"0-12";NA;NA;NA;NA;NA;39;39;"AP";0;0,5;16
34;2023;"0-12";NA;NA;NA;NA;NA;39;43;"AP";0;0,5;16
35;2023;"0-12";NA;NA;NA;NA;NA;37;35;"AP";0;0,5;16
36;2023;"0-12";NA;NA;NA;NA;NA;32;32;"AP";0;0,5;16
37;2023;"0-12";NA;NA;NA;NA;NA;30;29;"AP";0;0,5;16
38;2023;"0-12";NA;NA;NA;NA;NA;30;28;"AP";0;0,5;16
39;2023;"0-12";NA;NA;NA;NA;NA;32;33;"AP";0;0,5;16
40;2023;"0-12";NA;NA;NA;NA;NA;34;34;"AP";0;0,5;16
41;2023;"0-12";NA;NA;NA;NA;NA;32;34;"AP";0;0,5;16
42;2023;"0-12";NA;NA;NA;NA;NA;29;28;"AP";0;0,5;16
43;2023;"0-12";NA;NA;NA;NA;NA;24;24;"AP";0;0,5;16
44;2023;"0-12";NA;NA;NA;NA;NA;25;21;"AP";0;0,5;16
45;2023;"0-12";NA;NA;NA;NA;NA;29;29;"AP";0;0,5;16
46;2023;"0-12";NA;NA;NA;NA;NA;33;37;"AP";0;0,5;16
47;2023;"0-12";NA;NA;NA;NA;NA;29;33;"AP";0;0,5;16
48;2023;"0-12";NA;NA;NA;NA;NA;26;16;"AP";0;0,5;16
49;2023;"0-12";NA;NA;NA;NA;NA;28;30;"AP";0;0,5;16
50;2023;"0-12";NA;NA;NA;NA;NA;30;37;"AP";0;0,5;16
51;2023;"0-12";NA;NA;NA;NA;NA;28;22;"AP";0;0,5;16
52;2023;"0-12";NA;NA;NA;NA;NA;28;25;"AP";0;0,5;16
1;2024;"0-12";NA;NA;NA;NA;NA;30;36;"AP";0;0,5;16
2;2024;"0-12";NA;NA;NA;NA;NA;32;28;"AP";0;0,5;16
3;2024;"0-12";NA;NA;NA;NA;NA;26;31;"AP";0;0,5;16
4;2024;"0-12";NA;NA;NA;NA;NA;25;20;"AP";0;0,5;16
5;2024;"0-12";NA;NA;NA;NA;NA;20;23;"AP";0;0,5;16
6;2024;"0-12";NA;NA;NA;NA;NA;25;18;"AP";0;0,5;16
7;2024;"0-12";NA;NA;NA;NA;NA;26;34;"AP";0;0,5;16
8;2024;"0-12";NA;NA;NA;NA;NA;33;26;"AP";0;0,5;16
9;2024;"0-12";NA;NA;NA;NA;NA;37;38;"AP";0;0,5;16
10;2024;"0-12";NA;NA;NA;NA;NA;48;48;"AP";0;0,5;16
11;2024;"0-12";NA;NA;NA;NA;NA;47;59;"AP";0;0,5;16
12;2024;"0-12";NA;NA;NA;NA;NA;43;33;"AP";0;0,5;16
13;2024;"0-12";NA;NA;NA;NA;NA;36;37;"AP";0;0,5;16
14;2024;"0-12";NA;NA;NA;NA;NA;41;38;"AP";0;0,5;16
15;2024;"0-12";NA;NA;NA;NA;NA;44;49;"AP";0;0,5;16
16;2024;"0-12";NA;NA;NA;NA;NA;42;45;"AP";0;0,5;16
17;2024;"0-12";NA;NA;NA;NA;NA;44;32;"AP";0;0,5;16
18;2024;"0-12";NA;NA;NA;NA;NA;44;55;"AP";0;0,5;16
19;2024;"0-12";NA;NA;NA;NA;NA;49;46;"AP";0;0,5;16
20;2024;"0-12";NA;NA;NA;NA;NA;47;45;"AP";0;0,5;16
21;2024;"0-12";NA;NA;NA;NA;NA;54;51;"AP";0;0,5;16
22;2024;"0-12";NA;NA;NA;NA;NA;55;67;"AP";0;0,5;16
23;2024;"0-12";NA;NA;NA;NA;NA;53;48;"AP";0;0,5;16
24;2024;"0-12";NA;NA;NA;NA;NA;51;43;"AP";0;0,5;16
25;2024;"0-12";NA;NA;NA;NA;NA;53;63;"AP";0;0,5;16
26;2024;"0-12";NA;NA;NA;NA;NA;54;52;"AP";0;0,5;16
27;2024;"0-12";NA;NA;NA;NA;NA;48;47;"AP";0;0,5;16
28;2024;"0-12";NA;NA;NA;NA;NA;41;46;"AP";0;0,5;16
29;2024;"0-12";NA;NA;NA;NA;NA;34;31;"AP";0;0,5;16
30;2024;"0-12";NA;NA;NA;NA;NA;27;26;"AP";0;0,5;16
31;2024;"0-12";NA;NA;NA;NA;NA;22;23;"AP";0;0,5;16
32;2024;"0-12";NA;NA;NA;NA;NA;22;18;"AP";0;0,5;16
33;2024;"0-12";NA;NA;NA;NA;NA;24;25;"AP";0;0,5;16
34;2024;"0-12";NA;NA;NA;NA;NA;26;29;"AP";0;0,5;16
35;2024;"0-12";NA;NA;NA;NA;NA;28;25;"AP";0;0,5;16
36;2024;"0-12";NA;NA;NA;NA;NA;27;30;"AP";0;0,5;16
37;2024;"0-12";NA;NA;NA;NA;NA;28;25;"AP";0;0,5;16
38;2024;"0-12";NA;NA;NA;NA;NA;24;28;"AP";0;0,5;16
39;2024;"0-12";NA;NA;NA;NA;NA;23;18;"AP";0;0,5;16
40;2024;"0-12";NA;NA;NA;NA;NA;21;23;"AP";0;0,5;16
41;2024;"0-12";NA;NA;NA;NA;NA;21;21;"AP";0;0,5;16
42;2024;"0-12";NA;NA;NA;NA;NA;21;18;"AP";0;0,5;16
43;2024;"0-12";NA;NA;NA;NA;NA;27;24;"AP";0;0,5;16
44;2024;"0-12";NA;NA;NA;NA;NA;28;40;"AP";0;0,5;16
45;2024;"0-12";NA;NA;NA;NA;NA;28;20;"AP";0;0,5;16
46;2024;"0-12";NA;NA;NA;NA;NA;20;25;"AP";0;0,5;16
47;2024;"0-12";NA;NA;NA;NA;NA;23;16;"AP";0;0,5;16
48;2024;"0-12";NA;NA;NA;NA;NA;24;27;"AP";0;0,5;16
49;2024;"0-12";NA;NA;NA;NA;NA;25;29;"AP";0;0,5;16
50;2024;"0-12";NA;NA;NA;NA;NA;20;18;"AP";0;0,5;16
51;2024;"0-12";NA;NA;NA;NA;NA;15;13;"AP";0;0,5;16
52;2024;"0-12";NA;NA;NA;NA;NA;16;15;"AP";0;0,5;16
1;2025;"0-12";NA;NA;NA;NA;NA;17;19;"AP";0;0,5;16
2;2025;"0-12";NA;NA;NA;NA;NA;16;16;"AP";0;0,5;16
3;2025;"0-12";NA;NA;NA;NA;NA;15;13;"AP";0;0,5;16
4;2025;"0-12";NA;NA;NA;NA;NA;16;16;"AP";0;0,5;16
5;2025;"0-12";NA;NA;NA;NA;NA;17;18;"AP";0;0,5;16
6;2025;"0-12";NA;NA;NA;NA;NA;19;16;"AP";0;0,5;16
7;2025;"0-12";NA;NA;NA;NA;NA;20;24;"AP";0;0,5;16
8;2025;"0-12";NA;NA;NA;NA;NA;28;19;"AP";0;0,5;16
9;2025;"0-12";NA;NA;NA;NA;NA;28;40;"AP";0;0,5;16
10;2025;"0-12";NA;NA;NA;NA;NA;37;25;"AP";0;0,5;16
11;2025;"0-12";NA;NA;NA;NA;NA;37;47;"AP";0;0,5;16
12;2025;"0-12";NA;NA;NA;NA;NA;42;40;"AP";0;0,5;16
13;2025;"0-12";NA;NA;NA;NA;NA;42;38;"AP";0;0,5;16
14;2025;"0-12";NA;NA;NA;NA;NA;46;49;"AP";0;0,5;16
15;2025;"0-12";NA;NA;NA;NA;NA;51;50;"AP";0;0,5;16
16;2025;"0-12";NA;NA;NA;NA;NA;55;53;"AP";0;0,5;16
17;2025;"0-12";NA;NA;NA;NA;NA;55;61;"AP";0;0,5;16
18;2025;"0-12";NA;NA;NA;NA;NA;62;50;"AP";0;0,5;16
19;2025;"0-12";NA;NA;NA;NA;NA;67;75;"AP";0;0,5;16
20;2025;"0-12";NA;NA;NA;NA;NA;82;77;"AP";0;0,5;16
21;2025;"0-12";NA;NA;NA;NA;NA;82;94;"AP";0;0,5;16
22;2025;"0-12";NA;NA;NA;NA;NA;85;75;"AP";0;0,5;16
23;2025;"0-12";NA;NA;NA;NA;NA;73;85;"AP";0;0,5;16
24;2025;"0-12";NA;NA;NA;NA;NA;68;60;"AP";0;0,5;16
25;2025;"0-12";NA;NA;NA;NA;NA;60;60;"AP";0;0,5;16
26;2025;"0-12";NA;NA;NA;NA;NA;61;59;"AP";0;0,5;16
27;2025;"0-12";NA;NA;NA;NA;NA;53;65;"AP";0;0,5;16
28;2025;"0-12";NA;NA;NA;NA;NA;42;36;"AP";0;0,5;16
29;2025;"0-12";NA;NA;NA;NA;NA;29;25;"AP";0;0,5;16
30;2025;"0-12";NA;NA;NA;NA;NA;24;25;"AP";0;0,5;16
31;2025;"0-12";NA;NA;NA;NA;NA;25;21;"AP";0;0,5;16
32;2025;"0-12";NA;NA;NA;NA;NA;26;30;"AP";0;0,5;16
33;2025;"0-12";NA;NA;NA;NA;NA;31;26;"AP";0;0,5;16
34;2025;"0-12";NA;NA;NA;NA;NA;29;37;"AP";0;0,5;16
35;2025;"0-12";NA;NA;NA;NA;NA;26;24;"AP";0;0,5;16
36;2025;"0-12";NA;NA;NA;NA;NA;21;18;"AP";0;0,5;16
37;2025;"0-12";NA;NA;NA;NA;NA;21;21;"AP";0;0,5;16
38;2025;"0-12";NA;NA;NA;NA;NA;22;25;"AP";0;0,5;16
39;2025;"0-12";NA;NA;NA;NA;NA;25;19;"AP";0;0,5;16
40;2025;"0-12";NA;NA;NA;NA;NA;25;32;"AP";0;0,5;16
41;2025;"0-12";NA;NA;NA;NA;NA;28;25;"AP";0;0,5;16
42;2025;"0-12";NA;NA;NA;NA;NA;26;27;"AP";0;0,5;16
43;2025;"0-12";NA;NA;NA;NA;NA;26;27;"AP";0;0,5;16
44;2025;"0-12";NA;NA;NA;NA;NA;27;24;"AP";0;0,5;16
45;2025;"0-12";NA;NA;NA;NA;NA;25;30;"AP";0;0,5;16
46;2025;"0-12";NA;NA;NA;NA;NA;25;22;"AP";0;0,5;16
47;2025;"0-12";NA;NA;NA;NA;NA;19;22;"AP";0;0,5;16
48;2025;"0-12";NA;NA;NA;NA;NA;19;13;"AP";0;0,5;16
49;2025;"0-12";NA;NA;NA;NA;NA;17;23;"AP";0;0,5;16
50;2025;"0-12";NA;NA;NA;NA;NA;18;16;"AP";0;0,5;16
51;2025;"0-12";NA;NA;NA;NA;NA;15;16;"AP";0;0,5;16
52;2025;"0-12";NA;NA;NA;NA;NA;14;13;"AP";0;0,5;16
53;2025;"0-12";NA;NA;NA;NA;NA;15;14;"AP";0;0,5;16
1;2026;"0-12";NA;NA;NA;NA;NA;16;18;"AP";0;0,5;16
2;2026;"0-12";NA;NA;NA;NA;NA;17;16;"AP";0;0,5;16
3;2026;"0-12";NA;NA;NA;NA;NA;16;18;"AP";0;0,5;16
4;2026;"0-12";NA;NA;NA;NA;NA;16;13;"AP";0;0,5;16
5;2026;"0-12";NA;NA;NA;NA;NA;16;17;"AP";0;0,5;16
6;2026;"0-12";NA;NA;NA;NA;NA;26;19;"AP";0;0,5;16
7;2026;"0-12";NA;NA;NA;NA;NA;32;41;"AP";0;0,5;16
8;2026;"0-12";NA;NA;NA;NA;NA;41;36;"AP";0;0,5;16
9;2026;"0-12";NA;NA;NA;NA;NA;42;47;"AP";0;0,5;16
10;2026;"0-12";NA;NA;NA;NA;NA;41;44;"AP";0;0,5;16
11;2026;"0-12";32;33;32;32;32;34;32;"AP";0;0,5;16
12;2026;"0-12";26;27;26;26;26;28;26;"AP";0;0,5;16
13;2026;"0-12";27;28;27;27;27;31;27;"AP";0;0,5;16
14;2026;"0-12";39;41;39;39;39;36;40;"AP";0;0,5;16
15;2026;"0-12";41;43;40;41;40;39;45;"AP";0;0,5;16
16;2026;"0-12";36;42;33;37;34;41;47;"AP";0;0,5;16
17;2026;"0-12";47;57;41;50;45;48;41;"AP";0;0,5;16
18;2026;"0-12";62;76;52;66;58;51;54;"AP";0;0,5;16
19;2026;"0-12";43;90;21;57;34;NA;47;"AP";0;0,5;16
1;2022;"0-12";NA;NA;NA;NA;NA;NA;85;"BA";0;0,5;29
2;2022;"0-12";NA;NA;NA;NA;NA;70;64;"BA";0;0,5;29
3;2022;"0-12";NA;NA;NA;NA;NA;62;60;"BA";0;0,5;29
4;2022;"0-12";NA;NA;NA;NA;NA;56;62;"BA";0;0,5;29
5;2022;"0-12";NA;NA;NA;NA;NA;50;47;"BA";0;0,5;29
6;2022;"0-12";NA;NA;NA;NA;NA;52;40;"BA";0;0,5;29
7;2022;"0-12";NA;NA;NA;NA;NA;62;70;"BA";0;0,5;29
8;2022;"0-12";NA;NA;NA;NA;NA;78;76;"BA";0;0,5;29
9;2022;"0-12";NA;NA;NA;NA;NA;101;87;"BA";0;0,5;29
10;2022;"0-12";NA;NA;NA;NA;NA;124;139;"BA";0;0,5;29
11;2022;"0-12";NA;NA;NA;NA;NA;137;147;"BA";0;0,5;29
12;2022;"0-12";NA;NA;NA;NA;NA;148;125;"BA";0;0,5;29
13;2022;"0-12";NA;NA;NA;NA;NA;150;172;"BA";0;0,5;29
14;2022;"0-12";NA;NA;NA;NA;NA;155;152;"BA";0;0,5;29
15;2022;"0-12";NA;NA;NA;NA;NA;131;140;"BA";0;0,5;29
16;2022;"0-12";NA;NA;NA;NA;NA;119;100;"BA";0;0,5;29
17;2022;"0-12";NA;NA;NA;NA;NA;120;117;"BA";0;0,5;29
18;2022;"0-12";NA;NA;NA;NA;NA;135;142;"BA";0;0,5;29
19;2022;"0-12";NA;NA;NA;NA;NA;136;147;"BA";0;0,5;29
20;2022;"0-12";NA;NA;NA;NA;NA;127;119;"BA";0;0,5;29
21;2022;"0-12";NA;NA;NA;NA;NA;112;114;"BA";0;0,5;29
22;2022;"0-12";NA;NA;NA;NA;NA;106;102;"BA";0;0,5;29
23;2022;"0-12";NA;NA;NA;NA;NA;96;101;"BA";0;0,5;29
24;2022;"0-12";NA;NA;NA;NA;NA;89;85;"BA";0;0,5;29
25;2022;"0-12";NA;NA;NA;NA;NA;82;80;"BA";0;0,5;29
26;2022;"0-12";NA;NA;NA;NA;NA;74;80;"BA";0;0,5;29
27;2022;"0-12";NA;NA;NA;NA;NA;65;62;"BA";0;0,5;29
28;2022;"0-12";NA;NA;NA;NA;NA;60;53;"BA";0;0,5;29
29;2022;"0-12";NA;NA;NA;NA;NA;67;65;"BA";0;0,5;29
30;2022;"0-12";NA;NA;NA;NA;NA;71;83;"BA";0;0,5;29
31;2022;"0-12";NA;NA;NA;NA;NA;74;65;"BA";0;0,5;29
32;2022;"0-12";NA;NA;NA;NA;NA;69;74;"BA";0;0,5;29
33;2022;"0-12";NA;NA;NA;NA;NA;74;67;"BA";0;0,5;29
34;2022;"0-12";NA;NA;NA;NA;NA;73;82;"BA";0;0,5;29
35;2022;"0-12";NA;NA;NA;NA;NA;69;70;"BA";0;0,5;29
36;2022;"0-12";NA;NA;NA;NA;NA;64;56;"BA";0;0,5;29
37;2022;"0-12";NA;NA;NA;NA;NA;61;67;"BA";0;0,5;29
38;2022;"0-12";NA;NA;NA;NA;NA;58;59;"BA";0;0,5;29
39;2022;"0-12";NA;NA;NA;NA;NA;54;48;"BA";0;0,5;29
40;2022;"0-12";NA;NA;NA;NA;NA;56;54;"BA";0;0,5;29
41;2022;"0-12";NA;NA;NA;NA;NA;65;66;"BA";0;0,5;29
42;2022;"0-12";NA;NA;NA;NA;NA;65;74;"BA";0;0,5;29
43;2022;"0-12";NA;NA;NA;NA;NA;63;54;"BA";0;0,5;29
44;2022;"0-12";NA;NA;NA;NA;NA;63;62;"BA";0;0,5;29
45;2022;"0-12";NA;NA;NA;NA;NA;68;73;"BA";0;0,5;29
46;2022;"0-12";NA;NA;NA;NA;NA;68;70;"BA";0;0,5;29
47;2022;"0-12";NA;NA;NA;NA;NA;65;62;"BA";0;0,5;29
48;2022;"0-12";NA;NA;NA;NA;NA;61;63;"BA";0;0,5;29
49;2022;"0-12";NA;NA;NA;NA;NA;56;58;"BA";0;0,5;29
50;2022;"0-12";NA;NA;NA;NA;NA;50;46;"BA";0;0,5;29
51;2022;"0-12";NA;NA;NA;NA;NA;42;46;"BA";0;0,5;29
52;2022;"0-12";NA;NA;NA;NA;NA;39;35;"BA";0;0,5;29
1;2023;"0-12";NA;NA;NA;NA;NA;32;36;"BA";0;0,5;29
2;2023;"0-12";NA;NA;NA;NA;NA;30;24;"BA";0;0,5;29
3;2023;"0-12";NA;NA;NA;NA;NA;28;30;"BA";0;0,5;29
4;2023;"0-12";NA;NA;NA;NA;NA;33;29;"BA";0;0,5;29
5;2023;"0-12";NA;NA;NA;NA;NA;44;40;"BA";0;0,5;29
6;2023;"0-12";NA;NA;NA;NA;NA;57;64;"BA";0;0,5;29
7;2023;"0-12";NA;NA;NA;NA;NA;61;68;"BA";0;0,5;29
8;2023;"0-12";NA;NA;NA;NA;NA;60;51;"BA";0;0,5;29
9;2023;"0-12";NA;NA;NA;NA;NA;72;62;"BA";0;0,5;29
10;2023;"0-12";NA;NA;NA;NA;NA;100;102;"BA";0;0,5;29
11;2023;"0-12";NA;NA;NA;NA;NA;128;137;"BA";0;0,5;29
12;2023;"0-12";NA;NA;NA;NA;NA;142;145;"BA";0;0,5;29
13;2023;"0-12";NA;NA;NA;NA;NA;145;143;"BA";0;0,5;29
14;2023;"0-12";NA;NA;NA;NA;NA;154;147;"BA";0;0,5;29
15;2023;"0-12";NA;NA;NA;NA;NA;164;171;"BA";0;0,5;29
16;2023;"0-12";NA;NA;NA;NA;NA;174;173;"BA";0;0,5;29
17;2023;"0-12";NA;NA;NA;NA;NA;196;177;"BA";0;0,5;29
18;2023;"0-12";NA;NA;NA;NA;NA;219;238;"BA";0;0,5;29
19;2023;"0-12";NA;NA;NA;NA;NA;249;242;"BA";0;0,5;29
20;2023;"0-12";NA;NA;NA;NA;NA;246;268;"BA";0;0,5;29
21;2023;"0-12";NA;NA;NA;NA;NA;256;229;"BA";0;0,5;29
22;2023;"0-12";NA;NA;NA;NA;NA;226;272;"BA";0;0,5;29
23;2023;"0-12";NA;NA;NA;NA;NA;207;177;"BA";0;0,5;29
24;2023;"0-12";NA;NA;NA;NA;NA;175;173;"BA";0;0,5;29
25;2023;"0-12";NA;NA;NA;NA;NA;167;176;"BA";0;0,5;29
26;2023;"0-12";NA;NA;NA;NA;NA;153;151;"BA";0;0,5;29
27;2023;"0-12";NA;NA;NA;NA;NA;139;131;"BA";0;0,5;29
28;2023;"0-12";NA;NA;NA;NA;NA;134;136;"BA";0;0,5;29
29;2023;"0-12";NA;NA;NA;NA;NA;129;135;"BA";0;0,5;29
30;2023;"0-12";NA;NA;NA;NA;NA;123;117;"BA";0;0,5;29
31;2023;"0-12";NA;NA;NA;NA;NA;117;117;"BA";0;0,5;29
32;2023;"0-12";NA;NA;NA;NA;NA;116;117;"BA";0;0,5;29
33;2023;"0-12";NA;NA;NA;NA;NA;123;114;"BA";0;0,5;29
34;2023;"0-12";NA;NA;NA;NA;NA;134;139;"BA";0;0,5;29
35;2023;"0-12";NA;NA;NA;NA;NA;132;150;"BA";0;0,5;29
36;2023;"0-12";NA;NA;NA;NA;NA;128;108;"BA";0;0,5;29
37;2023;"0-12";NA;NA;NA;NA;NA;118;125;"BA";0;0,5;29
38;2023;"0-12";NA;NA;NA;NA;NA;117;122;"BA";0;0,5;29
39;2023;"0-12";NA;NA;NA;NA;NA;114;105;"BA";0;0,5;29
40;2023;"0-12";NA;NA;NA;NA;NA;110;115;"BA";0;0,5;29
41;2023;"0-12";NA;NA;NA;NA;NA;118;111;"BA";0;0,5;29
42;2023;"0-12";NA;NA;NA;NA;NA;117;127;"BA";0;0,5;29
43;2023;"0-12";NA;NA;NA;NA;NA;113;113;"BA";0;0,5;29
44;2023;"0-12";NA;NA;NA;NA;NA;106;99;"BA";0;0,5;29
45;2023;"0-12";NA;NA;NA;NA;NA;102;106;"BA";0;0,5;29
46;2023;"0-12";NA;NA;NA;NA;NA;101;101;"BA";0;0,5;29
47;2023;"0-12";NA;NA;NA;NA;NA;95;95;"BA";0;0,5;29
48;2023;"0-12";NA;NA;NA;NA;NA;88;88;"BA";0;0,5;29
49;2023;"0-12";NA;NA;NA;NA;NA;82;80;"BA";0;0,5;29
50;2023;"0-12";NA;NA;NA;NA;NA;72;78;"BA";0;0,5;29
51;2023;"0-12";NA;NA;NA;NA;NA;61;58;"BA";0;0,5;29
52;2023;"0-12";NA;NA;NA;NA;NA;46;46;"BA";0;0,5;29
1;2024;"0-12";NA;NA;NA;NA;NA;41;35;"BA";0;0,5;29
2;2024;"0-12";NA;NA;NA;NA;NA;38;43;"BA";0;0,5;29
3;2024;"0-12";NA;NA;NA;NA;NA;36;36;"BA";0;0,5;29
4;2024;"0-12";NA;NA;NA;NA;NA;30;30;"BA";0;0,5;29
5;2024;"0-12";NA;NA;NA;NA;NA;30;23;"BA";0;0,5;29
6;2024;"0-12";NA;NA;NA;NA;NA;38;38;"BA";0;0,5;29
7;2024;"0-12";NA;NA;NA;NA;NA;57;54;"BA";0;0,5;29
8;2024;"0-12";NA;NA;NA;NA;NA;82;80;"BA";0;0,5;29
9;2024;"0-12";NA;NA;NA;NA;NA;110;113;"BA";0;0,5;29
10;2024;"0-12";NA;NA;NA;NA;NA;139;137;"BA";0;0,5;29
11;2024;"0-12";NA;NA;NA;NA;NA;156;168;"BA";0;0,5;29
12;2024;"0-12";NA;NA;NA;NA;NA;171;163;"BA";0;0,5;29
13;2024;"0-12";NA;NA;NA;NA;NA;189;183;"BA";0;0,5;29
14;2024;"0-12";NA;NA;NA;NA;NA;217;220;"BA";0;0,5;29
15;2024;"0-12";NA;NA;NA;NA;NA;239;249;"BA";0;0,5;29
16;2024;"0-12";NA;NA;NA;NA;NA;251;247;"BA";0;0,5;29
17;2024;"0-12";NA;NA;NA;NA;NA;239;256;"BA";0;0,5;29
18;2024;"0-12";NA;NA;NA;NA;NA;223;214;"BA";0;0,5;29
19;2024;"0-12";NA;NA;NA;NA;NA;209;200;"BA";0;0,5;29
20;2024;"0-12";NA;NA;NA;NA;NA;211;213;"BA";0;0,5;29
21;2024;"0-12";NA;NA;NA;NA;NA;200;221;"BA";0;0,5;29
22;2024;"0-12";NA;NA;NA;NA;NA;179;166;"BA";0;0,5;29
23;2024;"0-12";NA;NA;NA;NA;NA;154;149;"BA";0;0,5;29
24;2024;"0-12";NA;NA;NA;NA;NA;146;146;"BA";0;0,5;29
25;2024;"0-12";NA;NA;NA;NA;NA;140;143;"BA";0;0,5;29
26;2024;"0-12";NA;NA;NA;NA;NA;132;131;"BA";0;0,5;29
27;2024;"0-12";NA;NA;NA;NA;NA;127;122;"BA";0;0,5;29
28;2024;"0-12";NA;NA;NA;NA;NA;132;128;"BA";0;0,5;29
29;2024;"0-12";NA;NA;NA;NA;NA;143;146;"BA";0;0,5;29
30;2024;"0-12";NA;NA;NA;NA;NA;154;154;"BA";0;0,5;29
31;2024;"0-12";NA;NA;NA;NA;NA;157;161;"BA";0;0,5;29
32;2024;"0-12";NA;NA;NA;NA;NA;158;155;"BA";0;0,5;29
33;2024;"0-12";NA;NA;NA;NA;NA;152;157;"BA";0;0,5;29
34;2024;"0-12";NA;NA;NA;NA;NA;139;143;"BA";0;0,5;29
35;2024;"0-12";NA;NA;NA;NA;NA;132;118;"BA";0;0,5;29
36;2024;"0-12";NA;NA;NA;NA;NA;124;134;"BA";0;0,5;29
37;2024;"0-12";NA;NA;NA;NA;NA;125;120;"BA";0;0,5;29
38;2024;"0-12";NA;NA;NA;NA;NA;117;121;"BA";0;0,5;29
39;2024;"0-12";NA;NA;NA;NA;NA;120;109;"BA";0;0,5;29
40;2024;"0-12";NA;NA;NA;NA;NA;113;129;"BA";0;0,5;29
41;2024;"0-12";NA;NA;NA;NA;NA;111;100;"BA";0;0,5;29
42;2024;"0-12";NA;NA;NA;NA;NA;102;103;"BA";0;0,5;29
43;2024;"0-12";NA;NA;NA;NA;NA;101;104;"BA";0;0,5;29
44;2024;"0-12";NA;NA;NA;NA;NA;101;95;"BA";0;0,5;29
45;2024;"0-12";NA;NA;NA;NA;NA;96;105;"BA";0;0,5;29
46;2024;"0-12";NA;NA;NA;NA;NA;95;87;"BA";0;0,5;29
47;2024;"0-12";NA;NA;NA;NA;NA;84;92;"BA";0;0,5;29
48;2024;"0-12";NA;NA;NA;NA;NA;86;72;"BA";0;0,5;29
49;2024;"0-12";NA;NA;NA;NA;NA;82;95;"BA";0;0,5;29
50;2024;"0-12";NA;NA;NA;NA;NA;76;79;"BA";0;0,5;29
51;2024;"0-12";NA;NA;NA;NA;NA;63;53;"BA";0;0,5;29
52;2024;"0-12";NA;NA;NA;NA;NA;50;56;"BA";0;0,5;29
1;2025;"0-12";NA;NA;NA;NA;NA;48;41;"BA";0;0,5;29
2;2025;"0-12";NA;NA;NA;NA;NA;41;46;"BA";0;0,5;29
3;2025;"0-12";NA;NA;NA;NA;NA;41;36;"BA";0;0,5;29
4;2025;"0-12";NA;NA;NA;NA;NA;39;41;"BA";0;0,5;29
5;2025;"0-12";NA;NA;NA;NA;NA;41;40;"BA";0;0,5;29
6;2025;"0-12";NA;NA;NA;NA;NA;46;42;"BA";0;0,5;29
7;2025;"0-12";NA;NA;NA;NA;NA;57;56;"BA";0;0,5;29
8;2025;"0-12";NA;NA;NA;NA;NA;68;74;"BA";0;0,5;29
9;2025;"0-12";NA;NA;NA;NA;NA;79;73;"BA";0;0,5;29
10;2025;"0-12";NA;NA;NA;NA;NA;87;89;"BA";0;0,5;29
11;2025;"0-12";NA;NA;NA;NA;NA;99;100;"BA";0;0,5;29
12;2025;"0-12";NA;NA;NA;NA;NA;111;109;"BA";0;0,5;29
13;2025;"0-12";NA;NA;NA;NA;NA;137;125;"BA";0;0,5;29
14;2025;"0-12";NA;NA;NA;NA;NA;148;178;"BA";0;0,5;29
15;2025;"0-12";NA;NA;NA;NA;NA;162;140;"BA";0;0,5;29
16;2025;"0-12";NA;NA;NA;NA;NA;151;168;"BA";0;0,5;29
17;2025;"0-12";NA;NA;NA;NA;NA;175;146;"BA";0;0,5;29
18;2025;"0-12";NA;NA;NA;NA;NA;193;210;"BA";0;0,5;29
19;2025;"0-12";NA;NA;NA;NA;NA;230;224;"BA";0;0,5;29
20;2025;"0-12";NA;NA;NA;NA;NA;250;256;"BA";0;0,5;29
21;2025;"0-12";NA;NA;NA;NA;NA;268;270;"BA";0;0,5;29
22;2025;"0-12";NA;NA;NA;NA;NA;307;277;"BA";0;0,5;29
23;2025;"0-12";NA;NA;NA;NA;NA;330;374;"BA";0;0,5;29
24;2025;"0-12";NA;NA;NA;NA;NA;329;338;"BA";0;0,5;29
25;2025;"0-12";NA;NA;NA;NA;NA;282;276;"BA";0;0,5;29
26;2025;"0-12";NA;NA;NA;NA;NA;244;232;"BA";0;0,5;29
27;2025;"0-12";NA;NA;NA;NA;NA;213;224;"BA";0;0,5;29
28;2025;"0-12";NA;NA;NA;NA;NA;211;183;"BA";0;0,5;29
29;2025;"0-12";NA;NA;NA;NA;NA;225;227;"BA";0;0,5;29
30;2025;"0-12";NA;NA;NA;NA;NA;251;265;"BA";0;0,5;29
31;2025;"0-12";NA;NA;NA;NA;NA;245;262;"BA";0;0,5;29
32;2025;"0-12";NA;NA;NA;NA;NA;231;208;"BA";0;0,5;29
33;2025;"0-12";NA;NA;NA;NA;NA;207;223;"BA";0;0,5;29
34;2025;"0-12";NA;NA;NA;NA;NA;203;189;"BA";0;0,5;29
35;2025;"0-12";NA;NA;NA;NA;NA;201;198;"BA";0;0,5;29
36;2025;"0-12";NA;NA;NA;NA;NA;207;216;"BA";0;0,5;29
37;2025;"0-12";NA;NA;NA;NA;NA;199;206;"BA";0;0,5;29
38;2025;"0-12";NA;NA;NA;NA;NA;184;174;"BA";0;0,5;29
39;2025;"0-12";NA;NA;NA;NA;NA;168;173;"BA";0;0,5;29
40;2025;"0-12";NA;NA;NA;NA;NA;160;156;"BA";0;0,5;29
41;2025;"0-12";NA;NA;NA;NA;NA;157;150;"BA";0;0,5;29
42;2025;"0-12";NA;NA;NA;NA;NA;145;165;"BA";0;0,5;29
43;2025;"0-12";NA;NA;NA;NA;NA;142;119;"BA";0;0,5;29
44;2025;"0-12";NA;NA;NA;NA;NA;124;142;"BA";0;0,5;29
45;2025;"0-12";NA;NA;NA;NA;NA;123;112;"BA";0;0,5;29
46;2025;"0-12";NA;NA;NA;NA;NA;113;116;"BA";0;0,5;29
47;2025;"0-12";NA;NA;NA;NA;NA;115;110;"BA";0;0,5;29
48;2025;"0-12";NA;NA;NA;NA;NA;109;119;"BA";0;0,5;29
49;2025;"0-12";NA;NA;NA;NA;NA;105;98;"BA";0;0,5;29
50;2025;"0-12";NA;NA;NA;NA;NA;94;98;"BA";0;0,5;29
51;2025;"0-12";NA;NA;NA;NA;NA;77;87;"BA";0;0,5;29
52;2025;"0-12";NA;NA;NA;NA;NA;60;47;"BA";0;0,5;29
53;2025;"0-12";NA;NA;NA;NA;NA;47;46;"BA";0;0,5;29
1;2026;"0-12";NA;NA;NA;NA;NA;46;47;"BA";0;0,5;29
2;2026;"0-12";NA;NA;NA;NA;NA;44;44;"BA";0;0,5;29
3;2026;"0-12";NA;NA;NA;NA;NA;44;42;"BA";0;0,5;29
4;2026;"0-12";NA;NA;NA;NA;NA;45;46;"BA";0;0,5;29
5;2026;"0-12";NA;NA;NA;NA;NA;55;47;"BA";0;0,5;29
6;2026;"0-12";71;73;71;72;71;70;71;"BA";0;0,5;29
7;2026;"0-12";93;95;92;93;92;85;92;"BA";0;0,5;29
8;2026;"0-12";92;96;91;93;92;110;91;"BA";0;0,5;29
9;2026;"0-12";145;149;143;146;144;132;143;"BA";0;0,5;29
10;2026;"0-12";159;163;156;160;158;156;157;"BA";0;0,5;29
11;2026;"0-12";164;169;160;165;162;160;160;"BA";0;0,5;29
12;2026;"0-12";156;161;152;157;154;164;152;"BA";0;0,5;29
13;2026;"0-12";173;180;168;175;171;171;167;"BA";0;0,5;29
14;2026;"0-12";183;192;176;186;181;178;173;"BA";0;0,5;29
15;2026;"0-12";178;189;169;181;174;186;162;"BA";0;0,5;29
16;2026;"0-12";198;213,025;186;203;194;194;180;"BA";0;0,5;29
17;2026;"0-12";207;229;191;214;201;212;188;"BA";0;0,5;29
18;2026;"0-12";231;274,025;200;245;220;225;199;"BA";0;0,5;29
19;2026;"0-12";236;381,1;144,975;277,25;199;NA;168;"BA";0;0,5;29
1;2022;"0-12";NA;NA;NA;NA;NA;NA;111;"CE";0;0;23
2;2022;"0-12";NA;NA;NA;NA;NA;110;117;"CE";0;0;23
3;2022;"0-12";NA;NA;NA;NA;NA;89;102;"CE";0;0;23
4;2022;"0-12";NA;NA;NA;NA;NA;65;47;"CE";0;0;23
5;2022;"0-12";NA;NA;NA;NA;NA;54;45;"CE";0;0;23
6;2022;"0-12";NA;NA;NA;NA;NA;71;71;"CE";0;0;23
7;2022;"0-12";NA;NA;NA;NA;NA;100;96;"CE";0;0;23
8;2022;"0-12";NA;NA;NA;NA;NA;144;133;"CE";0;0;23
9;2022;"0-12";NA;NA;NA;NA;NA;172;204;"CE";0;0;23
10;2022;"0-12";NA;NA;NA;NA;NA;199;180;"CE";0;0;23
11;2022;"0-12";NA;NA;NA;NA;NA;188;214;"CE";0;0;23
12;2022;"0-12";NA;NA;NA;NA;NA;173;171;"CE";0;0;23
13;2022;"0-12";NA;NA;NA;NA;NA;147;133;"CE";0;0;23
14;2022;"0-12";NA;NA;NA;NA;NA;135;138;"CE";0;0;23
15;2022;"0-12";NA;NA;NA;NA;NA;135;134;"CE";0;0;23
16;2022;"0-12";NA;NA;NA;NA;NA;140;132;"CE";0;0;23
17;2022;"0-12";NA;NA;NA;NA;NA;156;155;"CE";0;0;23
18;2022;"0-12";NA;NA;NA;NA;NA;158;181;"CE";0;0;23
19;2022;"0-12";NA;NA;NA;NA;NA;161;137;"CE";0;0;23
20;2022;"0-12";NA;NA;NA;NA;NA;145;165;"CE";0;0;23
21;2022;"0-12";NA;NA;NA;NA;NA;158;132;"CE";0;0;23
22;2022;"0-12";NA;NA;NA;NA;NA;164;177;"CE";0;0;23
23;2022;"0-12";NA;NA;NA;NA;NA;168;184;"CE";0;0;23
24;2022;"0-12";NA;NA;NA;NA;NA;162;143;"CE";0;0;23
25;2022;"0-12";NA;NA;NA;NA;NA;156;158;"CE";0;0;23
26;2022;"0-12";NA;NA;NA;NA;NA;148;167;"CE";0;0;23
27;2022;"0-12";NA;NA;NA;NA;NA;132;118;"CE";0;0;23
28;2022;"0-12";NA;NA;NA;NA;NA;106;110;"CE";0;0;23
29;2022;"0-12";NA;NA;NA;NA;NA;85;89;"CE";0;0;23
30;2022;"0-12";NA;NA;NA;NA;NA;80;57;"CE";0;0;23
31;2022;"0-12";NA;NA;NA;NA;NA;82;93;"CE";0;0;23
32;2022;"0-12";NA;NA;NA;NA;NA;117;95;"CE";0;0;23
33;2022;"0-12";NA;NA;NA;NA;NA;131;163;"CE";0;0;23
34;2022;"0-12";NA;NA;NA;NA;NA;139;135;"CE";0;0;23
35;2022;"0-12";NA;NA;NA;NA;NA;120;119;"CE";0;0;23
36;2022;"0-12";NA;NA;NA;NA;NA;102;106;"CE";0;0;23
37;2022;"0-12";NA;NA;NA;NA;NA;88;81;"CE";0;0;23
38;2022;"0-12";NA;NA;NA;NA;NA;85;78;"CE";0;0;23
39;2022;"0-12";NA;NA;NA;NA;NA;79;97;"CE";0;0;23
40;2022;"0-12";NA;NA;NA;NA;NA;83;63;"CE";0;0;23
41;2022;"0-12";NA;NA;NA;NA;NA;81;89;"CE";0;0;23
42;2022;"0-12";NA;NA;NA;NA;NA;91;90;"CE";0;0;23
43;2022;"0-12";NA;NA;NA;NA;NA;94;95;"CE";0;0;23
44;2022;"0-12";NA;NA;NA;NA;NA;96;96;"CE";0;0;23
45;2022;"0-12";NA;NA;NA;NA;NA;95;97;"CE";0;0;23
46;2022;"0-12";NA;NA;NA;NA;NA;93;91;"CE";0;0;23
47;2022;"0-12";NA;NA;NA;NA;NA;85;92;"CE";0;0;23
48;2022;"0-12";NA;NA;NA;NA;NA;76;72;"CE";0;0;23
49;2022;"0-12";NA;NA;NA;NA;NA;65;65;"CE";0;0;23
50;2022;"0-12";NA;NA;NA;NA;NA;63;57;"CE";0;0;23
51;2022;"0-12";NA;NA;NA;NA;NA;60;67;"CE";0;0;23
52;2022;"0-12";NA;NA;NA;NA;NA;61;56;"CE";0;0;23
1;2023;"0-12";NA;NA;NA;NA;NA;57;60;"CE";0;0;23
2;2023;"0-12";NA;NA;NA;NA;NA;53;56;"CE";0;0;23
3;2023;"0-12";NA;NA;NA;NA;NA;52;43;"CE";0;0;23
4;2023;"0-12";NA;NA;NA;NA;NA;58;58;"CE";0;0;23
5;2023;"0-12";NA;NA;NA;NA;NA;72;72;"CE";0;0;23
6;2023;"0-12";NA;NA;NA;NA;NA;82;85;"CE";0;0;23
7;2023;"0-12";NA;NA;NA;NA;NA;97;90;"CE";0;0;23
8;2023;"0-12";NA;NA;NA;NA;NA;108;117;"CE";0;0;23
9;2023;"0-12";NA;NA;NA;NA;NA;129;116;"CE";0;0;23
10;2023;"0-12";NA;NA;NA;NA;NA;136;153;"CE";0;0;23
11;2023;"0-12";NA;NA;NA;NA;NA;159;139;"CE";0;0;23
12;2023;"0-12";NA;NA;NA;NA;NA;169;185;"CE";0;0;23
13;2023;"0-12";NA;NA;NA;NA;NA;184;183;"CE";0;0;23
14;2023;"0-12";NA;NA;NA;NA;NA;203;184;"CE";0;0;23
15;2023;"0-12";NA;NA;NA;NA;NA;209;241;"CE";0;0;23
16;2023;"0-12";NA;NA;NA;NA;NA;215;201;"CE";0;0;23
17;2023;"0-12";NA;NA;NA;NA;NA;225;202;"CE";0;0;23
18;2023;"0-12";NA;NA;NA;NA;NA;248;271;"CE";0;0;23
19;2023;"0-12";NA;NA;NA;NA;NA;279;272;"CE";0;0;23
20;2023;"0-12";NA;NA;NA;NA;NA;273;293;"CE";0;0;23
21;2023;"0-12";NA;NA;NA;NA;NA;243;254;"CE";0;0;23
22;2023;"0-12";NA;NA;NA;NA;NA;205;182;"CE";0;0;23
23;2023;"0-12";NA;NA;NA;NA;NA;174;179;"CE";0;0;23
24;2023;"0-12";NA;NA;NA;NA;NA;169;161;"CE";0;0;23
25;2023;"0-12";NA;NA;NA;NA;NA;156;168;"CE";0;0;23
26;2023;"0-12";NA;NA;NA;NA;NA;139;140;"CE";0;0;23
27;2023;"0-12";NA;NA;NA;NA;NA;115;109;"CE";0;0;23
28;2023;"0-12";NA;NA;NA;NA;NA;94;96;"CE";0;0;23
29;2023;"0-12";NA;NA;NA;NA;NA;72;77;"CE";0;0;23
30;2023;"0-12";NA;NA;NA;NA;NA;57;43;"CE";0;0;23
31;2023;"0-12";NA;NA;NA;NA;NA;53;50;"CE";0;0;23
32;2023;"0-12";NA;NA;NA;NA;NA;59;67;"CE";0;0;23
33;2023;"0-12";NA;NA;NA;NA;NA;71;59;"CE";0;0;23
34;2023;"0-12";NA;NA;NA;NA;NA;79;87;"CE";0;0;23
35;2023;"0-12";NA;NA;NA;NA;NA;83;90;"CE";0;0;23
36;2023;"0-12";NA;NA;NA;NA;NA;77;72;"CE";0;0;23
37;2023;"0-12";NA;NA;NA;NA;NA;68;68;"CE";0;0;23
38;2023;"0-12";NA;NA;NA;NA;NA;65;65;"CE";0;0;23
39;2023;"0-12";NA;NA;NA;NA;NA;63;63;"CE";0;0;23
40;2023;"0-12";NA;NA;NA;NA;NA;62;60;"CE";0;0;23
41;2023;"0-12";NA;NA;NA;NA;NA;64;64;"CE";0;0;23
42;2023;"0-12";NA;NA;NA;NA;NA;72;67;"CE";0;0;23
43;2023;"0-12";NA;NA;NA;NA;NA;74;84;"CE";0;0;23
44;2023;"0-12";NA;NA;NA;NA;NA;73;72;"CE";0;0;23
45;2023;"0-12";NA;NA;NA;NA;NA;67;63;"CE";0;0;23
46;2023;"0-12";NA;NA;NA;NA;NA;69;65;"CE";0;0;23
47;2023;"0-12";NA;NA;NA;NA;NA;76;79;"CE";0;0;23
48;2023;"0-12";NA;NA;NA;NA;NA;78;83;"CE";0;0;23
49;2023;"0-12";NA;NA;NA;NA;NA;84;71;"CE";0;0;23
50;2023;"0-12";NA;NA;NA;NA;NA;78;97;"CE";0;0;23
51;2023;"0-12";NA;NA;NA;NA;NA;76;67;"CE";0;0;23
52;2023;"0-12";NA;NA;NA;NA;NA;64;63;"CE";0;0;23
1;2024;"0-12";NA;NA;NA;NA;NA;61;62;"CE";0;0;23
2;2024;"0-12";NA;NA;NA;NA;NA;57;59;"CE";0;0;23
3;2024;"0-12";NA;NA;NA;NA;NA;47;49;"CE";0;0;23
4;2024;"0-12";NA;NA;NA;NA;NA;44;32;"CE";0;0;23
5;2024;"0-12";NA;NA;NA;NA;NA;51;50;"CE";0;0;23
6;2024;"0-12";NA;NA;NA;NA;NA;60;70;"CE";0;0;23
7;2024;"0-12";NA;NA;NA;NA;NA;73;61;"CE";0;0;23
8;2024;"0-12";NA;NA;NA;NA;NA;90;88;"CE";0;0;23
9;2024;"0-12";NA;NA;NA;NA;NA;108;120;"CE";0;0;23
10;2024;"0-12";NA;NA;NA;NA;NA;114;116;"CE";0;0;23
11;2024;"0-12";NA;NA;NA;NA;NA;108;105;"CE";0;0;23
12;2024;"0-12";NA;NA;NA;NA;NA;105;104;"CE";0;0;23
13;2024;"0-12";NA;NA;NA;NA;NA;111;107;"CE";0;0;23
14;2024;"0-12";NA;NA;NA;NA;NA;120;122;"CE";0;0;23
15;2024;"0-12";NA;NA;NA;NA;NA;128;130;"CE";0;0;23
16;2024;"0-12";NA;NA;NA;NA;NA;134;132;"CE";0;0;23
17;2024;"0-12";NA;NA;NA;NA;NA;134;141;"CE";0;0;23
18;2024;"0-12";NA;NA;NA;NA;NA;129;128;"CE";0;0;23
19;2024;"0-12";NA;NA;NA;NA;NA;128;117;"CE";0;0;23
20;2024;"0-12";NA;NA;NA;NA;NA;138;139;"CE";0;0;23
21;2024;"0-12";NA;NA;NA;NA;NA;157;159;"CE";0;0;23
22;2024;"0-12";NA;NA;NA;NA;NA;169;173;"CE";0;0;23
23;2024;"0-12";NA;NA;NA;NA;NA;194;174;"CE";0;0;23
24;2024;"0-12";NA;NA;NA;NA;NA;205;234;"CE";0;0;23
25;2024;"0-12";NA;NA;NA;NA;NA;200;207;"CE";0;0;23
26;2024;"0-12";NA;NA;NA;NA;NA;182;159;"CE";0;0;23
27;2024;"0-12";NA;NA;NA;NA;NA;150;179;"CE";0;0;23
28;2024;"0-12";NA;NA;NA;NA;NA;126;112;"CE";0;0;23
29;2024;"0-12";NA;NA;NA;NA;NA;85;87;"CE";0;0;23
30;2024;"0-12";NA;NA;NA;NA;NA;64;55;"CE";0;0;23
31;2024;"0-12";NA;NA;NA;NA;NA;52;49;"CE";0;0;23
32;2024;"0-12";NA;NA;NA;NA;NA;59;52;"CE";0;0;23
33;2024;"0-12";NA;NA;NA;NA;NA;68;76;"CE";0;0;23
34;2024;"0-12";NA;NA;NA;NA;NA;73;77;"CE";0;0;23
35;2024;"0-12";NA;NA;NA;NA;NA;72;65;"CE";0;0;23
36;2024;"0-12";NA;NA;NA;NA;NA;72;75;"CE";0;0;23
37;2024;"0-12";NA;NA;NA;NA;NA;73;77;"CE";0;0;23
38;2024;"0-12";NA;NA;NA;NA;NA;66;66;"CE";0;0;23
39;2024;"0-12";NA;NA;NA;NA;NA;56;54;"CE";0;0;23
40;2024;"0-12";NA;NA;NA;NA;NA;48;48;"CE";0;0;23
41;2024;"0-12";NA;NA;NA;NA;NA;52;43;"CE";0;0;23
42;2024;"0-12";NA;NA;NA;NA;NA;58;64;"CE";0;0;23
43;2024;"0-12";NA;NA;NA;NA;NA;60;66;"CE";0;0;23
44;2024;"0-12";NA;NA;NA;NA;NA;57;51;"CE";0;0;23
45;2024;"0-12";NA;NA;NA;NA;NA;51;54;"CE";0;0;23
46;2024;"0-12";NA;NA;NA;NA;NA;48;48;"CE";0;0;23
47;2024;"0-12";NA;NA;NA;NA;NA;44;43;"CE";0;0;23
48;2024;"0-12";NA;NA;NA;NA;NA;48;40;"CE";0;0;23
49;2024;"0-12";NA;NA;NA;NA;NA;54;60;"CE";0;0;23
50;2024;"0-12";NA;NA;NA;NA;NA;59;62;"CE";0;0;23
51;2024;"0-12";NA;NA;NA;NA;NA;52;54;"CE";0;0;23
52;2024;"0-12";NA;NA;NA;NA;NA;43;39;"CE";0;0;23
1;2025;"0-12";NA;NA;NA;NA;NA;36;37;"CE";0;0;23
2;2025;"0-12";NA;NA;NA;NA;NA;33;31;"CE";0;0;23
3;2025;"0-12";NA;NA;NA;NA;NA;31;32;"CE";0;0;23
4;2025;"0-12";NA;NA;NA;NA;NA;30;30;"CE";0;0;23
5;2025;"0-12";NA;NA;NA;NA;NA;32;28;"CE";0;0;23
6;2025;"0-12";NA;NA;NA;NA;NA;40;38;"CE";0;0;23
7;2025;"0-12";NA;NA;NA;NA;NA;52;54;"CE";0;0;23
8;2025;"0-12";NA;NA;NA;NA;NA;67;64;"CE";0;0;23
9;2025;"0-12";NA;NA;NA;NA;NA;79;83;"CE";0;0;23
10;2025;"0-12";NA;NA;NA;NA;NA;83;91;"CE";0;0;23
11;2025;"0-12";NA;NA;NA;NA;NA;84;76;"CE";0;0;23
12;2025;"0-12";NA;NA;NA;NA;NA;91;85;"CE";0;0;23
13;2025;"0-12";NA;NA;NA;NA;NA;122;112;"CE";0;0;23
14;2025;"0-12";NA;NA;NA;NA;NA;151;168;"CE";0;0;23
15;2025;"0-12";NA;NA;NA;NA;NA;164;173;"CE";0;0;23
16;2025;"0-12";NA;NA;NA;NA;NA;180;151;"CE";0;0;23
17;2025;"0-12";NA;NA;NA;NA;NA;202;217;"CE";0;0;23
18;2025;"0-12";NA;NA;NA;NA;NA;237;239;"CE";0;0;23
19;2025;"0-12";NA;NA;NA;NA;NA;264;254;"CE";0;0;23
20;2025;"0-12";NA;NA;NA;NA;NA;275;299;"CE";0;0;23
21;2025;"0-12";NA;NA;NA;NA;NA;260;271;"CE";0;0;23
22;2025;"0-12";NA;NA;NA;NA;NA;235;210;"CE";0;0;23
23;2025;"0-12";NA;NA;NA;NA;NA;198;223;"CE";0;0;23
24;2025;"0-12";NA;NA;NA;NA;NA;177;161;"CE";0;0;23
25;2025;"0-12";NA;NA;NA;NA;NA;141;147;"CE";0;0;23
26;2025;"0-12";NA;NA;NA;NA;NA;133;114;"CE";0;0;23
27;2025;"0-12";NA;NA;NA;NA;NA;114;138;"CE";0;0;23
28;2025;"0-12";NA;NA;NA;NA;NA;98;91;"CE";0;0;23
29;2025;"0-12";NA;NA;NA;NA;NA;70;65;"CE";0;0;23
30;2025;"0-12";NA;NA;NA;NA;NA;57;54;"CE";0;0;23
31;2025;"0-12";NA;NA;NA;NA;NA;58;51;"CE";0;0;23
32;2025;"0-12";NA;NA;NA;NA;NA;67;68;"CE";0;0;23
33;2025;"0-12";NA;NA;NA;NA;NA;75;83;"CE";0;0;23
34;2025;"0-12";NA;NA;NA;NA;NA;84;74;"CE";0;0;23
35;2025;"0-12";NA;NA;NA;NA;NA;83;96;"CE";0;0;23
36;2025;"0-12";NA;NA;NA;NA;NA;90;78;"CE";0;0;23
37;2025;"0-12";NA;NA;NA;NA;NA;83;97;"CE";0;0;23
38;2025;"0-12";NA;NA;NA;NA;NA;83;74;"CE";0;0;23
39;2025;"0-12";NA;NA;NA;NA;NA;81;79;"CE";0;0;23
40;2025;"0-12";NA;NA;NA;NA;NA;89;89;"CE";0;0;23
41;2025;"0-12";NA;NA;NA;NA;NA;93;99;"CE";0;0;23
42;2025;"0-12";NA;NA;NA;NA;NA;91;91;"CE";0;0;23
43;2025;"0-12";NA;NA;NA;NA;NA;83;84;"CE";0;0;23
44;2025;"0-12";NA;NA;NA;NA;NA;72;75;"CE";0;0;23
45;2025;"0-12";NA;NA;NA;NA;NA;62;56;"CE";0;0;23
46;2025;"0-12";NA;NA;NA;NA;NA;57;56;"CE";0;0;23
47;2025;"0-12";NA;NA;NA;NA;NA;56;59;"CE";0;0;23
48;2025;"0-12";NA;NA;NA;NA;NA;61;52;"CE";0;0;23
49;2025;"0-12";NA;NA;NA;NA;NA;65;71;"CE";0;0;23
50;2025;"0-12";NA;NA;NA;NA;NA;72;71;"CE";0;0;23
51;2025;"0-12";NA;NA;NA;NA;NA;67;75;"CE";0;0;23
52;2025;"0-12";NA;NA;NA;NA;NA;59;56;"CE";0;0;23
53;2025;"0-12";NA;NA;NA;NA;NA;52;45;"CE";0;0;23
1;2026;"0-12";NA;NA;NA;NA;NA;43;55;"CE";0;0;23
2;2026;"0-12";NA;NA;NA;NA;NA;37;29;"CE";0;0;23
3;2026;"0-12";NA;NA;NA;NA;NA;31;28;"CE";0;0;23
4;2026;"0-12";NA;NA;NA;NA;NA;49;35;"CE";0;0;23
5;2026;"0-12";NA;NA;NA;NA;NA;76;85;"CE";0;0;23
6;2026;"0-12";NA;NA;NA;NA;NA;103;107;"CE";0;0;23
7;2026;"0-12";NA;NA;NA;NA;NA;114;117;"CE";0;0;23
8;2026;"0-12";119;121;119;119;119;131;119;"CE";0;0;23
9;2026;"0-12";158;160;158;159;158;145;159;"CE";0;0;23
10;2026;"0-12";158;161;157;158;157;147;157;"CE";0;0;23
11;2026;"0-12";125;129;124;126;124;134;126;"CE";0;0;23
12;2026;"0-12";119;123;117;120;118;119;118;"CE";0;0;23
13;2026;"0-12";113;118;110;115;112;125;112;"CE";0;0;23
14;2026;"0-12";144;151;140;146;142;137;140;"CE";0;0;23
15;2026;"0-12";154;164,025;148;157;151;155;151;"CE";0;0;23
16;2026;"0-12";168;186;158;173;164;165;170;"CE";0;0;23
17;2026;"0-12";172,5;204;155;182;166;170;152;"CE";0;0;23
18;2026;"0-12";169;226;140;184;156;166;140;"CE";0;0;23
19;2026;"0-12";157;337,025;79;198,25;122;NA;129;"CE";0;0;23
1;2022;"0-12";NA;NA;NA;NA;NA;NA;138;"DF";0;-0,5;53
2;2022;"0-12";NA;NA;NA;NA;NA;109;120;"DF";0;-0,5;53
3;2022;"0-12";NA;NA;NA;NA;NA;83;68;"DF";0;-0,5;53
4;2022;"0-12";NA;NA;NA;NA;NA;67;61;"DF";0;-0,5;53
5;2022;"0-12";NA;NA;NA;NA;NA;65;72;"DF";0;-0,5;53
6;2022;"0-12";NA;NA;NA;NA;NA;73;61;"DF";0;-0,5;53
7;2022;"0-12";NA;NA;NA;NA;NA;89;85;"DF";0;-0,5;53
8;2022;"0-12";NA;NA;NA;NA;NA;130;121;"DF";0;-0,5;53
9;2022;"0-12";NA;NA;NA;NA;NA;152;184;"DF";0;-0,5;53
10;2022;"0-12";NA;NA;NA;NA;NA;163;150;"DF";0;-0,5;53
11;2022;"0-12";NA;NA;NA;NA;NA;150;155;"DF";0;-0,5;53
12;2022;"0-12";NA;NA;NA;NA;NA;160;146;"DF";0;-0,5;53
13;2022;"0-12";NA;NA;NA;NA;NA;157;178;"DF";0;-0,5;53
14;2022;"0-12";NA;NA;NA;NA;NA;156;147;"DF";0;-0,5;53
15;2022;"0-12";NA;NA;NA;NA;NA;143;143;"DF";0;-0,5;53
16;2022;"0-12";NA;NA;NA;NA;NA;134;138;"DF";0;-0,5;53
17;2022;"0-12";NA;NA;NA;NA;NA;133;120;"DF";0;-0,5;53
18;2022;"0-12";NA;NA;NA;NA;NA;139;141;"DF";0;-0,5;53
19;2022;"0-12";NA;NA;NA;NA;NA;141;155;"DF";0;-0,5;53
20;2022;"0-12";NA;NA;NA;NA;NA;138;128;"DF";0;-0,5;53
21;2022;"0-12";NA;NA;NA;NA;NA;132;130;"DF";0;-0,5;53
22;2022;"0-12";NA;NA;NA;NA;NA;124;138;"DF";0;-0,5;53
23;2022;"0-12";NA;NA;NA;NA;NA;117;103;"DF";0;-0,5;53
24;2022;"0-12";NA;NA;NA;NA;NA;97;109;"DF";0;-0,5;53
25;2022;"0-12";NA;NA;NA;NA;NA;91;78;"DF";0;-0,5;53
26;2022;"0-12";NA;NA;NA;NA;NA;78;86;"DF";0;-0,5;53
27;2022;"0-12";NA;NA;NA;NA;NA;79;71;"DF";0;-0,5;53
28;2022;"0-12";NA;NA;NA;NA;NA;66;80;"DF";0;-0,5;53
29;2022;"0-12";NA;NA;NA;NA;NA;57;47;"DF";0;-0,5;53
30;2022;"0-12";NA;NA;NA;NA;NA;49;43;"DF";0;-0,5;53
31;2022;"0-12";NA;NA;NA;NA;NA;56;57;"DF";0;-0,5;53
32;2022;"0-12";NA;NA;NA;NA;NA;66;68;"DF";0;-0,5;53
33;2022;"0-12";NA;NA;NA;NA;NA;61;72;"DF";0;-0,5;53
34;2022;"0-12";NA;NA;NA;NA;NA;56;44;"DF";0;-0,5;53
35;2022;"0-12";NA;NA;NA;NA;NA;48;53;"DF";0;-0,5;53
36;2022;"0-12";NA;NA;NA;NA;NA;51;48;"DF";0;-0,5;53
37;2022;"0-12";NA;NA;NA;NA;NA;53;51;"DF";0;-0,5;53
38;2022;"0-12";NA;NA;NA;NA;NA;54;61;"DF";0;-0,5;53
39;2022;"0-12";NA;NA;NA;NA;NA;53;51;"DF";0;-0,5;53
40;2022;"0-12";NA;NA;NA;NA;NA;53;46;"DF";0;-0,5;53
41;2022;"0-12";NA;NA;NA;NA;NA;49;62;"DF";0;-0,5;53
42;2022;"0-12";NA;NA;NA;NA;NA;50;40;"DF";0;-0,5;53
43;2022;"0-12";NA;NA;NA;NA;NA;43;47;"DF";0;-0,5;53
44;2022;"0-12";NA;NA;NA;NA;NA;45;42;"DF";0;-0,5;53
45;2022;"0-12";NA;NA;NA;NA;NA;45;47;"DF";0;-0,5;53
46;2022;"0-12";NA;NA;NA;NA;NA;52;46;"DF";0;-0,5;53
47;2022;"0-12";NA;NA;NA;NA;NA;51;63;"DF";0;-0,5;53
48;2022;"0-12";NA;NA;NA;NA;NA;60;44;"DF";0;-0,5;53
49;2022;"0-12";NA;NA;NA;NA;NA;68;74;"DF";0;-0,5;53
50;2022;"0-12";NA;NA;NA;NA;NA;92;87;"DF";0;-0,5;53
51;2022;"0-12";NA;NA;NA;NA;NA;100;114;"DF";0;-0,5;53
52;2022;"0-12";NA;NA;NA;NA;NA;107;99;"DF";0;-0,5;53
1;2023;"0-12";NA;NA;NA;NA;NA;109;109;"DF";0;-0,5;53
2;2023;"0-12";NA;NA;NA;NA;NA;108;119;"DF";0;-0,5;53
3;2023;"0-12";NA;NA;NA;NA;NA;101;95;"DF";0;-0,5;53
4;2023;"0-12";NA;NA;NA;NA;NA;109;90;"DF";0;-0,5;53
5;2023;"0-12";NA;NA;NA;NA;NA;123;142;"DF";0;-0,5;53
6;2023;"0-12";NA;NA;NA;NA;NA;150;136;"DF";0;-0,5;53
7;2023;"0-12";NA;NA;NA;NA;NA;169;173;"DF";0;-0,5;53
8;2023;"0-12";NA;NA;NA;NA;NA;186;199;"DF";0;-0,5;53
9;2023;"0-12";NA;NA;NA;NA;NA;203;186;"DF";0;-0,5;53
10;2023;"0-12";NA;NA;NA;NA;NA;214;225;"DF";0;-0,5;53
11;2023;"0-12";NA;NA;NA;NA;NA;228;232;"DF";0;-0,5;53
12;2023;"0-12";NA;NA;NA;NA;NA;224;226;"DF";0;-0,5;53
13;2023;"0-12";NA;NA;NA;NA;NA;198;214;"DF";0;-0,5;53
14;2023;"0-12";NA;NA;NA;NA;NA;183;153;"DF";0;-0,5;53
15;2023;"0-12";NA;NA;NA;NA;NA;176;183;"DF";0;-0,5;53
16;2023;"0-12";NA;NA;NA;NA;NA;177;191;"DF";0;-0,5;53
17;2023;"0-12";NA;NA;NA;NA;NA;172;157;"DF";0;-0,5;53
18;2023;"0-12";NA;NA;NA;NA;NA;161;167;"DF";0;-0,5;53
19;2023;"0-12";NA;NA;NA;NA;NA;154;158;"DF";0;-0,5;53
20;2023;"0-12";NA;NA;NA;NA;NA;138;138;"DF";0;-0,5;53
21;2023;"0-12";NA;NA;NA;NA;NA;124;117;"DF";0;-0,5;53
22;2023;"0-12";NA;NA;NA;NA;NA;120;118;"DF";0;-0,5;53
23;2023;"0-12";NA;NA;NA;NA;NA;121;126;"DF";0;-0,5;53
24;2023;"0-12";NA;NA;NA;NA;NA;106;118;"DF";0;-0,5;53
25;2023;"0-12";NA;NA;NA;NA;NA;100;74;"DF";0;-0,5;53
26;2023;"0-12";NA;NA;NA;NA;NA;93;108;"DF";0;-0,5;53
27;2023;"0-12";NA;NA;NA;NA;NA;98;97;"DF";0;-0,5;53
28;2023;"0-12";NA;NA;NA;NA;NA;85;89;"DF";0;-0,5;53
29;2023;"0-12";NA;NA;NA;NA;NA;66;70;"DF";0;-0,5;53
30;2023;"0-12";NA;NA;NA;NA;NA;60;38;"DF";0;-0,5;53
31;2023;"0-12";NA;NA;NA;NA;NA;63;72;"DF";0;-0,5;53
32;2023;"0-12";NA;NA;NA;NA;NA;72;79;"DF";0;-0,5;53
33;2023;"0-12";NA;NA;NA;NA;NA;77;66;"DF";0;-0,5;53
34;2023;"0-12";NA;NA;NA;NA;NA;73;86;"DF";0;-0,5;53
35;2023;"0-12";NA;NA;NA;NA;NA;74;67;"DF";0;-0,5;53
36;2023;"0-12";NA;NA;NA;NA;NA;67;70;"DF";0;-0,5;53
37;2023;"0-12";NA;NA;NA;NA;NA;67;65;"DF";0;-0,5;53
38;2023;"0-12";NA;NA;NA;NA;NA;66;65;"DF";0;-0,5;53
39;2023;"0-12";NA;NA;NA;NA;NA;64;67;"DF";0;-0,5;53
40;2023;"0-12";NA;NA;NA;NA;NA;63;60;"DF";0;-0,5;53
41;2023;"0-12";NA;NA;NA;NA;NA;67;62;"DF";0;-0,5;53
42;2023;"0-12";NA;NA;NA;NA;NA;74;78;"DF";0;-0,5;53
43;2023;"0-12";NA;NA;NA;NA;NA;82;82;"DF";0;-0,5;53
44;2023;"0-12";NA;NA;NA;NA;NA;86;85;"DF";0;-0,5;53
45;2023;"0-12";NA;NA;NA;NA;NA;84;91;"DF";0;-0,5;53
46;2023;"0-12";NA;NA;NA;NA;NA;76;75;"DF";0;-0,5;53
47;2023;"0-12";NA;NA;NA;NA;NA;72;63;"DF";0;-0,5;53
48;2023;"0-12";NA;NA;NA;NA;NA;72;77;"DF";0;-0,5;53
49;2023;"0-12";NA;NA;NA;NA;NA;76;75;"DF";0;-0,5;53
50;2023;"0-12";NA;NA;NA;NA;NA;68;77;"DF";0;-0,5;53
51;2023;"0-12";NA;NA;NA;NA;NA;56;53;"DF";0;-0,5;53
52;2023;"0-12";NA;NA;NA;NA;NA;40;39;"DF";0;-0,5;53
1;2024;"0-12";NA;NA;NA;NA;NA;33;28;"DF";0;-0,5;53
2;2024;"0-12";NA;NA;NA;NA;NA;31;32;"DF";0;-0,5;53
3;2024;"0-12";NA;NA;NA;NA;NA;34;34;"DF";0;-0,5;53
4;2024;"0-12";NA;NA;NA;NA;NA;39;37;"DF";0;-0,5;53
5;2024;"0-12";NA;NA;NA;NA;NA;40;46;"DF";0;-0,5;53
6;2024;"0-12";NA;NA;NA;NA;NA;47;37;"DF";0;-0,5;53
7;2024;"0-12";NA;NA;NA;NA;NA;60;58;"DF";0;-0,5;53
8;2024;"0-12";NA;NA;NA;NA;NA;95;84;"DF";0;-0,5;53
9;2024;"0-12";NA;NA;NA;NA;NA;128;142;"DF";0;-0,5;53
10;2024;"0-12";NA;NA;NA;NA;NA;166;159;"DF";0;-0,5;53
11;2024;"0-12";NA;NA;NA;NA;NA;187;196;"DF";0;-0,5;53
12;2024;"0-12";NA;NA;NA;NA;NA;207;205;"DF";0;-0,5;53
13;2024;"0-12";NA;NA;NA;NA;NA;231;221;"DF";0;-0,5;53
14;2024;"0-12";NA;NA;NA;NA;NA;257;266;"DF";0;-0,5;53
15;2024;"0-12";NA;NA;NA;NA;NA;272;284;"DF";0;-0,5;53
16;2024;"0-12";NA;NA;NA;NA;NA;255;266;"DF";0;-0,5;53
17;2024;"0-12";NA;NA;NA;NA;NA;225;214;"DF";0;-0,5;53
18;2024;"0-12";NA;NA;NA;NA;NA;193;194;"DF";0;-0,5;53
19;2024;"0-12";NA;NA;NA;NA;NA;173;170;"DF";0;-0,5;53
20;2024;"0-12";NA;NA;NA;NA;NA;151;154;"DF";0;-0,5;53
21;2024;"0-12";NA;NA;NA;NA;NA;133;130;"DF";0;-0,5;53
22;2024;"0-12";NA;NA;NA;NA;NA;118;115;"DF";0;-0,5;53
23;2024;"0-12";NA;NA;NA;NA;NA;116;109;"DF";0;-0,5;53
24;2024;"0-12";NA;NA;NA;NA;NA;114;123;"DF";0;-0,5;53
25;2024;"0-12";NA;NA;NA;NA;NA;112;109;"DF";0;-0,5;53
26;2024;"0-12";NA;NA;NA;NA;NA;108;104;"DF";0;-0,5;53
27;2024;"0-12";NA;NA;NA;NA;NA;98;111;"DF";0;-0,5;53
28;2024;"0-12";NA;NA;NA;NA;NA;81;80;"DF";0;-0,5;53
29;2024;"0-12";NA;NA;NA;NA;NA;56;53;"DF";0;-0,5;53
30;2024;"0-12";NA;NA;NA;NA;NA;43;34;"DF";0;-0,5;53
31;2024;"0-12";NA;NA;NA;NA;NA;45;43;"DF";0;-0,5;53
32;2024;"0-12";NA;NA;NA;NA;NA;66;57;"DF";0;-0,5;53
33;2024;"0-12";NA;NA;NA;NA;NA;87;99;"DF";0;-0,5;53
34;2024;"0-12";NA;NA;NA;NA;NA;90;104;"DF";0;-0,5;53
35;2024;"0-12";NA;NA;NA;NA;NA;81;67;"DF";0;-0,5;53
36;2024;"0-12";NA;NA;NA;NA;NA;67;73;"DF";0;-0,5;53
37;2024;"0-12";NA;NA;NA;NA;NA;70;61;"DF";0;-0,5;53
38;2024;"0-12";NA;NA;NA;NA;NA;67;77;"DF";0;-0,5;53
39;2024;"0-12";NA;NA;NA;NA;NA;66;64;"DF";0;-0,5;53
40;2024;"0-12";NA;NA;NA;NA;NA;63;56;"DF";0;-0,5;53
41;2024;"0-12";NA;NA;NA;NA;NA;59;69;"DF";0;-0,5;53
42;2024;"0-12";NA;NA;NA;NA;NA;62;53;"DF";0;-0,5;53
43;2024;"0-12";NA;NA;NA;NA;NA;63;65;"DF";0;-0,5;53
44;2024;"0-12";NA;NA;NA;NA;NA;74;71;"DF";0;-0,5;53
45;2024;"0-12";NA;NA;NA;NA;NA;84;85;"DF";0;-0,5;53
46;2024;"0-12";NA;NA;NA;NA;NA;92;97;"DF";0;-0,5;53
47;2024;"0-12";NA;NA;NA;NA;NA;92;95;"DF";0;-0,5;53
48;2024;"0-12";NA;NA;NA;NA;NA;104;85;"DF";0;-0,5;53
49;2024;"0-12";NA;NA;NA;NA;NA;107;131;"DF";0;-0,5;53
50;2024;"0-12";NA;NA;NA;NA;NA;107;104;"DF";0;-0,5;53
51;2024;"0-12";NA;NA;NA;NA;NA;91;86;"DF";0;-0,5;53
52;2024;"0-12";NA;NA;NA;NA;NA;83;83;"DF";0;-0,5;53
1;2025;"0-12";NA;NA;NA;NA;NA;76;81;"DF";0;-0,5;53
2;2025;"0-12";NA;NA;NA;NA;NA;71;65;"DF";0;-0,5;53
3;2025;"0-12";NA;NA;NA;NA;NA;70;66;"DF";0;-0,5;53
4;2025;"0-12";NA;NA;NA;NA;NA;75;78;"DF";0;-0,5;53
5;2025;"0-12";NA;NA;NA;NA;NA;87;80;"DF";0;-0,5;53
6;2025;"0-12";NA;NA;NA;NA;NA;100;103;"DF";0;-0,5;53
7;2025;"0-12";NA;NA;NA;NA;NA;130;116;"DF";0;-0,5;53
8;2025;"0-12";NA;NA;NA;NA;NA;164;170;"DF";0;-0,5;53
9;2025;"0-12";NA;NA;NA;NA;NA;202;206;"DF";0;-0,5;53
10;2025;"0-12";NA;NA;NA;NA;NA;209;230;"DF";0;-0,5;53
11;2025;"0-12";NA;NA;NA;NA;NA;223;192;"DF";0;-0,5;53
12;2025;"0-12";NA;NA;NA;NA;NA;241;247;"DF";0;-0,5;53
13;2025;"0-12";NA;NA;NA;NA;NA;269;283;"DF";0;-0,5;53
14;2025;"0-12";NA;NA;NA;NA;NA;280;278;"DF";0;-0,5;53
15;2025;"0-12";NA;NA;NA;NA;NA;280;279;"DF";0;-0,5;53
16;2025;"0-12";NA;NA;NA;NA;NA;274;284;"DF";0;-0,5;53
17;2025;"0-12";NA;NA;NA;NA;NA;278;258;"DF";0;-0,5;53
18;2025;"0-12";NA;NA;NA;NA;NA;276;293;"DF";0;-0,5;53
19;2025;"0-12";NA;NA;NA;NA;NA;270;277;"DF";0;-0,5;53
20;2025;"0-12";NA;NA;NA;NA;NA;249;241;"DF";0;-0,5;53
21;2025;"0-12";NA;NA;NA;NA;NA;228;230;"DF";0;-0,5;53
22;2025;"0-12";NA;NA;NA;NA;NA;202;212;"DF";0;-0,5;53
23;2025;"0-12";NA;NA;NA;NA;NA;172;164;"DF";0;-0,5;53
24;2025;"0-12";NA;NA;NA;NA;NA;137;139;"DF";0;-0,5;53
25;2025;"0-12";NA;NA;NA;NA;NA;118;107;"DF";0;-0,5;53
26;2025;"0-12";NA;NA;NA;NA;NA;116;109;"DF";0;-0,5;53
27;2025;"0-12";NA;NA;NA;NA;NA;124;133;"DF";0;-0,5;53
28;2025;"0-12";NA;NA;NA;NA;NA;120;130;"DF";0;-0,5;53
29;2025;"0-12";NA;NA;NA;NA;NA;101;96;"DF";0;-0,5;53
30;2025;"0-12";NA;NA;NA;NA;NA;83;76;"DF";0;-0,5;53
31;2025;"0-12";NA;NA;NA;NA;NA;82;76;"DF";0;-0,5;53
32;2025;"0-12";NA;NA;NA;NA;NA;99;95;"DF";0;-0,5;53
33;2025;"0-12";NA;NA;NA;NA;NA;110;126;"DF";0;-0,5;53
34;2025;"0-12";NA;NA;NA;NA;NA;120;110;"DF";0;-0,5;53
35;2025;"0-12";NA;NA;NA;NA;NA;120;124;"DF";0;-0,5;53
36;2025;"0-12";NA;NA;NA;NA;NA;122;125;"DF";0;-0,5;53
37;2025;"0-12";NA;NA;NA;NA;NA;115;117;"DF";0;-0,5;53
38;2025;"0-12";NA;NA;NA;NA;NA;97;102;"DF";0;-0,5;53
39;2025;"0-12";NA;NA;NA;NA;NA;88;71;"DF";0;-0,5;53
40;2025;"0-12";NA;NA;NA;NA;NA;75;90;"DF";0;-0,5;53
41;2025;"0-12";NA;NA;NA;NA;NA;78;65;"DF";0;-0,5;53
42;2025;"0-12";NA;NA;NA;NA;NA;65;80;"DF";0;-0,5;53
43;2025;"0-12";NA;NA;NA;NA;NA;69;50;"DF";0;-0,5;53
44;2025;"0-12";NA;NA;NA;NA;NA;67;77;"DF";0;-0,5;53
45;2025;"0-12";NA;NA;NA;NA;NA;84;73;"DF";0;-0,5;53
46;2025;"0-12";NA;NA;NA;NA;NA;86;102;"DF";0;-0,5;53
47;2025;"0-12";NA;NA;NA;NA;NA;95;82;"DF";0;-0,5;53
48;2025;"0-12";NA;NA;NA;NA;NA;100;100;"DF";0;-0,5;53
49;2025;"0-12";NA;NA;NA;NA;NA;112;117;"DF";0;-0,5;53
50;2025;"0-12";NA;NA;NA;NA;NA;116;118;"DF";0;-0,5;53
51;2025;"0-12";NA;NA;NA;NA;NA;108;112;"DF";0;-0,5;53
52;2025;"0-12";NA;NA;NA;NA;NA;90;94;"DF";0;-0,5;53
53;2025;"0-12";NA;NA;NA;NA;NA;78;65;"DF";0;-0,5;53
1;2026;"0-12";NA;NA;NA;NA;NA;68;75;"DF";0;-0,5;53
2;2026;"0-12";NA;NA;NA;NA;NA;64;63;"DF";0;-0,5;53
3;2026;"0-12";NA;NA;NA;NA;NA;56;53;"DF";0;-0,5;53
4;2026;"0-12";NA;NA;NA;NA;NA;57;53;"DF";0;-0,5;53
5;2026;"0-12";NA;NA;NA;NA;NA;71;65;"DF";0;-0,5;53
6;2026;"0-12";NA;NA;NA;NA;NA;91;95;"DF";0;-0,5;53
7;2026;"0-12";NA;NA;NA;NA;NA;111;113;"DF";0;-0,5;53
8;2026;"0-12";NA;NA;NA;NA;NA;153;125;"DF";0;-0,5;53
9;2026;"0-12";NA;NA;NA;NA;NA;180;222;"DF";0;-0,5;53
10;2026;"0-12";NA;NA;NA;NA;NA;200;194;"DF";0;-0,5;53
11;2026;"0-12";185;186;185;185;185;186;185;"DF";0;-0,5;53
12;2026;"0-12";180;182;180;180;180;186;181;"DF";0;-0,5;53
13;2026;"0-12";194;197;194;195;194;204;195;"DF";0;-0,5;53
14;2026;"0-12";238;241;237;239;237;218;238;"DF";0;-0,5;53
15;2026;"0-12";221;225;218;222;220;226;222;"DF";0;-0,5;53
16;2026;"0-12";220;226;216;222;219;211;221;"DF";0;-0,5;53
17;2026;"0-12";193;203;186;197;191;201;191;"DF";0;-0,5;53
18;2026;"0-12";189;216;169;198;182;201;174;"DF";0;-0,5;53
19;2026;"0-12";221,5;312,025;160,975;247,25;199;NA;181;"DF";0;-0,5;53
1;2022;"0-12";NA;NA;NA;NA;NA;NA;30;"ES";0,5;1;32
2;2022;"0-12";NA;NA;NA;NA;NA;22;19;"ES";0,5;1;32
3;2022;"0-12";NA;NA;NA;NA;NA;15;16;"ES";0,5;1;32
4;2022;"0-12";NA;NA;NA;NA;NA;12;11;"ES";0,5;1;32
5;2022;"0-12";NA;NA;NA;NA;NA;11;9;"ES";0,5;1;32
6;2022;"0-12";NA;NA;NA;NA;NA;11;13;"ES";0,5;1;32
7;2022;"0-12";NA;NA;NA;NA;NA;16;12;"ES";0,5;1;32
8;2022;"0-12";NA;NA;NA;NA;NA;25;24;"ES";0,5;1;32
9;2022;"0-12";NA;NA;NA;NA;NA;40;40;"ES";0,5;1;32
10;2022;"0-12";NA;NA;NA;NA;NA;48;56;"ES";0,5;1;32
11;2022;"0-12";NA;NA;NA;NA;NA;51;47;"ES";0,5;1;32
12;2022;"0-12";NA;NA;NA;NA;NA;43;50;"ES";0,5;1;32
13;2022;"0-12";NA;NA;NA;NA;NA;40;33;"ES";0,5;1;32
14;2022;"0-12";NA;NA;NA;NA;NA;36;38;"ES";0,5;1;32
15;2022;"0-12";NA;NA;NA;NA;NA;39;38;"ES";0,5;1;32
16;2022;"0-12";NA;NA;NA;NA;NA;35;40;"ES";0,5;1;32
17;2022;"0-12";NA;NA;NA;NA;NA;36;28;"ES";0,5;1;32
18;2022;"0-12";NA;NA;NA;NA;NA;35;39;"ES";0,5;1;32
19;2022;"0-12";NA;NA;NA;NA;NA;35;37;"ES";0,5;1;32
20;2022;"0-12";NA;NA;NA;NA;NA;33;29;"ES";0,5;1;32
21;2022;"0-12";NA;NA;NA;NA;NA;30;33;"ES";0,5;1;32
22;2022;"0-12";NA;NA;NA;NA;NA;29;28;"ES";0,5;1;32
23;2022;"0-12";NA;NA;NA;NA;NA;25;26;"ES";0,5;1;32
24;2022;"0-12";NA;NA;NA;NA;NA;21;22;"ES";0,5;1;32
25;2022;"0-12";NA;NA;NA;NA;NA;16;15;"ES";0,5;1;32
26;2022;"0-12";NA;NA;NA;NA;NA;13;10;"ES";0,5;1;32
27;2022;"0-12";NA;NA;NA;NA;NA;12;15;"ES";0,5;1;32
28;2022;"0-12";NA;NA;NA;NA;NA;13;12;"ES";0,5;1;32
29;2022;"0-12";NA;NA;NA;NA;NA;10;12;"ES";0,5;1;32
30;2022;"0-12";NA;NA;NA;NA;NA;11;6;"ES";0,5;1;32
31;2022;"0-12";NA;NA;NA;NA;NA;13;14;"ES";0,5;1;32
32;2022;"0-12";NA;NA;NA;NA;NA;19;18;"ES";0,5;1;32
33;2022;"0-12";NA;NA;NA;NA;NA;22;26;"ES";0,5;1;32
34;2022;"0-12";NA;NA;NA;NA;NA;22;22;"ES";0,5;1;32
35;2022;"0-12";NA;NA;NA;NA;NA;20;18;"ES";0,5;1;32
36;2022;"0-12";NA;NA;NA;NA;NA;21;20;"ES";0,5;1;32
37;2022;"0-12";NA;NA;NA;NA;NA;20;25;"ES";0,5;1;32
38;2022;"0-12";NA;NA;NA;NA;NA;17;16;"ES";0,5;1;32
39;2022;"0-12";NA;NA;NA;NA;NA;14;9;"ES";0,5;1;32
40;2022;"0-12";NA;NA;NA;NA;NA;13;17;"ES";0,5;1;32
41;2022;"0-12";NA;NA;NA;NA;NA;13;12;"ES";0,5;1;32
42;2022;"0-12";NA;NA;NA;NA;NA;11;9;"ES";0,5;1;32
43;2022;"0-12";NA;NA;NA;NA;NA;10;11;"ES";0,5;1;32
44;2022;"0-12";NA;NA;NA;NA;NA;12;11;"ES";0,5;1;32
45;2022;"0-12";NA;NA;NA;NA;NA;13;14;"ES";0,5;1;32
46;2022;"0-12";NA;NA;NA;NA;NA;13;13;"ES";0,5;1;32
47;2022;"0-12";NA;NA;NA;NA;NA;15;12;"ES";0,5;1;32
48;2022;"0-12";NA;NA;NA;NA;NA;15;20;"ES";0,5;1;32
49;2022;"0-12";NA;NA;NA;NA;NA;17;14;"ES";0,5;1;32
50;2022;"0-12";NA;NA;NA;NA;NA;16;17;"ES";0,5;1;32
51;2022;"0-12";NA;NA;NA;NA;NA;17;18;"ES";0,5;1;32
52;2022;"0-12";NA;NA;NA;NA;NA;15;17;"ES";0,5;1;32
1;2023;"0-12";NA;NA;NA;NA;NA;16;10;"ES";0,5;1;32
2;2023;"0-12";NA;NA;NA;NA;NA;15;20;"ES";0,5;1;32
3;2023;"0-12";NA;NA;NA;NA;NA;17;14;"ES";0,5;1;32
4;2023;"0-12";NA;NA;NA;NA;NA;18;18;"ES";0,5;1;32
5;2023;"0-12";NA;NA;NA;NA;NA;22;23;"ES";0,5;1;32
6;2023;"0-12";NA;NA;NA;NA;NA;27;26;"ES";0,5;1;32
7;2023;"0-12";NA;NA;NA;NA;NA;33;32;"ES";0,5;1;32
8;2023;"0-12";NA;NA;NA;NA;NA;37;40;"ES";0,5;1;32
9;2023;"0-12";NA;NA;NA;NA;NA;42;40;"ES";0,5;1;32
10;2023;"0-12";NA;NA;NA;NA;NA;43;45;"ES";0,5;1;32
11;2023;"0-12";NA;NA;NA;NA;NA;47;44;"ES";0,5;1;32
12;2023;"0-12";NA;NA;NA;NA;NA;55;53;"ES";0,5;1;32
13;2023;"0-12";NA;NA;NA;NA;NA;58;69;"ES";0,5;1;32
14;2023;"0-12";NA;NA;NA;NA;NA;59;52;"ES";0,5;1;32
15;2023;"0-12";NA;NA;NA;NA;NA;51;57;"ES";0,5;1;32
16;2023;"0-12";NA;NA;NA;NA;NA;44;43;"ES";0,5;1;32
17;2023;"0-12";NA;NA;NA;NA;NA;39;31;"ES";0,5;1;32
18;2023;"0-12";NA;NA;NA;NA;NA;37;44;"ES";0,5;1;32
19;2023;"0-12";NA;NA;NA;NA;NA;41;36;"ES";0,5;1;32
20;2023;"0-12";NA;NA;NA;NA;NA;44;42;"ES";0,5;1;32
21;2023;"0-12";NA;NA;NA;NA;NA;45;53;"ES";0,5;1;32
22;2023;"0-12";NA;NA;NA;NA;NA;42;39;"ES";0,5;1;32
23;2023;"0-12";NA;NA;NA;NA;NA;38;34;"ES";0,5;1;32
24;2023;"0-12";NA;NA;NA;NA;NA;33;40;"ES";0,5;1;32
25;2023;"0-12";NA;NA;NA;NA;NA;36;25;"ES";0,5;1;32
26;2023;"0-12";NA;NA;NA;NA;NA;35;42;"ES";0,5;1;32
27;2023;"0-12";NA;NA;NA;NA;NA;41;38;"ES";0,5;1;32
28;2023;"0-12";NA;NA;NA;NA;NA;39;43;"ES";0,5;1;32
29;2023;"0-12";NA;NA;NA;NA;NA;38;36;"ES";0,5;1;32
30;2023;"0-12";NA;NA;NA;NA;NA;33;36;"ES";0,5;1;32
31;2023;"0-12";NA;NA;NA;NA;NA;33;27;"ES";0,5;1;32
32;2023;"0-12";NA;NA;NA;NA;NA;29;36;"ES";0,5;1;32
33;2023;"0-12";NA;NA;NA;NA;NA;32;25;"ES";0,5;1;32
34;2023;"0-12";NA;NA;NA;NA;NA;28;36;"ES";0,5;1;32
35;2023;"0-12";NA;NA;NA;NA;NA;28;23;"ES";0,5;1;32
36;2023;"0-12";NA;NA;NA;NA;NA;26;26;"ES";0,5;1;32
37;2023;"0-12";NA;NA;NA;NA;NA;25;28;"ES";0,5;1;32
38;2023;"0-12";NA;NA;NA;NA;NA;22;20;"ES";0,5;1;32
39;2023;"0-12";NA;NA;NA;NA;NA;20;18;"ES";0,5;1;32
40;2023;"0-12";NA;NA;NA;NA;NA;21;21;"ES";0,5;1;32
41;2023;"0-12";NA;NA;NA;NA;NA;23;25;"ES";0,5;1;32
42;2023;"0-12";NA;NA;NA;NA;NA;22;22;"ES";0,5;1;32
43;2023;"0-12";NA;NA;NA;NA;NA;16;20;"ES";0,5;1;32
44;2023;"0-12";NA;NA;NA;NA;NA;14;7;"ES";0,5;1;32
45;2023;"0-12";NA;NA;NA;NA;NA;19;16;"ES";0,5;1;32
46;2023;"0-12";NA;NA;NA;NA;NA;23;33;"ES";0,5;1;32
47;2023;"0-12";NA;NA;NA;NA;NA;22;19;"ES";0,5;1;32
48;2023;"0-12";NA;NA;NA;NA;NA;16;13;"ES";0,5;1;32
49;2023;"0-12";NA;NA;NA;NA;NA;15;17;"ES";0,5;1;32
50;2023;"0-12";NA;NA;NA;NA;NA;14;16;"ES";0,5;1;32
51;2023;"0-12";NA;NA;NA;NA;NA;14;10;"ES";0,5;1;32
52;2023;"0-12";NA;NA;NA;NA;NA;11;16;"ES";0,5;1;32
1;2024;"0-12";NA;NA;NA;NA;NA;12;7;"ES";0,5;1;32
2;2024;"0-12";NA;NA;NA;NA;NA;10;12;"ES";0,5;1;32
3;2024;"0-12";NA;NA;NA;NA;NA;13;11;"ES";0,5;1;32
4;2024;"0-12";NA;NA;NA;NA;NA;11;15;"ES";0,5;1;32
5;2024;"0-12";NA;NA;NA;NA;NA;11;7;"ES";0,5;1;32
6;2024;"0-12";NA;NA;NA;NA;NA;12;12;"ES";0,5;1;32
7;2024;"0-12";NA;NA;NA;NA;NA;23;18;"ES";0,5;1;32
8;2024;"0-12";NA;NA;NA;NA;NA;33;39;"ES";0,5;1;32
9;2024;"0-12";NA;NA;NA;NA;NA;47;43;"ES";0,5;1;32
10;2024;"0-12";NA;NA;NA;NA;NA;64;60;"ES";0,5;1;32
11;2024;"0-12";NA;NA;NA;NA;NA;78;88;"ES";0,5;1;32
12;2024;"0-12";NA;NA;NA;NA;NA;82;86;"ES";0,5;1;32
13;2024;"0-12";NA;NA;NA;NA;NA;76;71;"ES";0,5;1;32
14;2024;"0-12";NA;NA;NA;NA;NA;69;72;"ES";0,5;1;32
15;2024;"0-12";NA;NA;NA;NA;NA;70;63;"ES";0,5;1;32
16;2024;"0-12";NA;NA;NA;NA;NA;66;74;"ES";0,5;1;32
17;2024;"0-12";NA;NA;NA;NA;NA;61;61;"ES";0,5;1;32
18;2024;"0-12";NA;NA;NA;NA;NA;49;47;"ES";0,5;1;32
19;2024;"0-12";NA;NA;NA;NA;NA;44;38;"ES";0,5;1;32
20;2024;"0-12";NA;NA;NA;NA;NA;41;48;"ES";0,5;1;32
21;2024;"0-12";NA;NA;NA;NA;NA;44;38;"ES";0,5;1;32
22;2024;"0-12";NA;NA;NA;NA;NA;40;45;"ES";0,5;1;32
23;2024;"0-12";NA;NA;NA;NA;NA;44;36;"ES";0,5;1;32
24;2024;"0-12";NA;NA;NA;NA;NA;47;52;"ES";0,5;1;32
25;2024;"0-12";NA;NA;NA;NA;NA;49;52;"ES";0,5;1;32
26;2024;"0-12";NA;NA;NA;NA;NA;46;43;"ES";0,5;1;32
27;2024;"0-12";NA;NA;NA;NA;NA;44;42;"ES";0,5;1;32
28;2024;"0-12";NA;NA;NA;NA;NA;36;47;"ES";0,5;1;32
29;2024;"0-12";NA;NA;NA;NA;NA;29;19;"ES";0,5;1;32
30;2024;"0-12";NA;NA;NA;NA;NA;24;21;"ES";0,5;1;32
31;2024;"0-12";NA;NA;NA;NA;NA;33;32;"ES";0,5;1;32
32;2024;"0-12";NA;NA;NA;NA;NA;43;45;"ES";0,5;1;32
33;2024;"0-12";NA;NA;NA;NA;NA;51;53;"ES";0,5;1;32
34;2024;"0-12";NA;NA;NA;NA;NA;49;55;"ES";0,5;1;32
35;2024;"0-12";NA;NA;NA;NA;NA;41;40;"ES";0,5;1;32
36;2024;"0-12";NA;NA;NA;NA;NA;36;29;"ES";0,5;1;32
37;2024;"0-12";NA;NA;NA;NA;NA;32;38;"ES";0,5;1;32
38;2024;"0-12";NA;NA;NA;NA;NA;28;28;"ES";0,5;1;32
39;2024;"0-12";NA;NA;NA;NA;NA;24;17;"ES";0,5;1;32
40;2024;"0-12";NA;NA;NA;NA;NA;24;27;"ES";0,5;1;32
41;2024;"0-12";NA;NA;NA;NA;NA;30;28;"ES";0,5;1;32
42;2024;"0-12";NA;NA;NA;NA;NA;29;34;"ES";0,5;1;32
43;2024;"0-12";NA;NA;NA;NA;NA;29;26;"ES";0,5;1;32
44;2024;"0-12";NA;NA;NA;NA;NA;25;28;"ES";0,5;1;32
45;2024;"0-12";NA;NA;NA;NA;NA;22;21;"ES";0,5;1;32
46;2024;"0-12";NA;NA;NA;NA;NA;20;17;"ES";0,5;1;32
47;2024;"0-12";NA;NA;NA;NA;NA;21;22;"ES";0,5;1;32
48;2024;"0-12";NA;NA;NA;NA;NA;22;23;"ES";0,5;1;32
49;2024;"0-12";NA;NA;NA;NA;NA;19;22;"ES";0,5;1;32
50;2024;"0-12";NA;NA;NA;NA;NA;19;13;"ES";0,5;1;32
51;2024;"0-12";NA;NA;NA;NA;NA;15;23;"ES";0,5;1;32
52;2024;"0-12";NA;NA;NA;NA;NA;16;8;"ES";0,5;1;32
1;2025;"0-12";NA;NA;NA;NA;NA;13;18;"ES";0,5;1;32
2;2025;"0-12";NA;NA;NA;NA;NA;16;13;"ES";0,5;1;32
3;2025;"0-12";NA;NA;NA;NA;NA;15;18;"ES";0,5;1;32
4;2025;"0-12";NA;NA;NA;NA;NA;16;14;"ES";0,5;1;32
5;2025;"0-12";NA;NA;NA;NA;NA;17;17;"ES";0,5;1;32
6;2025;"0-12";NA;NA;NA;NA;NA;21;19;"ES";0,5;1;32
7;2025;"0-12";NA;NA;NA;NA;NA;24;26;"ES";0,5;1;32
8;2025;"0-12";NA;NA;NA;NA;NA;24;28;"ES";0,5;1;32
9;2025;"0-12";NA;NA;NA;NA;NA;26;19;"ES";0,5;1;32
10;2025;"0-12";NA;NA;NA;NA;NA;26;31;"ES";0,5;1;32
11;2025;"0-12";NA;NA;NA;NA;NA;36;28;"ES";0,5;1;32
12;2025;"0-12";NA;NA;NA;NA;NA;41;48;"ES";0,5;1;32
13;2025;"0-12";NA;NA;NA;NA;NA;54;47;"ES";0,5;1;32
14;2025;"0-12";NA;NA;NA;NA;NA;60;66;"ES";0,5;1;32
15;2025;"0-12";NA;NA;NA;NA;NA;53;68;"ES";0,5;1;32
16;2025;"0-12";NA;NA;NA;NA;NA;46;25;"ES";0,5;1;32
17;2025;"0-12";NA;NA;NA;NA;NA;48;44;"ES";0,5;1;32
18;2025;"0-12";NA;NA;NA;NA;NA;70;75;"ES";0,5;1;32
19;2025;"0-12";NA;NA;NA;NA;NA;84;92;"ES";0,5;1;32
20;2025;"0-12";NA;NA;NA;NA;NA;88;85;"ES";0,5;1;32
21;2025;"0-12";NA;NA;NA;NA;NA;90;88;"ES";0,5;1;32
22;2025;"0-12";NA;NA;NA;NA;NA;86;96;"ES";0,5;1;32
23;2025;"0-12";NA;NA;NA;NA;NA;78;73;"ES";0,5;1;32
24;2025;"0-12";NA;NA;NA;NA;NA;67;64;"ES";0,5;1;32
25;2025;"0-12";NA;NA;NA;NA;NA;60;65;"ES";0,5;1;32
26;2025;"0-12";NA;NA;NA;NA;NA;57;52;"ES";0,5;1;32
27;2025;"0-12";NA;NA;NA;NA;NA;51;53;"ES";0,5;1;32
28;2025;"0-12";NA;NA;NA;NA;NA;48;49;"ES";0,5;1;32
29;2025;"0-12";NA;NA;NA;NA;NA;42;43;"ES";0,5;1;32
30;2025;"0-12";NA;NA;NA;NA;NA;36;34;"ES";0,5;1;32
31;2025;"0-12";NA;NA;NA;NA;NA;31;30;"ES";0,5;1;32
32;2025;"0-12";NA;NA;NA;NA;NA;28;28;"ES";0,5;1;32
33;2025;"0-12";NA;NA;NA;NA;NA;27;26;"ES";0,5;1;32
34;2025;"0-12";NA;NA;NA;NA;NA;31;26;"ES";0,5;1;32
35;2025;"0-12";NA;NA;NA;NA;NA;44;41;"ES";0,5;1;32
36;2025;"0-12";NA;NA;NA;NA;NA;46;65;"ES";0,5;1;32
37;2025;"0-12";NA;NA;NA;NA;NA;46;32;"ES";0,5;1;32
38;2025;"0-12";NA;NA;NA;NA;NA;37;42;"ES";0,5;1;32
39;2025;"0-12";NA;NA;NA;NA;NA;47;37;"ES";0,5;1;32
40;2025;"0-12";NA;NA;NA;NA;NA;51;63;"ES";0,5;1;32
41;2025;"0-12";NA;NA;NA;NA;NA;57;53;"ES";0,5;1;32
42;2025;"0-12";NA;NA;NA;NA;NA;51;56;"ES";0,5;1;32
43;2025;"0-12";NA;NA;NA;NA;NA;47;43;"ES";0,5;1;32
44;2025;"0-12";NA;NA;NA;NA;NA;42;42;"ES";0,5;1;32
45;2025;"0-12";NA;NA;NA;NA;NA;41;41;"ES";0,5;1;32
46;2025;"0-12";NA;NA;NA;NA;NA;40;39;"ES";0,5;1;32
47;2025;"0-12";NA;NA;NA;NA;NA;37;40;"ES";0,5;1;32
48;2025;"0-12";NA;NA;NA;NA;NA;39;32;"ES";0,5;1;32
49;2025;"0-12";NA;NA;NA;NA;NA;33;44;"ES";0,5;1;32
50;2025;"0-12";NA;NA;NA;NA;NA;28;23;"ES";0,5;1;32
51;2025;"0-12";NA;NA;NA;NA;NA;16;18;"ES";0,5;1;32
52;2025;"0-12";NA;NA;NA;NA;NA;11;7;"ES";0,5;1;32
53;2025;"0-12";NA;NA;NA;NA;NA;9;9;"ES";0,5;1;32
1;2026;"0-12";NA;NA;NA;NA;NA;8;10;"ES";0,5;1;32
2;2026;"0-12";NA;NA;NA;NA;NA;10;6;"ES";0,5;1;32
3;2026;"0-12";NA;NA;NA;NA;NA;10;13;"ES";0,5;1;32
4;2026;"0-12";NA;NA;NA;NA;NA;14;12;"ES";0,5;1;32
5;2026;"0-12";NA;NA;NA;NA;NA;16;18;"ES";0,5;1;32
6;2026;"0-12";NA;NA;NA;NA;NA;21;17;"ES";0,5;1;32
7;2026;"0-12";NA;NA;NA;NA;NA;21;28;"ES";0,5;1;32
8;2026;"0-12";NA;NA;NA;NA;NA;28;19;"ES";0,5;1;32
9;2026;"0-12";36;37;36;36;36;32;36;"ES";0,5;1;32
10;2026;"0-12";42;43;42;42;42;38;42;"ES";0,5;1;32
11;2026;"0-12";35;37;35;35;35;39;35;"ES";0,5;1;32
12;2026;"0-12";40;42;40;41;40;39;40;"ES";0,5;1;32
13;2026;"0-12";41;43;41;42;41;38;41;"ES";0,5;1;32
14;2026;"0-12";33;36;32;34;32;36;33;"ES";0,5;1;32
15;2026;"0-12";34;39;32;35;33;32;32;"ES";0,5;1;32
16;2026;"0-12";30;37;27;32;29;37;26;"ES";0,5;1;32
17;2026;"0-12";46;55;39;49;43;44;39;"ES";0,5;1;32
18;2026;"0-12";56;79;42;62;50,75;53;38;"ES";0,5;1;32
19;2026;"0-12";57;111,075;28;72;44;NA;27;"ES";0,5;1;32
1;2022;"0-12";NA;NA;NA;NA;NA;NA;49;"GO";0;-0,5;52
2;2022;"0-12";NA;NA;NA;NA;NA;41;33;"GO";0;-0,5;52
3;2022;"0-12";NA;NA;NA;NA;NA;38;41;"GO";0;-0,5;52
4;2022;"0-12";NA;NA;NA;NA;NA;38;40;"GO";0;-0,5;52
5;2022;"0-12";NA;NA;NA;NA;NA;38;33;"GO";0;-0,5;52
6;2022;"0-12";NA;NA;NA;NA;NA;44;40;"GO";0;-0,5;52
7;2022;"0-12";NA;NA;NA;NA;NA;58;60;"GO";0;-0,5;52
8;2022;"0-12";NA;NA;NA;NA;NA;63;73;"GO";0;-0,5;52
9;2022;"0-12";NA;NA;NA;NA;NA;65;55;"GO";0;-0,5;52
10;2022;"0-12";NA;NA;NA;NA;NA;60;66;"GO";0;-0,5;52
11;2022;"0-12";NA;NA;NA;NA;NA;55;58;"GO";0;-0,5;52
12;2022;"0-12";NA;NA;NA;NA;NA;45;42;"GO";0;-0,5;52
13;2022;"0-12";NA;NA;NA;NA;NA;38;34;"GO";0;-0,5;52
14;2022;"0-12";NA;NA;NA;NA;NA;38;39;"GO";0;-0,5;52
15;2022;"0-12";NA;NA;NA;NA;NA;42;41;"GO";0;-0,5;52
16;2022;"0-12";NA;NA;NA;NA;NA;38;47;"GO";0;-0,5;52
17;2022;"0-12";NA;NA;NA;NA;NA;35;27;"GO";0;-0,5;52
18;2022;"0-12";NA;NA;NA;NA;NA;36;30;"GO";0;-0,5;52
19;2022;"0-12";NA;NA;NA;NA;NA;43;51;"GO";0;-0,5;52
20;2022;"0-12";NA;NA;NA;NA;NA;43;48;"GO";0;-0,5;52
21;2022;"0-12";NA;NA;NA;NA;NA;41;30;"GO";0;-0,5;52
22;2022;"0-12";NA;NA;NA;NA;NA;43;46;"GO";0;-0,5;52
23;2022;"0-12";NA;NA;NA;NA;NA;44;52;"GO";0;-0,5;52
24;2022;"0-12";NA;NA;NA;NA;NA;38;33;"GO";0;-0,5;52
25;2022;"0-12";NA;NA;NA;NA;NA;37;30;"GO";0;-0,5;52
26;2022;"0-12";NA;NA;NA;NA;NA;36;49;"GO";0;-0,5;52
27;2022;"0-12";NA;NA;NA;NA;NA;33;29;"GO";0;-0,5;52
28;2022;"0-12";NA;NA;NA;NA;NA;23;20;"GO";0;-0,5;52
29;2022;"0-12";NA;NA;NA;NA;NA;20;21;"GO";0;-0,5;52
30;2022;"0-12";NA;NA;NA;NA;NA;20;19;"GO";0;-0,5;52
31;2022;"0-12";NA;NA;NA;NA;NA;22;21;"GO";0;-0,5;52
32;2022;"0-12";NA;NA;NA;NA;NA;24;27;"GO";0;-0,5;52
33;2022;"0-12";NA;NA;NA;NA;NA;25;23;"GO";0;-0,5;52
34;2022;"0-12";NA;NA;NA;NA;NA;24;24;"GO";0;-0,5;52
35;2022;"0-12";NA;NA;NA;NA;NA;23;25;"GO";0;-0,5;52
36;2022;"0-12";NA;NA;NA;NA;NA;21;19;"GO";0;-0,5;52
37;2022;"0-12";NA;NA;NA;NA;NA;19;18;"GO";0;-0,5;52
38;2022;"0-12";NA;NA;NA;NA;NA;17;19;"GO";0;-0,5;52
39;2022;"0-12";NA;NA;NA;NA;NA;19;15;"GO";0;-0,5;52
40;2022;"0-12";NA;NA;NA;NA;NA;20;23;"GO";0;-0,5;52
41;2022;"0-12";NA;NA;NA;NA;NA;22;22;"GO";0;-0,5;52
42;2022;"0-12";NA;NA;NA;NA;NA;27;22;"GO";0;-0,5;52
43;2022;"0-12";NA;NA;NA;NA;NA;30;37;"GO";0;-0,5;52
44;2022;"0-12";NA;NA;NA;NA;NA;32;31;"GO";0;-0,5;52
45;2022;"0-12";NA;NA;NA;NA;NA;32;28;"GO";0;-0,5;52
46;2022;"0-12";NA;NA;NA;NA;NA;34;38;"GO";0;-0,5;52
47;2022;"0-12";NA;NA;NA;NA;NA;37;36;"GO";0;-0,5;52
48;2022;"0-12";NA;NA;NA;NA;NA;37;37;"GO";0;-0,5;52
49;2022;"0-12";NA;NA;NA;NA;NA;39;38;"GO";0;-0,5;52
50;2022;"0-12";NA;NA;NA;NA;NA;42;42;"GO";0;-0,5;52
51;2022;"0-12";NA;NA;NA;NA;NA;38;45;"GO";0;-0,5;52
52;2022;"0-12";NA;NA;NA;NA;NA;35;28;"GO";0;-0,5;52
1;2023;"0-12";NA;NA;NA;NA;NA;26;32;"GO";0;-0,5;52
2;2023;"0-12";NA;NA;NA;NA;NA;28;18;"GO";0;-0,5;52
3;2023;"0-12";NA;NA;NA;NA;NA;30;33;"GO";0;-0,5;52
4;2023;"0-12";NA;NA;NA;NA;NA;54;39;"GO";0;-0,5;52
5;2023;"0-12";NA;NA;NA;NA;NA;76;90;"GO";0;-0,5;52
6;2023;"0-12";NA;NA;NA;NA;NA;89;98;"GO";0;-0,5;52
7;2023;"0-12";NA;NA;NA;NA;NA;81;79;"GO";0;-0,5;52
8;2023;"0-12";NA;NA;NA;NA;NA;71;66;"GO";0;-0,5;52
9;2023;"0-12";NA;NA;NA;NA;NA;66;68;"GO";0;-0,5;52
10;2023;"0-12";NA;NA;NA;NA;NA;73;64;"GO";0;-0,5;52
11;2023;"0-12";NA;NA;NA;NA;NA;77;86;"GO";0;-0,5;52
12;2023;"0-12";NA;NA;NA;NA;NA;88;82;"GO";0;-0,5;52
13;2023;"0-12";NA;NA;NA;NA;NA;82;95;"GO";0;-0,5;52
14;2023;"0-12";NA;NA;NA;NA;NA;76;68;"GO";0;-0,5;52
15;2023;"0-12";NA;NA;NA;NA;NA;64;66;"GO";0;-0,5;52
16;2023;"0-12";NA;NA;NA;NA;NA;60;59;"GO";0;-0,5;52
17;2023;"0-12";NA;NA;NA;NA;NA;56;56;"GO";0;-0,5;52
18;2023;"0-12";NA;NA;NA;NA;NA;58;53;"GO";0;-0,5;52
19;2023;"0-12";NA;NA;NA;NA;NA;66;65;"GO";0;-0,5;52
20;2023;"0-12";NA;NA;NA;NA;NA;73;80;"GO";0;-0,5;52
21;2023;"0-12";NA;NA;NA;NA;NA;72;73;"GO";0;-0,5;52
22;2023;"0-12";NA;NA;NA;NA;NA;61;63;"GO";0;-0,5;52
23;2023;"0-12";NA;NA;NA;NA;NA;53;48;"GO";0;-0,5;52
24;2023;"0-12";NA;NA;NA;NA;NA;53;47;"GO";0;-0,5;52
25;2023;"0-12";NA;NA;NA;NA;NA;55;64;"GO";0;-0,5;52
26;2023;"0-12";NA;NA;NA;NA;NA;55;54;"GO";0;-0,5;52
27;2023;"0-12";NA;NA;NA;NA;NA;46;48;"GO";0;-0,5;52
28;2023;"0-12";NA;NA;NA;NA;NA;42;36;"GO";0;-0,5;52
29;2023;"0-12";NA;NA;NA;NA;NA;32;41;"GO";0;-0,5;52
30;2023;"0-12";NA;NA;NA;NA;NA;27;20;"GO";0;-0,5;52
31;2023;"0-12";NA;NA;NA;NA;NA;24;19;"GO";0;-0,5;52
32;2023;"0-12";NA;NA;NA;NA;NA;31;33;"GO";0;-0,5;52
33;2023;"0-12";NA;NA;NA;NA;NA;46;41;"GO";0;-0,5;52
34;2023;"0-12";NA;NA;NA;NA;NA;50;63;"GO";0;-0,5;52
35;2023;"0-12";NA;NA;NA;NA;NA;52;46;"GO";0;-0,5;52
36;2023;"0-12";NA;NA;NA;NA;NA;42;47;"GO";0;-0,5;52
37;2023;"0-12";NA;NA;NA;NA;NA;40;33;"GO";0;-0,5;52
38;2023;"0-12";NA;NA;NA;NA;NA;35;39;"GO";0;-0,5;52
39;2023;"0-12";NA;NA;NA;NA;NA;32;33;"GO";0;-0,5;52
40;2023;"0-12";NA;NA;NA;NA;NA;26;24;"GO";0;-0,5;52
41;2023;"0-12";NA;NA;NA;NA;NA;25;22;"GO";0;-0,5;52
42;2023;"0-12";NA;NA;NA;NA;NA;27;30;"GO";0;-0,5;52
43;2023;"0-12";NA;NA;NA;NA;NA;29;30;"GO";0;-0,5;52
44;2023;"0-12";NA;NA;NA;NA;NA;28;28;"GO";0;-0,5;52
45;2023;"0-12";NA;NA;NA;NA;NA;23;26;"GO";0;-0,5;52
46;2023;"0-12";NA;NA;NA;NA;NA;23;16;"GO";0;-0,5;52
47;2023;"0-12";NA;NA;NA;NA;NA;21;27;"GO";0;-0,5;52
48;2023;"0-12";NA;NA;NA;NA;NA;25;21;"GO";0;-0,5;52
49;2023;"0-12";NA;NA;NA;NA;NA;26;27;"GO";0;-0,5;52
50;2023;"0-12";NA;NA;NA;NA;NA;29;30;"GO";0;-0,5;52
51;2023;"0-12";NA;NA;NA;NA;NA;25;29;"GO";0;-0,5;52
52;2023;"0-12";NA;NA;NA;NA;NA;17;15;"GO";0;-0,5;52
1;2024;"0-12";NA;NA;NA;NA;NA;12;8;"GO";0;-0,5;52
2;2024;"0-12";NA;NA;NA;NA;NA;12;12;"GO";0;-0,5;52
3;2024;"0-12";NA;NA;NA;NA;NA;16;16;"GO";0;-0,5;52
4;2024;"0-12";NA;NA;NA;NA;NA;25;20;"GO";0;-0,5;52
5;2024;"0-12";NA;NA;NA;NA;NA;30;39;"GO";0;-0,5;52
6;2024;"0-12";NA;NA;NA;NA;NA;36;31;"GO";0;-0,5;52
7;2024;"0-12";NA;NA;NA;NA;NA;41;37;"GO";0;-0,5;52
8;2024;"0-12";NA;NA;NA;NA;NA;49;54;"GO";0;-0,5;52
9;2024;"0-12";NA;NA;NA;NA;NA;58;57;"GO";0;-0,5;52
10;2024;"0-12";NA;NA;NA;NA;NA;63;64;"GO";0;-0,5;52
11;2024;"0-12";NA;NA;NA;NA;NA;66;69;"GO";0;-0,5;52
12;2024;"0-12";NA;NA;NA;NA;NA;68;65;"GO";0;-0,5;52
13;2024;"0-12";NA;NA;NA;NA;NA;77;69;"GO";0;-0,5;52
14;2024;"0-12";NA;NA;NA;NA;NA;85;97;"GO";0;-0,5;52
15;2024;"0-12";NA;NA;NA;NA;NA;85;89;"GO";0;-0,5;52
16;2024;"0-12";NA;NA;NA;NA;NA;74;69;"GO";0;-0,5;52
17;2024;"0-12";NA;NA;NA;NA;NA;68;64;"GO";0;-0,5;52
18;2024;"0-12";NA;NA;NA;NA;NA;63;70;"GO";0;-0,5;52
19;2024;"0-12";NA;NA;NA;NA;NA;61;56;"GO";0;-0,5;52
20;2024;"0-12";NA;NA;NA;NA;NA;48;57;"GO";0;-0,5;52
21;2024;"0-12";NA;NA;NA;NA;NA;43;32;"GO";0;-0,5;52
22;2024;"0-12";NA;NA;NA;NA;NA;36;40;"GO";0;-0,5;52
23;2024;"0-12";NA;NA;NA;NA;NA;35;36;"GO";0;-0,5;52
24;2024;"0-12";NA;NA;NA;NA;NA;32;28;"GO";0;-0,5;52
25;2024;"0-12";NA;NA;NA;NA;NA;33;31;"GO";0;-0,5;52
26;2024;"0-12";NA;NA;NA;NA;NA;31;39;"GO";0;-0,5;52
27;2024;"0-12";NA;NA;NA;NA;NA;28;24;"GO";0;-0,5;52
28;2024;"0-12";NA;NA;NA;NA;NA;22;21;"GO";0;-0,5;52
29;2024;"0-12";NA;NA;NA;NA;NA;20;21;"GO";0;-0,5;52
30;2024;"0-12";NA;NA;NA;NA;NA;20;18;"GO";0;-0,5;52
31;2024;"0-12";NA;NA;NA;NA;NA;19;20;"GO";0;-0,5;52
32;2024;"0-12";NA;NA;NA;NA;NA;23;18;"GO";0;-0,5;52
33;2024;"0-12";NA;NA;NA;NA;NA;31;32;"GO";0;-0,5;52
34;2024;"0-12";NA;NA;NA;NA;NA;37;44;"GO";0;-0,5;52
35;2024;"0-12";NA;NA;NA;NA;NA;44;36;"GO";0;-0,5;52
36;2024;"0-12";NA;NA;NA;NA;NA;39;51;"GO";0;-0,5;52
37;2024;"0-12";NA;NA;NA;NA;NA;38;29;"GO";0;-0,5;52
38;2024;"0-12";NA;NA;NA;NA;NA;29;35;"GO";0;-0,5;52
39;2024;"0-12";NA;NA;NA;NA;NA;29;23;"GO";0;-0,5;52
40;2024;"0-12";NA;NA;NA;NA;NA;28;30;"GO";0;-0,5;52
41;2024;"0-12";NA;NA;NA;NA;NA;31;32;"GO";0;-0,5;52
42;2024;"0-12";NA;NA;NA;NA;NA;37;31;"GO";0;-0,5;52
43;2024;"0-12";NA;NA;NA;NA;NA;44;47;"GO";0;-0,5;52
44;2024;"0-12";NA;NA;NA;NA;NA;46;54;"GO";0;-0,5;52
45;2024;"0-12";NA;NA;NA;NA;NA;43;38;"GO";0;-0,5;52
46;2024;"0-12";NA;NA;NA;NA;NA;36;37;"GO";0;-0,5;52
47;2024;"0-12";NA;NA;NA;NA;NA;31;33;"GO";0;-0,5;52
48;2024;"0-12";NA;NA;NA;NA;NA;36;23;"GO";0;-0,5;52
49;2024;"0-12";NA;NA;NA;NA;NA;41;52;"GO";0;-0,5;52
50;2024;"0-12";NA;NA;NA;NA;NA;48;47;"GO";0;-0,5;52
51;2024;"0-12";NA;NA;NA;NA;NA;43;44;"GO";0;-0,5;52
52;2024;"0-12";NA;NA;NA;NA;NA;39;37;"GO";0;-0,5;52
1;2025;"0-12";NA;NA;NA;NA;NA;33;36;"GO";0;-0,5;52
2;2025;"0-12";NA;NA;NA;NA;NA;32;26;"GO";0;-0,5;52
3;2025;"0-12";NA;NA;NA;NA;NA;33;34;"GO";0;-0,5;52
4;2025;"0-12";NA;NA;NA;NA;NA;52;40;"GO";0;-0,5;52
5;2025;"0-12";NA;NA;NA;NA;NA;65;82;"GO";0;-0,5;52
6;2025;"0-12";NA;NA;NA;NA;NA;91;73;"GO";0;-0,5;52
7;2025;"0-12";NA;NA;NA;NA;NA;97;118;"GO";0;-0,5;52
8;2025;"0-12";NA;NA;NA;NA;NA;99;101;"GO";0;-0,5;52
9;2025;"0-12";NA;NA;NA;NA;NA;94;79;"GO";0;-0,5;52
10;2025;"0-12";NA;NA;NA;NA;NA;97;102;"GO";0;-0,5;52
11;2025;"0-12";NA;NA;NA;NA;NA;108;111;"GO";0;-0,5;52
12;2025;"0-12";NA;NA;NA;NA;NA;111;112;"GO";0;-0,5;52
13;2025;"0-12";NA;NA;NA;NA;NA;121;111;"GO";0;-0,5;52
14;2025;"0-12";NA;NA;NA;NA;NA;117;140;"GO";0;-0,5;52
15;2025;"0-12";NA;NA;NA;NA;NA;121;100;"GO";0;-0,5;52
16;2025;"0-12";NA;NA;NA;NA;NA;112;122;"GO";0;-0,5;52
17;2025;"0-12";NA;NA;NA;NA;NA;116;115;"GO";0;-0,5;52
18;2025;"0-12";NA;NA;NA;NA;NA;120;112;"GO";0;-0,5;52
19;2025;"0-12";NA;NA;NA;NA;NA;134;134;"GO";0;-0,5;52
20;2025;"0-12";NA;NA;NA;NA;NA;139;157;"GO";0;-0,5;52
21;2025;"0-12";NA;NA;NA;NA;NA;131;125;"GO";0;-0,5;52
22;2025;"0-12";NA;NA;NA;NA;NA;116;110;"GO";0;-0,5;52
23;2025;"0-12";NA;NA;NA;NA;NA;100;112;"GO";0;-0,5;52
24;2025;"0-12";NA;NA;NA;NA;NA;92;77;"GO";0;-0,5;52
25;2025;"0-12";NA;NA;NA;NA;NA;78;87;"GO";0;-0,5;52
26;2025;"0-12";NA;NA;NA;NA;NA;75;69;"GO";0;-0,5;52
27;2025;"0-12";NA;NA;NA;NA;NA;58;70;"GO";0;-0,5;52
28;2025;"0-12";NA;NA;NA;NA;NA;46;35;"GO";0;-0,5;52
29;2025;"0-12";NA;NA;NA;NA;NA;31;34;"GO";0;-0,5;52
30;2025;"0-12";NA;NA;NA;NA;NA;29;23;"GO";0;-0,5;52
31;2025;"0-12";NA;NA;NA;NA;NA;28;30;"GO";0;-0,5;52
32;2025;"0-12";NA;NA;NA;NA;NA;38;31;"GO";0;-0,5;52
33;2025;"0-12";NA;NA;NA;NA;NA;48;52;"GO";0;-0,5;52
34;2025;"0-12";NA;NA;NA;NA;NA;59;60;"GO";0;-0,5;52
35;2025;"0-12";NA;NA;NA;NA;NA;62;65;"GO";0;-0,5;52
36;2025;"0-12";NA;NA;NA;NA;NA;65;62;"GO";0;-0,5;52
37;2025;"0-12";NA;NA;NA;NA;NA;67;68;"GO";0;-0,5;52
38;2025;"0-12";NA;NA;NA;NA;NA;70;72;"GO";0;-0,5;52
39;2025;"0-12";NA;NA;NA;NA;NA;75;69;"GO";0;-0,5;52
40;2025;"0-12";NA;NA;NA;NA;NA;70;85;"GO";0;-0,5;52
41;2025;"0-12";NA;NA;NA;NA;NA;72;56;"GO";0;-0,5;52
42;2025;"0-12";NA;NA;NA;NA;NA;62;76;"GO";0;-0,5;52
43;2025;"0-12";NA;NA;NA;NA;NA;59;53;"GO";0;-0,5;52
44;2025;"0-12";NA;NA;NA;NA;NA;48;48;"GO";0;-0,5;52
45;2025;"0-12";NA;NA;NA;NA;NA;48;42;"GO";0;-0,5;52
46;2025;"0-12";NA;NA;NA;NA;NA;46;53;"GO";0;-0,5;52
47;2025;"0-12";NA;NA;NA;NA;NA;47;42;"GO";0;-0,5;52
48;2025;"0-12";NA;NA;NA;NA;NA;43;46;"GO";0;-0,5;52
49;2025;"0-12";NA;NA;NA;NA;NA;46;40;"GO";0;-0,5;52
50;2025;"0-12";NA;NA;NA;NA;NA;39;53;"GO";0;-0,5;52
51;2025;"0-12";NA;NA;NA;NA;NA;38;25;"GO";0;-0,5;52
52;2025;"0-12";NA;NA;NA;NA;NA;32;37;"GO";0;-0,5;52
53;2025;"0-12";NA;NA;NA;NA;NA;33;33;"GO";0;-0,5;52
1;2026;"0-12";NA;NA;NA;NA;NA;29;28;"GO";0;-0,5;52
2;2026;"0-12";NA;NA;NA;NA;NA;31;27;"GO";0;-0,5;52
3;2026;"0-12";NA;NA;NA;NA;NA;41;37;"GO";0;-0,5;52
4;2026;"0-12";NA;NA;NA;NA;NA;58;58;"GO";0;-0,5;52
5;2026;"0-12";NA;NA;NA;NA;NA;74;79;"GO";0;-0,5;52
6;2026;"0-12";NA;NA;NA;NA;NA;89;84;"GO";0;-0,5;52
7;2026;"0-12";NA;NA;NA;NA;NA;87;103;"GO";0;-0,5;52
8;2026;"0-12";NA;NA;NA;NA;NA;95;74;"GO";0;-0,5;52
9;2026;"0-12";NA;NA;NA;NA;NA;98;109;"GO";0;-0,5;52
10;2026;"0-12";NA;NA;NA;NA;NA;103;111;"GO";0;-0,5;52
11;2026;"0-12";90;91;90;90;90;112;90;"GO";0;-0,5;52
12;2026;"0-12";135;137;135;136;135;118;135;"GO";0;-0,5;52
13;2026;"0-12";130;133;129;131;129;136;133;"GO";0;-0,5;52
14;2026;"0-12";142;146,025;140;143;141;134;141;"GO";0;-0,5;52
15;2026;"0-12";131;136;128;133;130;128;131;"GO";0;-0,5;52
16;2026;"0-12";111;118;106;113;109;114;110;"GO";0;-0,5;52
17;2026;"0-12";99;110;91,975;102;96;111;92;"GO";0;-0,5;52
18;2026;"0-12";123;144;111;129;118;109;108;"GO";0;-0,5;52
19;2026;"0-12";104;183;63;123;86;NA;98;"GO";0;-0,5;52
1;2022;"0-12";NA;NA;NA;NA;NA;NA;16;"MA";0;0;21
2;2022;"0-12";NA;NA;NA;NA;NA;13;13;"MA";0;0;21
3;2022;"0-12";NA;NA;NA;NA;NA;11;11;"MA";0;0;21
4;2022;"0-12";NA;NA;NA;NA;NA;8;9;"MA";0;0;21
5;2022;"0-12";NA;NA;NA;NA;NA;7;4;"MA";0;0;21
6;2022;"0-12";NA;NA;NA;NA;NA;7;8;"MA";0;0;21
7;2022;"0-12";NA;NA;NA;NA;NA;7;10;"MA";0;0;21
8;2022;"0-12";NA;NA;NA;NA;NA;11;4;"MA";0;0;21
9;2022;"0-12";NA;NA;NA;NA;NA;15;19;"MA";0;0;21
10;2022;"0-12";NA;NA;NA;NA;NA;21;21;"MA";0;0;21
11;2022;"0-12";NA;NA;NA;NA;NA;27;24;"MA";0;0;21
12;2022;"0-12";NA;NA;NA;NA;NA;27;36;"MA";0;0;21
13;2022;"0-12";NA;NA;NA;NA;NA;29;22;"MA";0;0;21
14;2022;"0-12";NA;NA;NA;NA;NA;29;30;"MA";0;0;21
15;2022;"0-12";NA;NA;NA;NA;NA;38;36;"MA";0;0;21
16;2022;"0-12";NA;NA;NA;NA;NA;41;48;"MA";0;0;21
17;2022;"0-12";NA;NA;NA;NA;NA;42;38;"MA";0;0;21
18;2022;"0-12";NA;NA;NA;NA;NA;39;40;"MA";0;0;21
19;2022;"0-12";NA;NA;NA;NA;NA;40;39;"MA";0;0;21
20;2022;"0-12";NA;NA;NA;NA;NA;38;42;"MA";0;0;21
21;2022;"0-12";NA;NA;NA;NA;NA;35;34;"MA";0;0;21
22;2022;"0-12";NA;NA;NA;NA;NA;30;29;"MA";0;0;21
23;2022;"0-12";NA;NA;NA;NA;NA;26;26;"MA";0;0;21
24;2022;"0-12";NA;NA;NA;NA;NA;25;23;"MA";0;0;21
25;2022;"0-12";NA;NA;NA;NA;NA;22;25;"MA";0;0;21
26;2022;"0-12";NA;NA;NA;NA;NA;20;17;"MA";0;0;21
27;2022;"0-12";NA;NA;NA;NA;NA;19;19;"MA";0;0;21
28;2022;"0-12";NA;NA;NA;NA;NA;18;20;"MA";0;0;21
29;2022;"0-12";NA;NA;NA;NA;NA;15;15;"MA";0;0;21
30;2022;"0-12";NA;NA;NA;NA;NA;10;10;"MA";0;0;21
31;2022;"0-12";NA;NA;NA;NA;NA;9;4;"MA";0;0;21
32;2022;"0-12";NA;NA;NA;NA;NA;10;14;"MA";0;0;21
33;2022;"0-12";NA;NA;NA;NA;NA;14;11;"MA";0;0;21
34;2022;"0-12";NA;NA;NA;NA;NA;14;16;"MA";0;0;21
35;2022;"0-12";NA;NA;NA;NA;NA;13;14;"MA";0;0;21
36;2022;"0-12";NA;NA;NA;NA;NA;9;8;"MA";0;0;21
37;2022;"0-12";NA;NA;NA;NA;NA;8;6;"MA";0;0;21
38;2022;"0-12";NA;NA;NA;NA;NA;8;9;"MA";0;0;21
39;2022;"0-12";NA;NA;NA;NA;NA;8;9;"MA";0;0;21
40;2022;"0-12";NA;NA;NA;NA;NA;10;6;"MA";0;0;21
41;2022;"0-12";NA;NA;NA;NA;NA;11;14;"MA";0;0;21
42;2022;"0-12";NA;NA;NA;NA;NA;11;13;"MA";0;0;21
43;2022;"0-12";NA;NA;NA;NA;NA;9;5;"MA";0;0;21
44;2022;"0-12";NA;NA;NA;NA;NA;8;9;"MA";0;0;21
45;2022;"0-12";NA;NA;NA;NA;NA;9;10;"MA";0;0;21
46;2022;"0-12";NA;NA;NA;NA;NA;8;9;"MA";0;0;21
47;2022;"0-12";NA;NA;NA;NA;NA;5;4;"MA";0;0;21
48;2022;"0-12";NA;NA;NA;NA;NA;6;3;"MA";0;0;21
49;2022;"0-12";NA;NA;NA;NA;NA;8;12;"MA";0;0;21
50;2022;"0-12";NA;NA;NA;NA;NA;9;9;"MA";0;0;21
51;2022;"0-12";NA;NA;NA;NA;NA;9;7;"MA";0;0;21
52;2022;"0-12";NA;NA;NA;NA;NA;8;10;"MA";0;0;21
1;2023;"0-12";NA;NA;NA;NA;NA;7;7;"MA";0;0;21
2;2023;"0-12";NA;NA;NA;NA;NA;7;5;"MA";0;0;21
3;2023;"0-12";NA;NA;NA;NA;NA;8;9;"MA";0;0;21
4;2023;"0-12";NA;NA;NA;NA;NA;9;9;"MA";0;0;21
5;2023;"0-12";NA;NA;NA;NA;NA;9;8;"MA";0;0;21
6;2023;"0-12";NA;NA;NA;NA;NA;11;9;"MA";0;0;21
7;2023;"0-12";NA;NA;NA;NA;NA;12;16;"MA";0;0;21
8;2023;"0-12";NA;NA;NA;NA;NA;15;10;"MA";0;0;21
9;2023;"0-12";NA;NA;NA;NA;NA;17;19;"MA";0;0;21
10;2023;"0-12";NA;NA;NA;NA;NA;20;22;"MA";0;0;21
11;2023;"0-12";NA;NA;NA;NA;NA;22;20;"MA";0;0;21
12;2023;"0-12";NA;NA;NA;NA;NA;25;25;"MA";0;0;21
13;2023;"0-12";NA;NA;NA;NA;NA;31;31;"MA";0;0;21
14;2023;"0-12";NA;NA;NA;NA;NA;36;36;"MA";0;0;21
15;2023;"0-12";NA;NA;NA;NA;NA;39;40;"MA";0;0;21
16;2023;"0-12";NA;NA;NA;NA;NA;39;40;"MA";0;0;21
17;2023;"0-12";NA;NA;NA;NA;NA;46;37;"MA";0;0;21
18;2023;"0-12";NA;NA;NA;NA;NA;51;60;"MA";0;0;21
19;2023;"0-12";NA;NA;NA;NA;NA;61;57;"MA";0;0;21
20;2023;"0-12";NA;NA;NA;NA;NA;57;66;"MA";0;0;21
21;2023;"0-12";NA;NA;NA;NA;NA;55;49;"MA";0;0;21
22;2023;"0-12";NA;NA;NA;NA;NA;51;49;"MA";0;0;21
23;2023;"0-12";NA;NA;NA;NA;NA;51;55;"MA";0;0;21
24;2023;"0-12";NA;NA;NA;NA;NA;51;50;"MA";0;0;21
25;2023;"0-12";NA;NA;NA;NA;NA;43;47;"MA";0;0;21
26;2023;"0-12";NA;NA;NA;NA;NA;37;32;"MA";0;0;21
27;2023;"0-12";NA;NA;NA;NA;NA;31;33;"MA";0;0;21
28;2023;"0-12";NA;NA;NA;NA;NA;26;27;"MA";0;0;21
29;2023;"0-12";NA;NA;NA;NA;NA;19;18;"MA";0;0;21
30;2023;"0-12";NA;NA;NA;NA;NA;14;11;"MA";0;0;21
31;2023;"0-12";NA;NA;NA;NA;NA;13;13;"MA";0;0;21
32;2023;"0-12";NA;NA;NA;NA;NA;15;16;"MA";0;0;21
33;2023;"0-12";NA;NA;NA;NA;NA;15;16;"MA";0;0;21
34;2023;"0-12";NA;NA;NA;NA;NA;14;14;"MA";0;0;21
35;2023;"0-12";NA;NA;NA;NA;NA;15;13;"MA";0;0;21
36;2023;"0-12";NA;NA;NA;NA;NA;15;17;"MA";0;0;21
37;2023;"0-12";NA;NA;NA;NA;NA;16;14;"MA";0;0;21
38;2023;"0-12";NA;NA;NA;NA;NA;13;17;"MA";0;0;21
39;2023;"0-12";NA;NA;NA;NA;NA;13;8;"MA";0;0;21
40;2023;"0-12";NA;NA;NA;NA;NA;11;14;"MA";0;0;21
41;2023;"0-12";NA;NA;NA;NA;NA;14;12;"MA";0;0;21
42;2023;"0-12";NA;NA;NA;NA;NA;15;16;"MA";0;0;21
43;2023;"0-12";NA;NA;NA;NA;NA;15;17;"MA";0;0;21
44;2023;"0-12";NA;NA;NA;NA;NA;16;13;"MA";0;0;21
45;2023;"0-12";NA;NA;NA;NA;NA;14;17;"MA";0;0;21
46;2023;"0-12";NA;NA;NA;NA;NA;15;13;"MA";0;0;21
47;2023;"0-12";NA;NA;NA;NA;NA;13;16;"MA";0;0;21
48;2023;"0-12";NA;NA;NA;NA;NA;13;11;"MA";0;0;21
49;2023;"0-12";NA;NA;NA;NA;NA;13;11;"MA";0;0;21
50;2023;"0-12";NA;NA;NA;NA;NA;12;17;"MA";0;0;21
51;2023;"0-12";NA;NA;NA;NA;NA;11;8;"MA";0;0;21
52;2023;"0-12";NA;NA;NA;NA;NA;10;7;"MA";0;0;21
1;2024;"0-12";NA;NA;NA;NA;NA;8;14;"MA";0;0;21
2;2024;"0-12";NA;NA;NA;NA;NA;9;3;"MA";0;0;21
3;2024;"0-12";NA;NA;NA;NA;NA;6;9;"MA";0;0;21
4;2024;"0-12";NA;NA;NA;NA;NA;7;6;"MA";0;0;21
5;2024;"0-12";NA;NA;NA;NA;NA;9;7;"MA";0;0;21
6;2024;"0-12";NA;NA;NA;NA;NA;10;13;"MA";0;0;21
7;2024;"0-12";NA;NA;NA;NA;NA;15;11;"MA";0;0;21
8;2024;"0-12";NA;NA;NA;NA;NA;17;20;"MA";0;0;21
9;2024;"0-12";NA;NA;NA;NA;NA;18;19;"MA";0;0;21
10;2024;"0-12";NA;NA;NA;NA;NA;21;15;"MA";0;0;21
11;2024;"0-12";NA;NA;NA;NA;NA;22;29;"MA";0;0;21
12;2024;"0-12";NA;NA;NA;NA;NA;30;23;"MA";0;0;21
13;2024;"0-12";NA;NA;NA;NA;NA;30;37;"MA";0;0;21
14;2024;"0-12";NA;NA;NA;NA;NA;31;31;"MA";0;0;21
15;2024;"0-12";NA;NA;NA;NA;NA;30;25;"MA";0;0;21
16;2024;"0-12";NA;NA;NA;NA;NA;33;34;"MA";0;0;21
17;2024;"0-12";NA;NA;NA;NA;NA;42;40;"MA";0;0;21
18;2024;"0-12";NA;NA;NA;NA;NA;44;51;"MA";0;0;21
19;2024;"0-12";NA;NA;NA;NA;NA;49;42;"MA";0;0;21
20;2024;"0-12";NA;NA;NA;NA;NA;44;54;"MA";0;0;21
21;2024;"0-12";NA;NA;NA;NA;NA;45;37;"MA";0;0;21
22;2024;"0-12";NA;NA;NA;NA;NA;38;45;"MA";0;0;21
23;2024;"0-12";NA;NA;NA;NA;NA;37;32;"MA";0;0;21
24;2024;"0-12";NA;NA;NA;NA;NA;36;33;"MA";0;0;21
25;2024;"0-12";NA;NA;NA;NA;NA;39;42;"MA";0;0;21
26;2024;"0-12";NA;NA;NA;NA;NA;42;42;"MA";0;0;21
27;2024;"0-12";NA;NA;NA;NA;NA;35;42;"MA";0;0;21
28;2024;"0-12";NA;NA;NA;NA;NA;30;22;"MA";0;0;21
29;2024;"0-12";NA;NA;NA;NA;NA;24;26;"MA";0;0;21
30;2024;"0-12";NA;NA;NA;NA;NA;24;23;"MA";0;0;21
31;2024;"0-12";NA;NA;NA;NA;NA;21;24;"MA";0;0;21
32;2024;"0-12";NA;NA;NA;NA;NA;19;16;"MA";0;0;21
33;2024;"0-12";NA;NA;NA;NA;NA;17;16;"MA";0;0;21
34;2024;"0-12";NA;NA;NA;NA;NA;17;18;"MA";0;0;21
35;2024;"0-12";NA;NA;NA;NA;NA;20;18;"MA";0;0;21
36;2024;"0-12";NA;NA;NA;NA;NA;21;23;"MA";0;0;21
37;2024;"0-12";NA;NA;NA;NA;NA;22;21;"MA";0;0;21
38;2024;"0-12";NA;NA;NA;NA;NA;18;22;"MA";0;0;21
39;2024;"0-12";NA;NA;NA;NA;NA;16;12;"MA";0;0;21
40;2024;"0-12";NA;NA;NA;NA;NA;16;13;"MA";0;0;21
41;2024;"0-12";NA;NA;NA;NA;NA;19;24;"MA";0;0;21
42;2024;"0-12";NA;NA;NA;NA;NA;25;19;"MA";0;0;21
43;2024;"0-12";NA;NA;NA;NA;NA;25;32;"MA";0;0;21
44;2024;"0-12";NA;NA;NA;NA;NA;28;24;"MA";0;0;21
45;2024;"0-12";NA;NA;NA;NA;NA;25;28;"MA";0;0;21
46;2024;"0-12";NA;NA;NA;NA;NA;29;24;"MA";0;0;21
47;2024;"0-12";NA;NA;NA;NA;NA;28;36;"MA";0;0;21
48;2024;"0-12";NA;NA;NA;NA;NA;28;24;"MA";0;0;21
49;2024;"0-12";NA;NA;NA;NA;NA;21;23;"MA";0;0;21
50;2024;"0-12";NA;NA;NA;NA;NA;18;15;"MA";0;0;21
51;2024;"0-12";NA;NA;NA;NA;NA;14;16;"MA";0;0;21
52;2024;"0-12";NA;NA;NA;NA;NA;16;12;"MA";0;0;21
1;2025;"0-12";NA;NA;NA;NA;NA;15;20;"MA";0;0;21
2;2025;"0-12";NA;NA;NA;NA;NA;15;13;"MA";0;0;21
3;2025;"0-12";NA;NA;NA;NA;NA;12;13;"MA";0;0;21
4;2025;"0-12";NA;NA;NA;NA;NA;10;11;"MA";0;0;21
5;2025;"0-12";NA;NA;NA;NA;NA;12;5;"MA";0;0;21
6;2025;"0-12";NA;NA;NA;NA;NA;15;19;"MA";0;0;21
7;2025;"0-12";NA;NA;NA;NA;NA;21;20;"MA";0;0;21
8;2025;"0-12";NA;NA;NA;NA;NA;22;24;"MA";0;0;21
9;2025;"0-12";NA;NA;NA;NA;NA;23;21;"MA";0;0;21
10;2025;"0-12";NA;NA;NA;NA;NA;27;24;"MA";0;0;21
11;2025;"0-12";NA;NA;NA;NA;NA;34;35;"MA";0;0;21
12;2025;"0-12";NA;NA;NA;NA;NA;44;43;"MA";0;0;21
13;2025;"0-12";NA;NA;NA;NA;NA;57;55;"MA";0;0;21
14;2025;"0-12";NA;NA;NA;NA;NA;63;73;"MA";0;0;21
15;2025;"0-12";NA;NA;NA;NA;NA;55;60;"MA";0;0;21
16;2025;"0-12";NA;NA;NA;NA;NA;52;33;"MA";0;0;21
17;2025;"0-12";NA;NA;NA;NA;NA;53;64;"MA";0;0;21
18;2025;"0-12";NA;NA;NA;NA;NA;69;61;"MA";0;0;21
19;2025;"0-12";NA;NA;NA;NA;NA;86;83;"MA";0;0;21
20;2025;"0-12";NA;NA;NA;NA;NA;112;113;"MA";0;0;21
21;2025;"0-12";NA;NA;NA;NA;NA;127;140;"MA";0;0;21
22;2025;"0-12";NA;NA;NA;NA;NA;126;129;"MA";0;0;21
23;2025;"0-12";NA;NA;NA;NA;NA;112;109;"MA";0;0;21
24;2025;"0-12";NA;NA;NA;NA;NA;91;97;"MA";0;0;21
25;2025;"0-12";NA;NA;NA;NA;NA;74;66;"MA";0;0;21
26;2025;"0-12";NA;NA;NA;NA;NA;60;60;"MA";0;0;21
27;2025;"0-12";NA;NA;NA;NA;NA;54;53;"MA";0;0;21
28;2025;"0-12";NA;NA;NA;NA;NA;46;49;"MA";0;0;21
29;2025;"0-12";NA;NA;NA;NA;NA;38;37;"MA";0;0;21
30;2025;"0-12";NA;NA;NA;NA;NA;27;29;"MA";0;0;21
31;2025;"0-12";NA;NA;NA;NA;NA;20;15;"MA";0;0;21
32;2025;"0-12";NA;NA;NA;NA;NA;16;15;"MA";0;0;21
33;2025;"0-12";NA;NA;NA;NA;NA;21;17;"MA";0;0;21
34;2025;"0-12";NA;NA;NA;NA;NA;23;32;"MA";0;0;21
35;2025;"0-12";NA;NA;NA;NA;NA;27;20;"MA";0;0;21
36;2025;"0-12";NA;NA;NA;NA;NA;26;29;"MA";0;0;21
37;2025;"0-12";NA;NA;NA;NA;NA;30;30;"MA";0;0;21
38;2025;"0-12";NA;NA;NA;NA;NA;26;30;"MA";0;0;21
39;2025;"0-12";NA;NA;NA;NA;NA;27;19;"MA";0;0;21
40;2025;"0-12";NA;NA;NA;NA;NA;24;32;"MA";0;0;21
41;2025;"0-12";NA;NA;NA;NA;NA;26;22;"MA";0;0;21
42;2025;"0-12";NA;NA;NA;NA;NA;26;23;"MA";0;0;21
43;2025;"0-12";NA;NA;NA;NA;NA;26;33;"MA";0;0;21
44;2025;"0-12";NA;NA;NA;NA;NA;22;21;"MA";0;0;21
45;2025;"0-12";NA;NA;NA;NA;NA;16;12;"MA";0;0;21
46;2025;"0-12";NA;NA;NA;NA;NA;14;16;"MA";0;0;21
47;2025;"0-12";NA;NA;NA;NA;NA;15;13;"MA";0;0;21
48;2025;"0-12";NA;NA;NA;NA;NA;18;17;"MA";0;0;21
49;2025;"0-12";NA;NA;NA;NA;NA;25;24;"MA";0;0;21
50;2025;"0-12";NA;NA;NA;NA;NA;25;35;"MA";0;0;21
51;2025;"0-12";NA;NA;NA;NA;NA;25;16;"MA";0;0;21
52;2025;"0-12";NA;NA;NA;NA;NA;20;24;"MA";0;0;21
53;2025;"0-12";NA;NA;NA;NA;NA;20;21;"MA";0;0;21
1;2026;"0-12";NA;NA;NA;NA;NA;16;15;"MA";0;0;21
2;2026;"0-12";NA;NA;NA;NA;NA;14;12;"MA";0;0;21
3;2026;"0-12";NA;NA;NA;NA;NA;13;16;"MA";0;0;21
4;2026;"0-12";NA;NA;NA;NA;NA;15;12;"MA";0;0;21
5;2026;"0-12";NA;NA;NA;NA;NA;17;18;"MA";0;0;21
6;2026;"0-12";NA;NA;NA;NA;NA;22;22;"MA";0;0;21
7;2026;"0-12";NA;NA;NA;NA;NA;21;25;"MA";0;0;21
8;2026;"0-12";NA;NA;NA;NA;NA;29;16;"MA";0;0;21
9;2026;"0-12";47;48;47;47;47;37;47;"MA";0;0;21
10;2026;"0-12";48;50;48;49;48;52;48;"MA";0;0;21
11;2026;"0-12";62;65;61;62;61;56;62;"MA";0;0;21
12;2026;"0-12";57;62;56;59;57;60;56;"MA";0;0;21
13;2026;"0-12";62;67;59;63;60;61;59;"MA";0;0;21
14;2026;"0-12";63;69;59;65;61;61;58;"MA";0;0;21
15;2026;"0-12";58;71;52;62;56;67;52;"MA";0;0;21
16;2026;"0-12";79;95;71;83;76;65;67;"MA";0;0;21
17;2026;"0-12";59;85,025;47;66;54;67;41;"MA";0;0;21
18;2026;"0-12";63;111;41;75;53;58;39;"MA";0;0;21
19;2026;"0-12";51;135,025;17,975;72;36;NA;25;"MA";0;0;21
1;2022;"0-12";NA;NA;NA;NA;NA;NA;363;"MG";0,5;1;31
2;2022;"0-12";NA;NA;NA;NA;NA;328;336;"MG";0,5;1;31
3;2022;"0-12";NA;NA;NA;NA;NA;282;286;"MG";0,5;1;31
4;2022;"0-12";NA;NA;NA;NA;NA;225;225;"MG";0,5;1;31
5;2022;"0-12";NA;NA;NA;NA;NA;190;164;"MG";0,5;1;31
6;2022;"0-12";NA;NA;NA;NA;NA;198;181;"MG";0,5;1;31
7;2022;"0-12";NA;NA;NA;NA;NA;252;249;"MG";0,5;1;31
8;2022;"0-12";NA;NA;NA;NA;NA;308;326;"MG";0,5;1;31
9;2022;"0-12";NA;NA;NA;NA;NA;335;348;"MG";0,5;1;31
10;2022;"0-12";NA;NA;NA;NA;NA;329;330;"MG";0,5;1;31
11;2022;"0-12";NA;NA;NA;NA;NA;315;309;"MG";0,5;1;31
12;2022;"0-12";NA;NA;NA;NA;NA;304;305;"MG";0,5;1;31
13;2022;"0-12";NA;NA;NA;NA;NA;289;297;"MG";0,5;1;31
14;2022;"0-12";NA;NA;NA;NA;NA;268;266;"MG";0,5;1;31
15;2022;"0-12";NA;NA;NA;NA;NA;255;241;"MG";0,5;1;31
16;2022;"0-12";NA;NA;NA;NA;NA;248;258;"MG";0,5;1;31
17;2022;"0-12";NA;NA;NA;NA;NA;253;246;"MG";0,5;1;31
18;2022;"0-12";NA;NA;NA;NA;NA;274;254;"MG";0,5;1;31
19;2022;"0-12";NA;NA;NA;NA;NA;298;323;"MG";0,5;1;31
20;2022;"0-12";NA;NA;NA;NA;NA;302;318;"MG";0,5;1;31
21;2022;"0-12";NA;NA;NA;NA;NA;306;264;"MG";0,5;1;31
22;2022;"0-12";NA;NA;NA;NA;NA;304;337;"MG";0,5;1;31
23;2022;"0-12";NA;NA;NA;NA;NA;298;311;"MG";0,5;1;31
24;2022;"0-12";NA;NA;NA;NA;NA;263;245;"MG";0,5;1;31
25;2022;"0-12";NA;NA;NA;NA;NA;236;232;"MG";0,5;1;31
26;2022;"0-12";NA;NA;NA;NA;NA;231;231;"MG";0,5;1;31
27;2022;"0-12";NA;NA;NA;NA;NA;222;229;"MG";0,5;1;31
28;2022;"0-12";NA;NA;NA;NA;NA;197;205;"MG";0,5;1;31
29;2022;"0-12";NA;NA;NA;NA;NA;156;158;"MG";0,5;1;31
30;2022;"0-12";NA;NA;NA;NA;NA;138;104;"MG";0,5;1;31
31;2022;"0-12";NA;NA;NA;NA;NA;135;153;"MG";0,5;1;31
32;2022;"0-12";NA;NA;NA;NA;NA;160;148;"MG";0,5;1;31
33;2022;"0-12";NA;NA;NA;NA;NA;161;179;"MG";0,5;1;31
34;2022;"0-12";NA;NA;NA;NA;NA;158;156;"MG";0,5;1;31
35;2022;"0-12";NA;NA;NA;NA;NA;141;139;"MG";0,5;1;31
36;2022;"0-12";NA;NA;NA;NA;NA;122;129;"MG";0,5;1;31
37;2022;"0-12";NA;NA;NA;NA;NA;108;99;"MG";0,5;1;31
38;2022;"0-12";NA;NA;NA;NA;NA;104;96;"MG";0,5;1;31
39;2022;"0-12";NA;NA;NA;NA;NA;115;118;"MG";0,5;1;31
40;2022;"0-12";NA;NA;NA;NA;NA;125;132;"MG";0,5;1;31
41;2022;"0-12";NA;NA;NA;NA;NA;115;124;"MG";0,5;1;31
42;2022;"0-12";NA;NA;NA;NA;NA;105;89;"MG";0,5;1;31
43;2022;"0-12";NA;NA;NA;NA;NA;101;103;"MG";0,5;1;31
44;2022;"0-12";NA;NA;NA;NA;NA;118;112;"MG";0,5;1;31
45;2022;"0-12";NA;NA;NA;NA;NA;136;140;"MG";0,5;1;31
46;2022;"0-12";NA;NA;NA;NA;NA;146;157;"MG";0,5;1;31
47;2022;"0-12";NA;NA;NA;NA;NA;147;141;"MG";0,5;1;31
48;2022;"0-12";NA;NA;NA;NA;NA;148;143;"MG";0,5;1;31
49;2022;"0-12";NA;NA;NA;NA;NA;162;160;"MG";0,5;1;31
50;2022;"0-12";NA;NA;NA;NA;NA;180;183;"MG";0,5;1;31
51;2022;"0-12";NA;NA;NA;NA;NA;185;196;"MG";0,5;1;31
52;2022;"0-12";NA;NA;NA;NA;NA;172;177;"MG";0,5;1;31
1;2023;"0-12";NA;NA;NA;NA;NA;145;142;"MG";0,5;1;31
2;2023;"0-12";NA;NA;NA;NA;NA;128;116;"MG";0,5;1;31
3;2023;"0-12";NA;NA;NA;NA;NA;118;127;"MG";0,5;1;31
4;2023;"0-12";NA;NA;NA;NA;NA;128;110;"MG";0,5;1;31
5;2023;"0-12";NA;NA;NA;NA;NA;164;146;"MG";0,5;1;31
6;2023;"0-12";NA;NA;NA;NA;NA;233;235;"MG";0,5;1;31
7;2023;"0-12";NA;NA;NA;NA;NA;279;319;"MG";0,5;1;31
8;2023;"0-12";NA;NA;NA;NA;NA;299;283;"MG";0,5;1;31
9;2023;"0-12";NA;NA;NA;NA;NA;292;296;"MG";0,5;1;31
10;2023;"0-12";NA;NA;NA;NA;NA;303;296;"MG";0,5;1;31
11;2023;"0-12";NA;NA;NA;NA;NA;308;317;"MG";0,5;1;31
12;2023;"0-12";NA;NA;NA;NA;NA;290;310;"MG";0,5;1;31
13;2023;"0-12";NA;NA;NA;NA;NA;264;244;"MG";0,5;1;31
14;2023;"0-12";NA;NA;NA;NA;NA;233;237;"MG";0,5;1;31
15;2023;"0-12";NA;NA;NA;NA;NA;224;218;"MG";0,5;1;31
16;2023;"0-12";NA;NA;NA;NA;NA;203;216;"MG";0,5;1;31
17;2023;"0-12";NA;NA;NA;NA;NA;200;176;"MG";0,5;1;31
18;2023;"0-12";NA;NA;NA;NA;NA;201;208;"MG";0,5;1;31
19;2023;"0-12";NA;NA;NA;NA;NA;214;219;"MG";0,5;1;31
20;2023;"0-12";NA;NA;NA;NA;NA;203;215;"MG";0,5;1;31
21;2023;"0-12";NA;NA;NA;NA;NA;198;175;"MG";0,5;1;31
22;2023;"0-12";NA;NA;NA;NA;NA;192;204;"MG";0,5;1;31
23;2023;"0-12";NA;NA;NA;NA;NA;188;197;"MG";0,5;1;31
24;2023;"0-12";NA;NA;NA;NA;NA;173;164;"MG";0,5;1;31
25;2023;"0-12";NA;NA;NA;NA;NA;177;158;"MG";0,5;1;31
26;2023;"0-12";NA;NA;NA;NA;NA;195;209;"MG";0,5;1;31
27;2023;"0-12";NA;NA;NA;NA;NA;216;219;"MG";0,5;1;31
28;2023;"0-12";NA;NA;NA;NA;NA;203;220;"MG";0,5;1;31
29;2023;"0-12";NA;NA;NA;NA;NA;166;171;"MG";0,5;1;31
30;2023;"0-12";NA;NA;NA;NA;NA;133;107;"MG";0,5;1;31
31;2023;"0-12";NA;NA;NA;NA;NA;124;121;"MG";0,5;1;31
32;2023;"0-12";NA;NA;NA;NA;NA;144;144;"MG";0,5;1;31
33;2023;"0-12";NA;NA;NA;NA;NA;155;166;"MG";0,5;1;31
34;2023;"0-12";NA;NA;NA;NA;NA;160;156;"MG";0,5;1;31
35;2023;"0-12";NA;NA;NA;NA;NA;152;158;"MG";0,5;1;31
36;2023;"0-12";NA;NA;NA;NA;NA;138;141;"MG";0,5;1;31
37;2023;"0-12";NA;NA;NA;NA;NA;123;114;"MG";0,5;1;31
38;2023;"0-12";NA;NA;NA;NA;NA;115;115;"MG";0,5;1;31
39;2023;"0-12";NA;NA;NA;NA;NA;106;116;"MG";0,5;1;31
40;2023;"0-12";NA;NA;NA;NA;NA;99;87;"MG";0,5;1;31
41;2023;"0-12";NA;NA;NA;NA;NA;93;93;"MG";0,5;1;31
42;2023;"0-12";NA;NA;NA;NA;NA;94;100;"MG";0,5;1;31
43;2023;"0-12";NA;NA;NA;NA;NA;98;90;"MG";0,5;1;31
44;2023;"0-12";NA;NA;NA;NA;NA;102;105;"MG";0,5;1;31
45;2023;"0-12";NA;NA;NA;NA;NA;107;111;"MG";0,5;1;31
46;2023;"0-12";NA;NA;NA;NA;NA;98;105;"MG";0,5;1;31
47;2023;"0-12";NA;NA;NA;NA;NA;90;78;"MG";0,5;1;31
48;2023;"0-12";NA;NA;NA;NA;NA;80;86;"MG";0,5;1;31
49;2023;"0-12";NA;NA;NA;NA;NA;80;77;"MG";0,5;1;31
50;2023;"0-12";NA;NA;NA;NA;NA;79;78;"MG";0,5;1;31
51;2023;"0-12";NA;NA;NA;NA;NA;68;83;"MG";0,5;1;31
52;2023;"0-12";NA;NA;NA;NA;NA;58;43;"MG";0,5;1;31
1;2024;"0-12";NA;NA;NA;NA;NA;43;47;"MG";0,5;1;31
2;2024;"0-12";NA;NA;NA;NA;NA;44;39;"MG";0,5;1;31
3;2024;"0-12";NA;NA;NA;NA;NA;40;46;"MG";0,5;1;31
4;2024;"0-12";NA;NA;NA;NA;NA;41;36;"MG";0,5;1;31
5;2024;"0-12";NA;NA;NA;NA;NA;44;40;"MG";0,5;1;31
6;2024;"0-12";NA;NA;NA;NA;NA;58;55;"MG";0,5;1;31
7;2024;"0-12";NA;NA;NA;NA;NA;83;79;"MG";0,5;1;31
8;2024;"0-12";NA;NA;NA;NA;NA;124;115;"MG";0,5;1;31
9;2024;"0-12";NA;NA;NA;NA;NA;163;177;"MG";0,5;1;31
10;2024;"0-12";NA;NA;NA;NA;NA;192;197;"MG";0,5;1;31
11;2024;"0-12";NA;NA;NA;NA;NA;204;201;"MG";0,5;1;31
12;2024;"0-12";NA;NA;NA;NA;NA;233;214;"MG";0,5;1;31
13;2024;"0-12";NA;NA;NA;NA;NA;285;285;"MG";0,5;1;31
14;2024;"0-12";NA;NA;NA;NA;NA;329;355;"MG";0,5;1;31
15;2024;"0-12";NA;NA;NA;NA;NA;362;346;"MG";0,5;1;31
16;2024;"0-12";NA;NA;NA;NA;NA;356;384;"MG";0,5;1;31
17;2024;"0-12";NA;NA;NA;NA;NA;358;339;"MG";0,5;1;31
18;2024;"0-12";NA;NA;NA;NA;NA;344;350;"MG";0,5;1;31
19;2024;"0-12";NA;NA;NA;NA;NA;352;344;"MG";0,5;1;31
20;2024;"0-12";NA;NA;NA;NA;NA;346;361;"MG";0,5;1;31
21;2024;"0-12";NA;NA;NA;NA;NA;322;334;"MG";0,5;1;31
22;2024;"0-12";NA;NA;NA;NA;NA;285;272;"MG";0,5;1;31
23;2024;"0-12";NA;NA;NA;NA;NA;256;250;"MG";0,5;1;31
24;2024;"0-12";NA;NA;NA;NA;NA;247;245;"MG";0,5;1;31
25;2024;"0-12";NA;NA;NA;NA;NA;234;246;"MG";0,5;1;31
26;2024;"0-12";NA;NA;NA;NA;NA;222;210;"MG";0,5;1;31
27;2024;"0-12";NA;NA;NA;NA;NA;201;211;"MG";0,5;1;31
28;2024;"0-12";NA;NA;NA;NA;NA;185;183;"MG";0,5;1;31
29;2024;"0-12";NA;NA;NA;NA;NA;151;161;"MG";0,5;1;31
30;2024;"0-12";NA;NA;NA;NA;NA;138;110;"MG";0,5;1;31
31;2024;"0-12";NA;NA;NA;NA;NA;127;144;"MG";0,5;1;31
32;2024;"0-12";NA;NA;NA;NA;NA;147;128;"MG";0,5;1;31
33;2024;"0-12";NA;NA;NA;NA;NA;165;169;"MG";0,5;1;31
34;2024;"0-12";NA;NA;NA;NA;NA;183;197;"MG";0,5;1;31
35;2024;"0-12";NA;NA;NA;NA;NA;193;183;"MG";0,5;1;31
36;2024;"0-12";NA;NA;NA;NA;NA;179;200;"MG";0,5;1;31
37;2024;"0-12";NA;NA;NA;NA;NA;173;154;"MG";0,5;1;31
38;2024;"0-12";NA;NA;NA;NA;NA;151;164;"MG";0,5;1;31
39;2024;"0-12";NA;NA;NA;NA;NA;151;134;"MG";0,5;1;31
40;2024;"0-12";NA;NA;NA;NA;NA;141;154;"MG";0,5;1;31
41;2024;"0-12";NA;NA;NA;NA;NA;136;136;"MG";0,5;1;31
42;2024;"0-12";NA;NA;NA;NA;NA;123;118;"MG";0,5;1;31
43;2024;"0-12";NA;NA;NA;NA;NA;123;115;"MG";0,5;1;31
44;2024;"0-12";NA;NA;NA;NA;NA;123;136;"MG";0,5;1;31
45;2024;"0-12";NA;NA;NA;NA;NA;130;118;"MG";0,5;1;31
46;2024;"0-12";NA;NA;NA;NA;NA;136;137;"MG";0,5;1;31
47;2024;"0-12";NA;NA;NA;NA;NA;148;154;"MG";0,5;1;31
48;2024;"0-12";NA;NA;NA;NA;NA;161;152;"MG";0,5;1;31
49;2024;"0-12";NA;NA;NA;NA;NA;158;176;"MG";0,5;1;31
50;2024;"0-12";NA;NA;NA;NA;NA;150;147;"MG";0,5;1;31
51;2024;"0-12";NA;NA;NA;NA;NA;126;126;"MG";0,5;1;31
52;2024;"0-12";NA;NA;NA;NA;NA;110;105;"MG";0,5;1;31
1;2025;"0-12";NA;NA;NA;NA;NA;98;100;"MG";0,5;1;31
2;2025;"0-12";NA;NA;NA;NA;NA;92;89;"MG";0,5;1;31
3;2025;"0-12";NA;NA;NA;NA;NA;96;86;"MG";0,5;1;31
4;2025;"0-12";NA;NA;NA;NA;NA;105;114;"MG";0,5;1;31
5;2025;"0-12";NA;NA;NA;NA;NA;116;116;"MG";0,5;1;31
6;2025;"0-12";NA;NA;NA;NA;NA;141;118;"MG";0,5;1;31
7;2025;"0-12";NA;NA;NA;NA;NA;176;188;"MG";0,5;1;31
8;2025;"0-12";NA;NA;NA;NA;NA;211;222;"MG";0,5;1;31
9;2025;"0-12";NA;NA;NA;NA;NA;217;224;"MG";0,5;1;31
10;2025;"0-12";NA;NA;NA;NA;NA;220;205;"MG";0,5;1;31
11;2025;"0-12";NA;NA;NA;NA;NA;248;230;"MG";0,5;1;31
12;2025;"0-12";NA;NA;NA;NA;NA;290;308;"MG";0,5;1;31
13;2025;"0-12";NA;NA;NA;NA;NA;357;332;"MG";0,5;1;31
14;2025;"0-12";NA;NA;NA;NA;NA;421;431;"MG";0,5;1;31
15;2025;"0-12";NA;NA;NA;NA;NA;505;500;"MG";0,5;1;31
16;2025;"0-12";NA;NA;NA;NA;NA;570;585;"MG";0,5;1;31
17;2025;"0-12";NA;NA;NA;NA;NA;670;625;"MG";0,5;1;31
18;2025;"0-12";NA;NA;NA;NA;NA;784;801;"MG";0,5;1;31
19;2025;"0-12";NA;NA;NA;NA;NA;896;927;"MG";0,5;1;31
20;2025;"0-12";NA;NA;NA;NA;NA;957;959;"MG";0,5;1;31
21;2025;"0-12";NA;NA;NA;NA;NA;917;985;"MG";0,5;1;31
22;2025;"0-12";NA;NA;NA;NA;NA;858;807;"MG";0,5;1;31
23;2025;"0-12";NA;NA;NA;NA;NA;744;782;"MG";0,5;1;31
24;2025;"0-12";NA;NA;NA;NA;NA;681;644;"MG";0,5;1;31
25;2025;"0-12";NA;NA;NA;NA;NA;582;617;"MG";0,5;1;31
26;2025;"0-12";NA;NA;NA;NA;NA;522;486;"MG";0,5;1;31
27;2025;"0-12";NA;NA;NA;NA;NA;463;462;"MG";0,5;1;31
28;2025;"0-12";NA;NA;NA;NA;NA;425;440;"MG";0,5;1;31
29;2025;"0-12";NA;NA;NA;NA;NA;367;374;"MG";0,5;1;31
30;2025;"0-12";NA;NA;NA;NA;NA;289;287;"MG";0,5;1;31
31;2025;"0-12";NA;NA;NA;NA;NA;220;206;"MG";0,5;1;31
32;2025;"0-12";NA;NA;NA;NA;NA;190;166;"MG";0,5;1;31
33;2025;"0-12";NA;NA;NA;NA;NA;197;198;"MG";0,5;1;31
34;2025;"0-12";NA;NA;NA;NA;NA;206;228;"MG";0,5;1;31
35;2025;"0-12";NA;NA;NA;NA;NA;206;193;"MG";0,5;1;31
36;2025;"0-12";NA;NA;NA;NA;NA;201;197;"MG";0,5;1;31
37;2025;"0-12";NA;NA;NA;NA;NA;200;212;"MG";0,5;1;31
38;2025;"0-12";NA;NA;NA;NA;NA;190;190;"MG";0,5;1;31
39;2025;"0-12";NA;NA;NA;NA;NA;189;167;"MG";0,5;1;31
40;2025;"0-12";NA;NA;NA;NA;NA;197;211;"MG";0,5;1;31
41;2025;"0-12";NA;NA;NA;NA;NA;201;214;"MG";0,5;1;31
42;2025;"0-12";NA;NA;NA;NA;NA;195;177;"MG";0,5;1;31
43;2025;"0-12";NA;NA;NA;NA;NA;194;193;"MG";0,5;1;31
44;2025;"0-12";NA;NA;NA;NA;NA;210;211;"MG";0,5;1;31
45;2025;"0-12";NA;NA;NA;NA;NA;210;226;"MG";0,5;1;31
46;2025;"0-12";NA;NA;NA;NA;NA;214;193;"MG";0,5;1;31
47;2025;"0-12";NA;NA;NA;NA;NA;209;224;"MG";0,5;1;31
48;2025;"0-12";NA;NA;NA;NA;NA;225;211;"MG";0,5;1;31
49;2025;"0-12";NA;NA;NA;NA;NA;225;239;"MG";0,5;1;31
50;2025;"0-12";NA;NA;NA;NA;NA;229;224;"MG";0,5;1;31
51;2025;"0-12";NA;NA;NA;NA;NA;203;225;"MG";0,5;1;31
52;2025;"0-12";NA;NA;NA;NA;NA;174;161;"MG";0,5;1;31
53;2025;"0-12";NA;NA;NA;NA;NA;132;137;"MG";0,5;1;31
1;2026;"0-12";NA;NA;NA;NA;NA;111;99;"MG";0,5;1;31
2;2026;"0-12";NA;NA;NA;NA;NA;89;97;"MG";0,5;1;31
3;2026;"0-12";NA;NA;NA;NA;NA;82;72;"MG";0,5;1;31
4;2026;"0-12";NA;NA;NA;NA;NA;84;76;"MG";0,5;1;31
5;2026;"0-12";103;105;103;104;103;117;103;"MG";0,5;1;31
6;2026;"0-12";171;174;171;172;171;174;172;"MG";0,5;1;31
7;2026;"0-12";248;251,025;247;249;247;214;247;"MG";0,5;1;31
8;2026;"0-12";222;226;220;223;221;261;220;"MG";0,5;1;31
9;2026;"0-12";314;320;311;316;313;289;316;"MG";0,5;1;31
10;2026;"0-12";332;339;327;334;330;319;328;"MG";0,5;1;31
11;2026;"0-12";310;318;304;312;307;326;305;"MG";0,5;1;31
12;2026;"0-12";335;345;326,975;338;332;344;323;"MG";0,5;1;31
13;2026;"0-12";387,5;404;377;392;383;390;368;"MG";0,5;1;31
14;2026;"0-12";446;466;427;453;439;452;411;"MG";0,5;1;31
15;2026;"0-12";522;562;492,975;533;512;510;460;"MG";0,5;1;31
16;2026;"0-12";563;620;517;581;545;562;456;"MG";0,5;1;31
17;2026;"0-12";600;694;532,975;628,25;574;606;426;"MG";0,5;1;31
18;2026;"0-12";655;834;520,9;712,25;605;664;393;"MG";0,5;1;31
19;2026;"0-12";737;1137,05;465,975;854;631,75;NA;349;"MG";0,5;1;31
1;2022;"0-12";NA;NA;NA;NA;NA;NA;70;"MS";0,5;0,5;50
2;2022;"0-12";NA;NA;NA;NA;NA;67;66;"MS";0,5;0,5;50
3;2022;"0-12";NA;NA;NA;NA;NA;61;65;"MS";0,5;0,5;50
4;2022;"0-12";NA;NA;NA;NA;NA;51;53;"MS";0,5;0,5;50
5;2022;"0-12";NA;NA;NA;NA;NA;40;35;"MS";0,5;0,5;50
6;2022;"0-12";NA;NA;NA;NA;NA;32;32;"MS";0,5;0,5;50
7;2022;"0-12";NA;NA;NA;NA;NA;27;29;"MS";0,5;0,5;50
8;2022;"0-12";NA;NA;NA;NA;NA;33;21;"MS";0,5;0,5;50
9;2022;"0-12";NA;NA;NA;NA;NA;44;48;"MS";0,5;0,5;50
10;2022;"0-12";NA;NA;NA;NA;NA;64;62;"MS";0,5;0,5;50
11;2022;"0-12";NA;NA;NA;NA;NA;66;82;"MS";0,5;0,5;50
12;2022;"0-12";NA;NA;NA;NA;NA;68;54;"MS";0,5;0,5;50
13;2022;"0-12";NA;NA;NA;NA;NA;66;69;"MS";0,5;0,5;50
14;2022;"0-12";NA;NA;NA;NA;NA;72;74;"MS";0,5;0,5;50
15;2022;"0-12";NA;NA;NA;NA;NA;83;74;"MS";0,5;0,5;50
16;2022;"0-12";NA;NA;NA;NA;NA;78;101;"MS";0,5;0,5;50
17;2022;"0-12";NA;NA;NA;NA;NA;76;59;"MS";0,5;0,5;50
18;2022;"0-12";NA;NA;NA;NA;NA;68;67;"MS";0,5;0,5;50
19;2022;"0-12";NA;NA;NA;NA;NA;71;78;"MS";0,5;0,5;50
20;2022;"0-12";NA;NA;NA;NA;NA;75;69;"MS";0,5;0,5;50
21;2022;"0-12";NA;NA;NA;NA;NA;69;78;"MS";0,5;0,5;50
22;2022;"0-12";NA;NA;NA;NA;NA;67;61;"MS";0,5;0,5;50
23;2022;"0-12";NA;NA;NA;NA;NA;61;63;"MS";0,5;0,5;50
24;2022;"0-12";NA;NA;NA;NA;NA;63;59;"MS";0,5;0,5;50
25;2022;"0-12";NA;NA;NA;NA;NA;74;66;"MS";0,5;0,5;50
26;2022;"0-12";NA;NA;NA;NA;NA;76;96;"MS";0,5;0,5;50
27;2022;"0-12";NA;NA;NA;NA;NA;70;65;"MS";0,5;0,5;50
28;2022;"0-12";NA;NA;NA;NA;NA;55;50;"MS";0,5;0,5;50
29;2022;"0-12";NA;NA;NA;NA;NA;45;50;"MS";0,5;0,5;50
30;2022;"0-12";NA;NA;NA;NA;NA;46;34;"MS";0,5;0,5;50
31;2022;"0-12";NA;NA;NA;NA;NA;45;53;"MS";0,5;0,5;50
32;2022;"0-12";NA;NA;NA;NA;NA;46;47;"MS";0,5;0,5;50
33;2022;"0-12";NA;NA;NA;NA;NA;43;39;"MS";0,5;0,5;50
34;2022;"0-12";NA;NA;NA;NA;NA;44;43;"MS";0,5;0,5;50
35;2022;"0-12";NA;NA;NA;NA;NA;45;50;"MS";0,5;0,5;50
36;2022;"0-12";NA;NA;NA;NA;NA;39;41;"MS";0,5;0,5;50
37;2022;"0-12";NA;NA;NA;NA;NA;33;25;"MS";0,5;0,5;50
38;2022;"0-12";NA;NA;NA;NA;NA;31;33;"MS";0,5;0,5;50
39;2022;"0-12";NA;NA;NA;NA;NA;35;34;"MS";0,5;0,5;50
40;2022;"0-12";NA;NA;NA;NA;NA;39;39;"MS";0,5;0,5;50
41;2022;"0-12";NA;NA;NA;NA;NA;37;43;"MS";0,5;0,5;50
42;2022;"0-12";NA;NA;NA;NA;NA;32;29;"MS";0,5;0,5;50
43;2022;"0-12";NA;NA;NA;NA;NA;30;24;"MS";0,5;0,5;50
44;2022;"0-12";NA;NA;NA;NA;NA;31;36;"MS";0,5;0,5;50
45;2022;"0-12";NA;NA;NA;NA;NA;34;33;"MS";0,5;0,5;50
46;2022;"0-12";NA;NA;NA;NA;NA;31;32;"MS";0,5;0,5;50
47;2022;"0-12";NA;NA;NA;NA;NA;31;29;"MS";0,5;0,5;50
48;2022;"0-12";NA;NA;NA;NA;NA;32;32;"MS";0,5;0,5;50
49;2022;"0-12";NA;NA;NA;NA;NA;28;34;"MS";0,5;0,5;50
50;2022;"0-12";NA;NA;NA;NA;NA;25;18;"MS";0,5;0,5;50
51;2022;"0-12";NA;NA;NA;NA;NA;20;22;"MS";0,5;0,5;50
52;2022;"0-12";NA;NA;NA;NA;NA;22;19;"MS";0,5;0,5;50
1;2023;"0-12";NA;NA;NA;NA;NA;20;25;"MS";0,5;0,5;50
2;2023;"0-12";NA;NA;NA;NA;NA;17;15;"MS";0,5;0,5;50
3;2023;"0-12";NA;NA;NA;NA;NA;14;10;"MS";0,5;0,5;50
4;2023;"0-12";NA;NA;NA;NA;NA;14;18;"MS";0,5;0,5;50
5;2023;"0-12";NA;NA;NA;NA;NA;20;14;"MS";0,5;0,5;50
6;2023;"0-12";NA;NA;NA;NA;NA;34;27;"MS";0,5;0,5;50
7;2023;"0-12";NA;NA;NA;NA;NA;47;61;"MS";0,5;0,5;50
8;2023;"0-12";NA;NA;NA;NA;NA;64;53;"MS";0,5;0,5;50
9;2023;"0-12";NA;NA;NA;NA;NA;70;79;"MS";0,5;0,5;50
10;2023;"0-12";NA;NA;NA;NA;NA;88;78;"MS";0,5;0,5;50
11;2023;"0-12";NA;NA;NA;NA;NA;102;108;"MS";0,5;0,5;50
12;2023;"0-12";NA;NA;NA;NA;NA;125;121;"MS";0,5;0,5;50
13;2023;"0-12";NA;NA;NA;NA;NA;145;147;"MS";0,5;0,5;50
14;2023;"0-12";NA;NA;NA;NA;NA;153;167;"MS";0,5;0,5;50
15;2023;"0-12";NA;NA;NA;NA;NA;153;146;"MS";0,5;0,5;50
16;2023;"0-12";NA;NA;NA;NA;NA;142;145;"MS";0,5;0,5;50
17;2023;"0-12";NA;NA;NA;NA;NA;132;136;"MS";0,5;0,5;50
18;2023;"0-12";NA;NA;NA;NA;NA;118;114;"MS";0,5;0,5;50
19;2023;"0-12";NA;NA;NA;NA;NA;110;103;"MS";0,5;0,5;50
20;2023;"0-12";NA;NA;NA;NA;NA;110;113;"MS";0,5;0,5;50
21;2023;"0-12";NA;NA;NA;NA;NA;101;114;"MS";0,5;0,5;50
22;2023;"0-12";NA;NA;NA;NA;NA;86;77;"MS";0,5;0,5;50
23;2023;"0-12";NA;NA;NA;NA;NA;65;66;"MS";0,5;0,5;50
24;2023;"0-12";NA;NA;NA;NA;NA;59;51;"MS";0,5;0,5;50
25;2023;"0-12";NA;NA;NA;NA;NA;67;60;"MS";0,5;0,5;50
26;2023;"0-12";NA;NA;NA;NA;NA;75;91;"MS";0,5;0,5;50
27;2023;"0-12";NA;NA;NA;NA;NA;78;74;"MS";0,5;0,5;50
28;2023;"0-12";NA;NA;NA;NA;NA;64;69;"MS";0,5;0,5;50
29;2023;"0-12";NA;NA;NA;NA;NA;60;50;"MS";0,5;0,5;50
30;2023;"0-12";NA;NA;NA;NA;NA;54;62;"MS";0,5;0,5;50
31;2023;"0-12";NA;NA;NA;NA;NA;55;49;"MS";0,5;0,5;50
32;2023;"0-12";NA;NA;NA;NA;NA;52;54;"MS";0,5;0,5;50
33;2023;"0-12";NA;NA;NA;NA;NA;53;53;"MS";0,5;0,5;50
34;2023;"0-12";NA;NA;NA;NA;NA;47;51;"MS";0,5;0,5;50
35;2023;"0-12";NA;NA;NA;NA;NA;46;37;"MS";0,5;0,5;50
36;2023;"0-12";NA;NA;NA;NA;NA;49;49;"MS";0,5;0,5;50
37;2023;"0-12";NA;NA;NA;NA;NA;55;62;"MS";0,5;0,5;50
38;2023;"0-12";NA;NA;NA;NA;NA;59;55;"MS";0,5;0,5;50
39;2023;"0-12";NA;NA;NA;NA;NA;55;60;"MS";0,5;0,5;50
40;2023;"0-12";NA;NA;NA;NA;NA;50;51;"MS";0,5;0,5;50
41;2023;"0-12";NA;NA;NA;NA;NA;46;40;"MS";0,5;0,5;50
42;2023;"0-12";NA;NA;NA;NA;NA;42;46;"MS";0,5;0,5;50
43;2023;"0-12";NA;NA;NA;NA;NA;42;39;"MS";0,5;0,5;50
44;2023;"0-12";NA;NA;NA;NA;NA;37;40;"MS";0,5;0,5;50
45;2023;"0-12";NA;NA;NA;NA;NA;39;31;"MS";0,5;0,5;50
46;2023;"0-12";NA;NA;NA;NA;NA;36;45;"MS";0,5;0,5;50
47;2023;"0-12";NA;NA;NA;NA;NA;34;33;"MS";0,5;0,5;50
48;2023;"0-12";NA;NA;NA;NA;NA;28;23;"MS";0,5;0,5;50
49;2023;"0-12";NA;NA;NA;NA;NA;26;29;"MS";0,5;0,5;50
50;2023;"0-12";NA;NA;NA;NA;NA;24;25;"MS";0,5;0,5;50
51;2023;"0-12";NA;NA;NA;NA;NA;19;17;"MS";0,5;0,5;50
52;2023;"0-12";NA;NA;NA;NA;NA;15;16;"MS";0,5;0,5;50
1;2024;"0-12";NA;NA;NA;NA;NA;12;11;"MS";0,5;0,5;50
2;2024;"0-12";NA;NA;NA;NA;NA;10;10;"MS";0,5;0,5;50
3;2024;"0-12";NA;NA;NA;NA;NA;13;10;"MS";0,5;0,5;50
4;2024;"0-12";NA;NA;NA;NA;NA;15;19;"MS";0,5;0,5;50
5;2024;"0-12";NA;NA;NA;NA;NA;17;17;"MS";0,5;0,5;50
6;2024;"0-12";NA;NA;NA;NA;NA;15;14;"MS";0,5;0,5;50
7;2024;"0-12";NA;NA;NA;NA;NA;15;15;"MS";0,5;0,5;50
8;2024;"0-12";NA;NA;NA;NA;NA;29;17;"MS";0,5;0,5;50
9;2024;"0-12";NA;NA;NA;NA;NA;41;54;"MS";0,5;0,5;50
10;2024;"0-12";NA;NA;NA;NA;NA;55;52;"MS";0,5;0,5;50
11;2024;"0-12";NA;NA;NA;NA;NA;52;58;"MS";0,5;0,5;50
12;2024;"0-12";NA;NA;NA;NA;NA;56;47;"MS";0,5;0,5;50
13;2024;"0-12";NA;NA;NA;NA;NA;63;63;"MS";0,5;0,5;50
14;2024;"0-12";NA;NA;NA;NA;NA;80;78;"MS";0,5;0,5;50
15;2024;"0-12";NA;NA;NA;NA;NA;94;99;"MS";0,5;0,5;50
16;2024;"0-12";NA;NA;NA;NA;NA;114;106;"MS";0,5;0,5;50
17;2024;"0-12";NA;NA;NA;NA;NA;123;136;"MS";0,5;0,5;50
18;2024;"0-12";NA;NA;NA;NA;NA;125;128;"MS";0,5;0,5;50
19;2024;"0-12";NA;NA;NA;NA;NA;115;112;"MS";0,5;0,5;50
20;2024;"0-12";NA;NA;NA;NA;NA;114;106;"MS";0,5;0,5;50
21;2024;"0-12";NA;NA;NA;NA;NA;119;125;"MS";0,5;0,5;50
22;2024;"0-12";NA;NA;NA;NA;NA;129;127;"MS";0,5;0,5;50
23;2024;"0-12";NA;NA;NA;NA;NA;122;135;"MS";0,5;0,5;50
24;2024;"0-12";NA;NA;NA;NA;NA;113;104;"MS";0,5;0,5;50
25;2024;"0-12";NA;NA;NA;NA;NA;95;101;"MS";0,5;0,5;50
26;2024;"0-12";NA;NA;NA;NA;NA;87;80;"MS";0,5;0,5;50
27;2024;"0-12";NA;NA;NA;NA;NA;74;81;"MS";0,5;0,5;50
28;2024;"0-12";NA;NA;NA;NA;NA;74;60;"MS";0,5;0,5;50
29;2024;"0-12";NA;NA;NA;NA;NA;68;82;"MS";0,5;0,5;50
30;2024;"0-12";NA;NA;NA;NA;NA;62;62;"MS";0,5;0,5;50
31;2024;"0-12";NA;NA;NA;NA;NA;43;43;"MS";0,5;0,5;50
32;2024;"0-12";NA;NA;NA;NA;NA;39;25;"MS";0,5;0,5;50
33;2024;"0-12";NA;NA;NA;NA;NA;46;50;"MS";0,5;0,5;50
34;2024;"0-12";NA;NA;NA;NA;NA;57;62;"MS";0,5;0,5;50
35;2024;"0-12";NA;NA;NA;NA;NA;64;58;"MS";0,5;0,5;50
36;2024;"0-12";NA;NA;NA;NA;NA;63;71;"MS";0,5;0,5;50
37;2024;"0-12";NA;NA;NA;NA;NA;64;60;"MS";0,5;0,5;50
38;2024;"0-12";NA;NA;NA;NA;NA;61;61;"MS";0,5;0,5;50
39;2024;"0-12";NA;NA;NA;NA;NA;62;61;"MS";0,5;0,5;50
40;2024;"0-12";NA;NA;NA;NA;NA;60;65;"MS";0,5;0,5;50
41;2024;"0-12";NA;NA;NA;NA;NA;54;53;"MS";0,5;0,5;50
42;2024;"0-12";NA;NA;NA;NA;NA;43;43;"MS";0,5;0,5;50
43;2024;"0-12";NA;NA;NA;NA;NA;37;32;"MS";0,5;0,5;50
44;2024;"0-12";NA;NA;NA;NA;NA;35;37;"MS";0,5;0,5;50
45;2024;"0-12";NA;NA;NA;NA;NA;40;35;"MS";0,5;0,5;50
46;2024;"0-12";NA;NA;NA;NA;NA;42;49;"MS";0,5;0,5;50
47;2024;"0-12";NA;NA;NA;NA;NA;40;41;"MS";0,5;0,5;50
48;2024;"0-12";NA;NA;NA;NA;NA;38;30;"MS";0,5;0,5;50
49;2024;"0-12";NA;NA;NA;NA;NA;35;43;"MS";0,5;0,5;50
50;2024;"0-12";NA;NA;NA;NA;NA;36;32;"MS";0,5;0,5;50
51;2024;"0-12";NA;NA;NA;NA;NA;27;34;"MS";0,5;0,5;50
52;2024;"0-12";NA;NA;NA;NA;NA;25;14;"MS";0,5;0,5;50
1;2025;"0-12";NA;NA;NA;NA;NA;22;26;"MS";0,5;0,5;50
2;2025;"0-12";NA;NA;NA;NA;NA;30;27;"MS";0,5;0,5;50
3;2025;"0-12";NA;NA;NA;NA;NA;28;37;"MS";0,5;0,5;50
4;2025;"0-12";NA;NA;NA;NA;NA;28;19;"MS";0,5;0,5;50
5;2025;"0-12";NA;NA;NA;NA;NA;26;29;"MS";0,5;0,5;50
6;2025;"0-12";NA;NA;NA;NA;NA;33;31;"MS";0,5;0,5;50
7;2025;"0-12";NA;NA;NA;NA;NA;42;38;"MS";0,5;0,5;50
8;2025;"0-12";NA;NA;NA;NA;NA;58;58;"MS";0,5;0,5;50
9;2025;"0-12";NA;NA;NA;NA;NA;73;79;"MS";0,5;0,5;50
10;2025;"0-12";NA;NA;NA;NA;NA;87;83;"MS";0,5;0,5;50
11;2025;"0-12";NA;NA;NA;NA;NA;95;99;"MS";0,5;0,5;50
12;2025;"0-12";NA;NA;NA;NA;NA;108;102;"MS";0,5;0,5;50
13;2025;"0-12";NA;NA;NA;NA;NA;126;122;"MS";0,5;0,5;50
14;2025;"0-12";NA;NA;NA;NA;NA;152;154;"MS";0,5;0,5;50
15;2025;"0-12";NA;NA;NA;NA;NA;167;180;"MS";0,5;0,5;50
16;2025;"0-12";NA;NA;NA;NA;NA;182;167;"MS";0,5;0,5;50
17;2025;"0-12";NA;NA;NA;NA;NA;194;200;"MS";0,5;0,5;50
18;2025;"0-12";NA;NA;NA;NA;NA;217;214;"MS";0,5;0,5;50
19;2025;"0-12";NA;NA;NA;NA;NA;224;238;"MS";0,5;0,5;50
20;2025;"0-12";NA;NA;NA;NA;NA;238;220;"MS";0,5;0,5;50
21;2025;"0-12";NA;NA;NA;NA;NA;222;255;"MS";0,5;0,5;50
22;2025;"0-12";NA;NA;NA;NA;NA;215;192;"MS";0,5;0,5;50
23;2025;"0-12";NA;NA;NA;NA;NA;191;199;"MS";0,5;0,5;50
24;2025;"0-12";NA;NA;NA;NA;NA;190;182;"MS";0,5;0,5;50
25;2025;"0-12";NA;NA;NA;NA;NA;169;190;"MS";0,5;0,5;50
26;2025;"0-12";NA;NA;NA;NA;NA;158;136;"MS";0,5;0,5;50
27;2025;"0-12";NA;NA;NA;NA;NA;149;149;"MS";0,5;0,5;50
28;2025;"0-12";NA;NA;NA;NA;NA;142;163;"MS";0,5;0,5;50
29;2025;"0-12";NA;NA;NA;NA;NA;128;115;"MS";0,5;0,5;50
30;2025;"0-12";NA;NA;NA;NA;NA;91;107;"MS";0,5;0,5;50
31;2025;"0-12";NA;NA;NA;NA;NA;73;51;"MS";0,5;0,5;50
32;2025;"0-12";NA;NA;NA;NA;NA;67;61;"MS";0,5;0,5;50
33;2025;"0-12";NA;NA;NA;NA;NA;72;89;"MS";0,5;0,5;50
34;2025;"0-12";NA;NA;NA;NA;NA;74;65;"MS";0,5;0,5;50
35;2025;"0-12";NA;NA;NA;NA;NA;69;69;"MS";0,5;0,5;50
36;2025;"0-12";NA;NA;NA;NA;NA;71;73;"MS";0,5;0,5;50
37;2025;"0-12";NA;NA;NA;NA;NA;69;72;"MS";0,5;0,5;50
38;2025;"0-12";NA;NA;NA;NA;NA;66;63;"MS";0,5;0,5;50
39;2025;"0-12";NA;NA;NA;NA;NA;66;62;"MS";0,5;0,5;50
40;2025;"0-12";NA;NA;NA;NA;NA;69;74;"MS";0,5;0,5;50
41;2025;"0-12";NA;NA;NA;NA;NA;72;71;"MS";0,5;0,5;50
42;2025;"0-12";NA;NA;NA;NA;NA;74;71;"MS";0,5;0,5;50
43;2025;"0-12";NA;NA;NA;NA;NA;77;79;"MS";0,5;0,5;50
44;2025;"0-12";NA;NA;NA;NA;NA;77;81;"MS";0,5;0,5;50
45;2025;"0-12";NA;NA;NA;NA;NA;76;72;"MS";0,5;0,5;50
46;2025;"0-12";NA;NA;NA;NA;NA;72;74;"MS";0,5;0,5;50
47;2025;"0-12";NA;NA;NA;NA;NA;68;70;"MS";0,5;0,5;50
48;2025;"0-12";NA;NA;NA;NA;NA;60;61;"MS";0,5;0,5;50
49;2025;"0-12";NA;NA;NA;NA;NA;55;50;"MS";0,5;0,5;50
50;2025;"0-12";NA;NA;NA;NA;NA;48;54;"MS";0,5;0,5;50
51;2025;"0-12";NA;NA;NA;NA;NA;38;40;"MS";0,5;0,5;50
52;2025;"0-12";NA;NA;NA;NA;NA;31;20;"MS";0,5;0,5;50
53;2025;"0-12";NA;NA;NA;NA;NA;30;33;"MS";0,5;0,5;50
1;2026;"0-12";NA;NA;NA;NA;NA;31;37;"MS";0,5;0,5;50
2;2026;"0-12";NA;NA;NA;NA;NA;32;22;"MS";0,5;0,5;50
3;2026;"0-12";NA;NA;NA;NA;NA;30;36;"MS";0,5;0,5;50
4;2026;"0-12";NA;NA;NA;NA;NA;31;32;"MS";0,5;0,5;50
5;2026;"0-12";NA;NA;NA;NA;NA;33;25;"MS";0,5;0,5;50
6;2026;"0-12";NA;NA;NA;NA;NA;43;41;"MS";0,5;0,5;50
7;2026;"0-12";NA;NA;NA;NA;NA;60;64;"MS";0,5;0,5;50
8;2026;"0-12";NA;NA;NA;NA;NA;80;75;"MS";0,5;0,5;50
9;2026;"0-12";NA;NA;NA;NA;NA;89;102;"MS";0,5;0,5;50
10;2026;"0-12";91;92;91;91;91;99;91;"MS";0,5;0,5;50
11;2026;"0-12";104;107;104;105;104;101;104;"MS";0,5;0,5;50
12;2026;"0-12";107;110;106;108;106;105;106;"MS";0,5;0,5;50
13;2026;"0-12";103;107;101;104;102;107;101;"MS";0,5;0,5;50
14;2026;"0-12";110;116;107;112;109;112;108;"MS";0,5;0,5;50
15;2026;"0-12";122;130,025;117;125;120;125;120;"MS";0,5;0,5;50
16;2026;"0-12";142;152;135;145;139;131;134;"MS";0,5;0,5;50
17;2026;"0-12";130;146;120;135;126;129;122;"MS";0,5;0,5;50
18;2026;"0-12";116;152,025;94;126;107;130;100;"MS";0,5;0,5;50
19;2026;"0-12";145;266,025;89;177,25;121;NA;107;"MS";0,5;0,5;50
1;2022;"0-12";NA;NA;NA;NA;NA;NA;17;"MT";0;-0,5;51
2;2022;"0-12";NA;NA;NA;NA;NA;14;16;"MT";0;-0,5;51
3;2022;"0-12";NA;NA;NA;NA;NA;11;10;"MT";0;-0,5;51
4;2022;"0-12";NA;NA;NA;NA;NA;10;8;"MT";0;-0,5;51
5;2022;"0-12";NA;NA;NA;NA;NA;8;11;"MT";0;-0,5;51
6;2022;"0-12";NA;NA;NA;NA;NA;10;6;"MT";0;-0,5;51
7;2022;"0-12";NA;NA;NA;NA;NA;8;12;"MT";0;-0,5;51
8;2022;"0-12";NA;NA;NA;NA;NA;9;6;"MT";0;-0,5;51
9;2022;"0-12";NA;NA;NA;NA;NA;9;9;"MT";0;-0,5;51
10;2022;"0-12";NA;NA;NA;NA;NA;10;11;"MT";0;-0,5;51
11;2022;"0-12";NA;NA;NA;NA;NA;10;9;"MT";0;-0,5;51
12;2022;"0-12";NA;NA;NA;NA;NA;10;11;"MT";0;-0,5;51
13;2022;"0-12";NA;NA;NA;NA;NA;10;11;"MT";0;-0,5;51
14;2022;"0-12";NA;NA;NA;NA;NA;8;7;"MT";0;-0,5;51
15;2022;"0-12";NA;NA;NA;NA;NA;6;6;"MT";0;-0,5;51
16;2022;"0-12";NA;NA;NA;NA;NA;6;4;"MT";0;-0,5;51
17;2022;"0-12";NA;NA;NA;NA;NA;7;9;"MT";0;-0,5;51
18;2022;"0-12";NA;NA;NA;NA;NA;8;9;"MT";0;-0,5;51
19;2022;"0-12";NA;NA;NA;NA;NA;9;6;"MT";0;-0,5;51
20;2022;"0-12";NA;NA;NA;NA;NA;9;11;"MT";0;-0,5;51
21;2022;"0-12";NA;NA;NA;NA;NA;10;10;"MT";0;-0,5;51
22;2022;"0-12";NA;NA;NA;NA;NA;8;8;"MT";0;-0,5;51
23;2022;"0-12";NA;NA;NA;NA;NA;8;6;"MT";0;-0,5;51
24;2022;"0-12";NA;NA;NA;NA;NA;8;10;"MT";0;-0,5;51
25;2022;"0-12";NA;NA;NA;NA;NA;11;9;"MT";0;-0,5;51
26;2022;"0-12";NA;NA;NA;NA;NA;11;14;"MT";0;-0,5;51
27;2022;"0-12";NA;NA;NA;NA;NA;10;10;"MT";0;-0,5;51
28;2022;"0-12";NA;NA;NA;NA;NA;7;6;"MT";0;-0,5;51
29;2022;"0-12";NA;NA;NA;NA;NA;5;5;"MT";0;-0,5;51
30;2022;"0-12";NA;NA;NA;NA;NA;4;3;"MT";0;-0,5;51
31;2022;"0-12";NA;NA;NA;NA;NA;3;5;"MT";0;-0,5;51
32;2022;"0-12";NA;NA;NA;NA;NA;3;1;"MT";0;-0,5;51
33;2022;"0-12";NA;NA;NA;NA;NA;2;3;"MT";0;-0,5;51
34;2022;"0-12";NA;NA;NA;NA;NA;3;2;"MT";0;-0,5;51
36;2022;"0-12";NA;NA;NA;NA;NA;4;5;"MT";0;-0,5;51
37;2022;"0-12";NA;NA;NA;NA;NA;3;4;"MT";0;-0,5;51
38;2022;"0-12";NA;NA;NA;NA;NA;3;1;"MT";0;-0,5;51
40;2022;"0-12";NA;NA;NA;NA;NA;3;4;"MT";0;-0,5;51
41;2022;"0-12";NA;NA;NA;NA;NA;4;3;"MT";0;-0,5;51
42;2022;"0-12";NA;NA;NA;NA;NA;5;4;"MT";0;-0,5;51
43;2022;"0-12";NA;NA;NA;NA;NA;5;7;"MT";0;-0,5;51
44;2022;"0-12";NA;NA;NA;NA;NA;4;3;"MT";0;-0,5;51
45;2022;"0-12";NA;NA;NA;NA;NA;3;1;"MT";0;-0,5;51
47;2022;"0-12";NA;NA;NA;NA;NA;3;4;"MT";0;-0,5;51
48;2022;"0-12";NA;NA;NA;NA;NA;4;3;"MT";0;-0,5;51
49;2022;"0-12";NA;NA;NA;NA;NA;4;5;"MT";0;-0,5;51
50;2022;"0-12";NA;NA;NA;NA;NA;4;4;"MT";0;-0,5;51
51;2022;"0-12";NA;NA;NA;NA;NA;2;2;"MT";0;-0,5;51
52;2022;"0-12";NA;NA;NA;NA;NA;2;1;"MT";0;-0,5;51
1;2023;"0-12";NA;NA;NA;NA;NA;2;4;"MT";0;-0,5;51
2;2023;"0-12";NA;NA;NA;NA;NA;3;2;"MT";0;-0,5;51
3;2023;"0-12";NA;NA;NA;NA;NA;3;4;"MT";0;-0,5;51
4;2023;"0-12";NA;NA;NA;NA;NA;5;2;"MT";0;-0,5;51
6;2023;"0-12";NA;NA;NA;NA;NA;6;8;"MT";0;-0,5;51
7;2023;"0-12";NA;NA;NA;NA;NA;10;8;"MT";0;-0,5;51
8;2023;"0-12";NA;NA;NA;NA;NA;11;13;"MT";0;-0,5;51
9;2023;"0-12";NA;NA;NA;NA;NA;11;12;"MT";0;-0,5;51
10;2023;"0-12";NA;NA;NA;NA;NA;18;8;"MT";0;-0,5;51
11;2023;"0-12";NA;NA;NA;NA;NA;23;33;"MT";0;-0,5;51
12;2023;"0-12";NA;NA;NA;NA;NA;30;29;"MT";0;-0,5;51
13;2023;"0-12";NA;NA;NA;NA;NA;27;29;"MT";0;-0,5;51
14;2023;"0-12";NA;NA;NA;NA;NA;26;24;"MT";0;-0,5;51
15;2023;"0-12";NA;NA;NA;NA;NA;31;25;"MT";0;-0,5;51
16;2023;"0-12";NA;NA;NA;NA;NA;35;45;"MT";0;-0,5;51
17;2023;"0-12";NA;NA;NA;NA;NA;38;34;"MT";0;-0,5;51
18;2023;"0-12";NA;NA;NA;NA;NA;32;34;"MT";0;-0,5;51
19;2023;"0-12";NA;NA;NA;NA;NA;32;29;"MT";0;-0,5;51
20;2023;"0-12";NA;NA;NA;NA;NA;29;34;"MT";0;-0,5;51
21;2023;"0-12";NA;NA;NA;NA;NA;28;25;"MT";0;-0,5;51
22;2023;"0-12";NA;NA;NA;NA;NA;24;24;"MT";0;-0,5;51
23;2023;"0-12";NA;NA;NA;NA;NA;18;23;"MT";0;-0,5;51
24;2023;"0-12";NA;NA;NA;NA;NA;14;8;"MT";0;-0,5;51
25;2023;"0-12";NA;NA;NA;NA;NA;11;12;"MT";0;-0,5;51
26;2023;"0-12";NA;NA;NA;NA;NA;11;14;"MT";0;-0,5;51
27;2023;"0-12";NA;NA;NA;NA;NA;9;7;"MT";0;-0,5;51
28;2023;"0-12";NA;NA;NA;NA;NA;5;7;"MT";0;-0,5;51
29;2023;"0-12";NA;NA;NA;NA;NA;6;1;"MT";0;-0,5;51
30;2023;"0-12";NA;NA;NA;NA;NA;5;9;"MT";0;-0,5;51
31;2023;"0-12";NA;NA;NA;NA;NA;6;5;"MT";0;-0,5;51
32;2023;"0-12";NA;NA;NA;NA;NA;3;3;"MT";0;-0,5;51
33;2023;"0-12";NA;NA;NA;NA;NA;2;2;"MT";0;-0,5;51
35;2023;"0-12";NA;NA;NA;NA;NA;2;2;"MT";0;-0,5;51
37;2023;"0-12";NA;NA;NA;NA;NA;2;1;"MT";0;-0,5;51
39;2023;"0-12";NA;NA;NA;NA;NA;2;2;"MT";0;-0,5;51
40;2023;"0-12";NA;NA;NA;NA;NA;2;2;"MT";0;-0,5;51
41;2023;"0-12";NA;NA;NA;NA;NA;2;1;"MT";0;-0,5;51
42;2023;"0-12";NA;NA;NA;NA;NA;1;2;"MT";0;-0,5;51
46;2023;"0-12";NA;NA;NA;NA;NA;1;1;"MT";0;-0,5;51
47;2023;"0-12";NA;NA;NA;NA;NA;3;1;"MT";0;-0,5;51
48;2023;"0-12";NA;NA;NA;NA;NA;3;6;"MT";0;-0,5;51
49;2023;"0-12";NA;NA;NA;NA;NA;4;2;"MT";0;-0,5;51
50;2023;"0-12";NA;NA;NA;NA;NA;2;3;"MT";0;-0,5;51
51;2023;"0-12";NA;NA;NA;NA;NA;2;2;"MT";0;-0,5;51
52;2023;"0-12";NA;NA;NA;NA;NA;2;1;"MT";0;-0,5;51
3;2024;"0-12";NA;NA;NA;NA;NA;3;4;"MT";0;-0,5;51
4;2024;"0-12";NA;NA;NA;NA;NA;3;3;"MT";0;-0,5;51
5;2024;"0-12";NA;NA;NA;NA;NA;2;3;"MT";0;-0,5;51
6;2024;"0-12";NA;NA;NA;NA;NA;4;1;"MT";0;-0,5;51
7;2024;"0-12";NA;NA;NA;NA;NA;4;7;"MT";0;-0,5;51
8;2024;"0-12";NA;NA;NA;NA;NA;4;4;"MT";0;-0,5;51
9;2024;"0-12";NA;NA;NA;NA;NA;3;2;"MT";0;-0,5;51
10;2024;"0-12";NA;NA;NA;NA;NA;4;4;"MT";0;-0,5;51
11;2024;"0-12";NA;NA;NA;NA;NA;5;5;"MT";0;-0,5;51
12;2024;"0-12";NA;NA;NA;NA;NA;6;5;"MT";0;-0,5;51
13;2024;"0-12";NA;NA;NA;NA;NA;6;7;"MT";0;-0,5;51
14;2024;"0-12";NA;NA;NA;NA;NA;8;6;"MT";0;-0,5;51
15;2024;"0-12";NA;NA;NA;NA;NA;15;12;"MT";0;-0,5;51
16;2024;"0-12";NA;NA;NA;NA;NA;22;26;"MT";0;-0,5;51
17;2024;"0-12";NA;NA;NA;NA;NA;23;28;"MT";0;-0,5;51
18;2024;"0-12";NA;NA;NA;NA;NA;23;16;"MT";0;-0,5;51
19;2024;"0-12";NA;NA;NA;NA;NA;18;26;"MT";0;-0,5;51
20;2024;"0-12";NA;NA;NA;NA;NA;18;13;"MT";0;-0,5;51
21;2024;"0-12";NA;NA;NA;NA;NA;12;15;"MT";0;-0,5;51
22;2024;"0-12";NA;NA;NA;NA;NA;14;8;"MT";0;-0,5;51
23;2024;"0-12";NA;NA;NA;NA;NA;12;18;"MT";0;-0,5;51
24;2024;"0-12";NA;NA;NA;NA;NA;14;9;"MT";0;-0,5;51
25;2024;"0-12";NA;NA;NA;NA;NA;10;15;"MT";0;-0,5;51
26;2024;"0-12";NA;NA;NA;NA;NA;10;5;"MT";0;-0,5;51
27;2024;"0-12";NA;NA;NA;NA;NA;9;10;"MT";0;-0,5;51
28;2024;"0-12";NA;NA;NA;NA;NA;13;11;"MT";0;-0,5;51
29;2024;"0-12";NA;NA;NA;NA;NA;13;17;"MT";0;-0,5;51
30;2024;"0-12";NA;NA;NA;NA;NA;11;12;"MT";0;-0,5;51
31;2024;"0-12";NA;NA;NA;NA;NA;8;5;"MT";0;-0,5;51
32;2024;"0-12";NA;NA;NA;NA;NA;6;6;"MT";0;-0,5;51
33;2024;"0-12";NA;NA;NA;NA;NA;8;8;"MT";0;-0,5;51
34;2024;"0-12";NA;NA;NA;NA;NA;9;11;"MT";0;-0,5;51
35;2024;"0-12";NA;NA;NA;NA;NA;12;8;"MT";0;-0,5;51
36;2024;"0-12";NA;NA;NA;NA;NA;12;16;"MT";0;-0,5;51
37;2024;"0-12";NA;NA;NA;NA;NA;13;12;"MT";0;-0,5;51
38;2024;"0-12";NA;NA;NA;NA;NA;11;10;"MT";0;-0,5;51
39;2024;"0-12";NA;NA;NA;NA;NA;10;10;"MT";0;-0,5;51
40;2024;"0-12";NA;NA;NA;NA;NA;13;10;"MT";0;-0,5;51
41;2024;"0-12";NA;NA;NA;NA;NA;11;19;"MT";0;-0,5;51
42;2024;"0-12";NA;NA;NA;NA;NA;12;5;"MT";0;-0,5;51
43;2024;"0-12";NA;NA;NA;NA;NA;11;11;"MT";0;-0,5;51
44;2024;"0-12";NA;NA;NA;NA;NA;12;16;"MT";0;-0,5;51
45;2024;"0-12";NA;NA;NA;NA;NA;12;10;"MT";0;-0,5;51
46;2024;"0-12";NA;NA;NA;NA;NA;10;11;"MT";0;-0,5;51
47;2024;"0-12";NA;NA;NA;NA;NA;8;9;"MT";0;-0,5;51
48;2024;"0-12";NA;NA;NA;NA;NA;7;4;"MT";0;-0,5;51
49;2024;"0-12";NA;NA;NA;NA;NA;6;8;"MT";0;-0,5;51
50;2024;"0-12";NA;NA;NA;NA;NA;6;5;"MT";0;-0,5;51
51;2024;"0-12";NA;NA;NA;NA;NA;4;6;"MT";0;-0,5;51
52;2024;"0-12";NA;NA;NA;NA;NA;4;2;"MT";0;-0,5;51
1;2025;"0-12";NA;NA;NA;NA;NA;4;4;"MT";0;-0,5;51
2;2025;"0-12";NA;NA;NA;NA;NA;5;5;"MT";0;-0,5;51
3;2025;"0-12";NA;NA;NA;NA;NA;5;6;"MT";0;-0,5;51
4;2025;"0-12";NA;NA;NA;NA;NA;6;5;"MT";0;-0,5;51
5;2025;"0-12";NA;NA;NA;NA;NA;6;6;"MT";0;-0,5;51
6;2025;"0-12";NA;NA;NA;NA;NA;7;6;"MT";0;-0,5;51
7;2025;"0-12";NA;NA;NA;NA;NA;9;10;"MT";0;-0,5;51
8;2025;"0-12";NA;NA;NA;NA;NA;14;12;"MT";0;-0,5;51
9;2025;"0-12";NA;NA;NA;NA;NA;17;19;"MT";0;-0,5;51
10;2025;"0-12";NA;NA;NA;NA;NA;21;19;"MT";0;-0,5;51
11;2025;"0-12";NA;NA;NA;NA;NA;26;25;"MT";0;-0,5;51
12;2025;"0-12";NA;NA;NA;NA;NA;30;34;"MT";0;-0,5;51
13;2025;"0-12";NA;NA;NA;NA;NA;33;31;"MT";0;-0,5;51
14;2025;"0-12";NA;NA;NA;NA;NA;35;35;"MT";0;-0,5;51
15;2025;"0-12";NA;NA;NA;NA;NA;36;39;"MT";0;-0,5;51
16;2025;"0-12";NA;NA;NA;NA;NA;41;33;"MT";0;-0,5;51
17;2025;"0-12";NA;NA;NA;NA;NA;43;51;"MT";0;-0,5;51
18;2025;"0-12";NA;NA;NA;NA;NA;53;46;"MT";0;-0,5;51
19;2025;"0-12";NA;NA;NA;NA;NA;54;61;"MT";0;-0,5;51
20;2025;"0-12";NA;NA;NA;NA;NA;59;55;"MT";0;-0,5;51
21;2025;"0-12";NA;NA;NA;NA;NA;59;62;"MT";0;-0,5;51
22;2025;"0-12";NA;NA;NA;NA;NA;65;59;"MT";0;-0,5;51
23;2025;"0-12";NA;NA;NA;NA;NA;65;75;"MT";0;-0,5;51
24;2025;"0-12";NA;NA;NA;NA;NA;60;60;"MT";0;-0,5;51
25;2025;"0-12";NA;NA;NA;NA;NA;53;44;"MT";0;-0,5;51
26;2025;"0-12";NA;NA;NA;NA;NA;43;54;"MT";0;-0,5;51
27;2025;"0-12";NA;NA;NA;NA;NA;38;32;"MT";0;-0,5;51
28;2025;"0-12";NA;NA;NA;NA;NA;27;29;"MT";0;-0,5;51
29;2025;"0-12";NA;NA;NA;NA;NA;23;20;"MT";0;-0,5;51
30;2025;"0-12";NA;NA;NA;NA;NA;21;20;"MT";0;-0,5;51
31;2025;"0-12";NA;NA;NA;NA;NA;19;23;"MT";0;-0,5;51
32;2025;"0-12";NA;NA;NA;NA;NA;21;14;"MT";0;-0,5;51
33;2025;"0-12";NA;NA;NA;NA;NA;20;26;"MT";0;-0,5;51
34;2025;"0-12";NA;NA;NA;NA;NA;21;21;"MT";0;-0,5;51
35;2025;"0-12";NA;NA;NA;NA;NA;17;16;"MT";0;-0,5;51
36;2025;"0-12";NA;NA;NA;NA;NA;16;14;"MT";0;-0,5;51
37;2025;"0-12";NA;NA;NA;NA;NA;16;18;"MT";0;-0,5;51
38;2025;"0-12";NA;NA;NA;NA;NA;17;17;"MT";0;-0,5;51
39;2025;"0-12";NA;NA;NA;NA;NA;16;15;"MT";0;-0,5;51
40;2025;"0-12";NA;NA;NA;NA;NA;15;15;"MT";0;-0,5;51
41;2025;"0-12";NA;NA;NA;NA;NA;16;14;"MT";0;-0,5;51
42;2025;"0-12";NA;NA;NA;NA;NA;16;19;"MT";0;-0,5;51
43;2025;"0-12";NA;NA;NA;NA;NA;15;16;"MT";0;-0,5;51
44;2025;"0-12";NA;NA;NA;NA;NA;11;11;"MT";0;-0,5;51
45;2025;"0-12";NA;NA;NA;NA;NA;9;5;"MT";0;-0,5;51
46;2025;"0-12";NA;NA;NA;NA;NA;11;11;"MT";0;-0,5;51
47;2025;"0-12";NA;NA;NA;NA;NA;12;16;"MT";0;-0,5;51
48;2025;"0-12";NA;NA;NA;NA;NA;13;9;"MT";0;-0,5;51
49;2025;"0-12";NA;NA;NA;NA;NA;10;13;"MT";0;-0,5;51
50;2025;"0-12";NA;NA;NA;NA;NA;12;9;"MT";0;-0,5;51
51;2025;"0-12";NA;NA;NA;NA;NA;12;15;"MT";0;-0,5;51
52;2025;"0-12";NA;NA;NA;NA;NA;12;13;"MT";0;-0,5;51
53;2025;"0-12";NA;NA;NA;NA;NA;9;7;"MT";0;-0,5;51
1;2026;"0-12";NA;NA;NA;NA;NA;8;7;"MT";0;-0,5;51
2;2026;"0-12";NA;NA;NA;NA;NA;8;9;"MT";0;-0,5;51
3;2026;"0-12";NA;NA;NA;NA;NA;8;9;"MT";0;-0,5;51
4;2026;"0-12";NA;NA;NA;NA;NA;9;6;"MT";0;-0,5;51
5;2026;"0-12";NA;NA;NA;NA;NA;12;13;"MT";0;-0,5;51
6;2026;"0-12";NA;NA;NA;NA;NA;20;17;"MT";0;-0,5;51
7;2026;"0-12";31;32;31;31;31;27;31;"MT";0;-0,5;51
8;2026;"0-12";33;34;33;33;33;40;33;"MT";0;-0,5;51
9;2026;"0-12";57;59;57;58;57;52;57;"MT";0;-0,5;51
10;2026;"0-12";67;70;67;68;67;64;68;"MT";0;-0,5;51
11;2026;"0-12";69;73;68;70;68;71;69;"MT";0;-0,5;51
12;2026;"0-12";77;82;75;79;76;74;75;"MT";0;-0,5;51
13;2026;"0-12";75;81;71;76;73;73;73;"MT";0;-0,5;51
14;2026;"0-12";66;72;62;67;64;73;61;"MT";0;-0,5;51
15;2026;"0-12";78;85;73;80;76;77;76;"MT";0;-0,5;51
16;2026;"0-12";88;97;81;91;85;77;79;"MT";0;-0,5;51
17;2026;"0-12";66;80,025;57;70;63;75;51;"MT";0;-0,5;51
18;2026;"0-12";71;100;54;79;64;71;47;"MT";0;-0,5;51
19;2026;"0-12";77;135;43;92;64;NA;40;"MT";0;-0,5;51
1;2022;"0-12";NA;NA;NA;NA;NA;NA;47;"PA";0,5;1;15
2;2022;"0-12";NA;NA;NA;NA;NA;33;23;"PA";0,5;1;15
3;2022;"0-12";NA;NA;NA;NA;NA;27;29;"PA";0,5;1;15
4;2022;"0-12";NA;NA;NA;NA;NA;27;29;"PA";0,5;1;15
5;2022;"0-12";NA;NA;NA;NA;NA;23;22;"PA";0,5;1;15
6;2022;"0-12";NA;NA;NA;NA;NA;20;19;"PA";0,5;1;15
7;2022;"0-12";NA;NA;NA;NA;NA;15;19;"PA";0,5;1;15
8;2022;"0-12";NA;NA;NA;NA;NA;19;8;"PA";0,5;1;15
9;2022;"0-12";NA;NA;NA;NA;NA;21;31;"PA";0,5;1;15
10;2022;"0-12";NA;NA;NA;NA;NA;26;24;"PA";0,5;1;15
11;2022;"0-12";NA;NA;NA;NA;NA;25;22;"PA";0,5;1;15
12;2022;"0-12";NA;NA;NA;NA;NA;28;28;"PA";0,5;1;15
13;2022;"0-12";NA;NA;NA;NA;NA;34;33;"PA";0,5;1;15
14;2022;"0-12";NA;NA;NA;NA;NA;39;41;"PA";0,5;1;15
15;2022;"0-12";NA;NA;NA;NA;NA;44;44;"PA";0,5;1;15
16;2022;"0-12";NA;NA;NA;NA;NA;41;46;"PA";0,5;1;15
17;2022;"0-12";NA;NA;NA;NA;NA;39;33;"PA";0,5;1;15
18;2022;"0-12";NA;NA;NA;NA;NA;41;38;"PA";0,5;1;15
19;2022;"0-12";NA;NA;NA;NA;NA;60;52;"PA";0,5;1;15
20;2022;"0-12";NA;NA;NA;NA;NA;62;89;"PA";0,5;1;15
21;2022;"0-12";NA;NA;NA;NA;NA;65;46;"PA";0,5;1;15
22;2022;"0-12";NA;NA;NA;NA;NA;55;59;"PA";0,5;1;15
23;2022;"0-12";NA;NA;NA;NA;NA;48;60;"PA";0,5;1;15
24;2022;"0-12";NA;NA;NA;NA;NA;41;24;"PA";0,5;1;15
25;2022;"0-12";NA;NA;NA;NA;NA;35;40;"PA";0,5;1;15
26;2022;"0-12";NA;NA;NA;NA;NA;38;42;"PA";0,5;1;15
27;2022;"0-12";NA;NA;NA;NA;NA;31;31;"PA";0,5;1;15
28;2022;"0-12";NA;NA;NA;NA;NA;25;21;"PA";0,5;1;15
29;2022;"0-12";NA;NA;NA;NA;NA;20;22;"PA";0,5;1;15
30;2022;"0-12";NA;NA;NA;NA;NA;15;16;"PA";0,5;1;15
31;2022;"0-12";NA;NA;NA;NA;NA;13;7;"PA";0,5;1;15
32;2022;"0-12";NA;NA;NA;NA;NA;13;15;"PA";0,5;1;15
33;2022;"0-12";NA;NA;NA;NA;NA;15;17;"PA";0,5;1;15
34;2022;"0-12";NA;NA;NA;NA;NA;13;13;"PA";0,5;1;15
35;2022;"0-12";NA;NA;NA;NA;NA;11;10;"PA";0,5;1;15
36;2022;"0-12";NA;NA;NA;NA;NA;11;11;"PA";0,5;1;15
37;2022;"0-12";NA;NA;NA;NA;NA;10;11;"PA";0,5;1;15
38;2022;"0-12";NA;NA;NA;NA;NA;10;9;"PA";0,5;1;15
39;2022;"0-12";NA;NA;NA;NA;NA;10;11;"PA";0,5;1;15
40;2022;"0-12";NA;NA;NA;NA;NA;9;9;"PA";0,5;1;15
41;2022;"0-12";NA;NA;NA;NA;NA;12;6;"PA";0,5;1;15
42;2022;"0-12";NA;NA;NA;NA;NA;16;20;"PA";0,5;1;15
43;2022;"0-12";NA;NA;NA;NA;NA;17;22;"PA";0,5;1;15
44;2022;"0-12";NA;NA;NA;NA;NA;16;10;"PA";0,5;1;15
45;2022;"0-12";NA;NA;NA;NA;NA;14;17;"PA";0,5;1;15
46;2022;"0-12";NA;NA;NA;NA;NA;16;16;"PA";0,5;1;15
47;2022;"0-12";NA;NA;NA;NA;NA;14;16;"PA";0,5;1;15
48;2022;"0-12";NA;NA;NA;NA;NA;10;10;"PA";0,5;1;15
49;2022;"0-12";NA;NA;NA;NA;NA;8;5;"PA";0,5;1;15
50;2022;"0-12";NA;NA;NA;NA;NA;9;10;"PA";0,5;1;15
51;2022;"0-12";NA;NA;NA;NA;NA;11;11;"PA";0,5;1;15
52;2022;"0-12";NA;NA;NA;NA;NA;13;13;"PA";0,5;1;15
1;2023;"0-12";NA;NA;NA;NA;NA;13;15;"PA";0,5;1;15
2;2023;"0-12";NA;NA;NA;NA;NA;15;10;"PA";0,5;1;15
3;2023;"0-12";NA;NA;NA;NA;NA;15;21;"PA";0,5;1;15
4;2023;"0-12";NA;NA;NA;NA;NA;17;13;"PA";0,5;1;15
5;2023;"0-12";NA;NA;NA;NA;NA;16;17;"PA";0,5;1;15
6;2023;"0-12";NA;NA;NA;NA;NA;18;18;"PA";0,5;1;15
7;2023;"0-12";NA;NA;NA;NA;NA;19;20;"PA";0,5;1;15
8;2023;"0-12";NA;NA;NA;NA;NA;26;19;"PA";0,5;1;15
9;2023;"0-12";NA;NA;NA;NA;NA;29;38;"PA";0,5;1;15
10;2023;"0-12";NA;NA;NA;NA;NA;34;29;"PA";0,5;1;15
11;2023;"0-12";NA;NA;NA;NA;NA;36;35;"PA";0,5;1;15
12;2023;"0-12";NA;NA;NA;NA;NA;38;45;"PA";0,5;1;15
13;2023;"0-12";NA;NA;NA;NA;NA;42;35;"PA";0,5;1;15
14;2023;"0-12";NA;NA;NA;NA;NA;41;46;"PA";0,5;1;15
15;2023;"0-12";NA;NA;NA;NA;NA;45;43;"PA";0,5;1;15
16;2023;"0-12";NA;NA;NA;NA;NA;44;45;"PA";0,5;1;15
17;2023;"0-12";NA;NA;NA;NA;NA;47;45;"PA";0,5;1;15
18;2023;"0-12";NA;NA;NA;NA;NA;51;52;"PA";0,5;1;15
19;2023;"0-12";NA;NA;NA;NA;NA;58;56;"PA";0,5;1;15
20;2023;"0-12";NA;NA;NA;NA;NA;61;66;"PA";0,5;1;15
21;2023;"0-12";NA;NA;NA;NA;NA;58;61;"PA";0,5;1;15
22;2023;"0-12";NA;NA;NA;NA;NA;52;46;"PA";0,5;1;15
23;2023;"0-12";NA;NA;NA;NA;NA;53;49;"PA";0,5;1;15
24;2023;"0-12";NA;NA;NA;NA;NA;61;65;"PA";0,5;1;15
25;2023;"0-12";NA;NA;NA;NA;NA;73;69;"PA";0,5;1;15
26;2023;"0-12";NA;NA;NA;NA;NA;66;86;"PA";0,5;1;15
27;2023;"0-12";NA;NA;NA;NA;NA;61;43;"PA";0,5;1;15
28;2023;"0-12";NA;NA;NA;NA;NA;49;53;"PA";0,5;1;15
29;2023;"0-12";NA;NA;NA;NA;NA;48;52;"PA";0,5;1;15
30;2023;"0-12";NA;NA;NA;NA;NA;44;38;"PA";0,5;1;15
31;2023;"0-12";NA;NA;NA;NA;NA;36;43;"PA";0,5;1;15
32;2023;"0-12";NA;NA;NA;NA;NA;37;27;"PA";0,5;1;15
33;2023;"0-12";NA;NA;NA;NA;NA;43;41;"PA";0,5;1;15
34;2023;"0-12";NA;NA;NA;NA;NA;52;60;"PA";0,5;1;15
35;2023;"0-12";NA;NA;NA;NA;NA;55;54;"PA";0,5;1;15
36;2023;"0-12";NA;NA;NA;NA;NA;52;52;"PA";0,5;1;15
37;2023;"0-12";NA;NA;NA;NA;NA;44;49;"PA";0,5;1;15
38;2023;"0-12";NA;NA;NA;NA;NA;37;31;"PA";0,5;1;15
39;2023;"0-12";NA;NA;NA;NA;NA;30;30;"PA";0,5;1;15
40;2023;"0-12";NA;NA;NA;NA;NA;33;30;"PA";0,5;1;15
41;2023;"0-12";NA;NA;NA;NA;NA;32;38;"PA";0,5;1;15
42;2023;"0-12";NA;NA;NA;NA;NA;29;28;"PA";0,5;1;15
43;2023;"0-12";NA;NA;NA;NA;NA;25;22;"PA";0,5;1;15
44;2023;"0-12";NA;NA;NA;NA;NA;25;25;"PA";0,5;1;15
45;2023;"0-12";NA;NA;NA;NA;NA;26;27;"PA";0,5;1;15
46;2023;"0-12";NA;NA;NA;NA;NA;27;27;"PA";0,5;1;15
47;2023;"0-12";NA;NA;NA;NA;NA;25;26;"PA";0,5;1;15
48;2023;"0-12";NA;NA;NA;NA;NA;27;21;"PA";0,5;1;15
49;2023;"0-12";NA;NA;NA;NA;NA;30;33;"PA";0,5;1;15
50;2023;"0-12";NA;NA;NA;NA;NA;31;35;"PA";0,5;1;15
51;2023;"0-12";NA;NA;NA;NA;NA;33;25;"PA";0,5;1;15
52;2023;"0-12";NA;NA;NA;NA;NA;38;38;"PA";0,5;1;15
1;2024;"0-12";NA;NA;NA;NA;NA;41;50;"PA";0,5;1;15
2;2024;"0-12";NA;NA;NA;NA;NA;42;34;"PA";0,5;1;15
3;2024;"0-12";NA;NA;NA;NA;NA;36;41;"PA";0,5;1;15
4;2024;"0-12";NA;NA;NA;NA;NA;36;32;"PA";0,5;1;15
5;2024;"0-12";NA;NA;NA;NA;NA;31;35;"PA";0,5;1;15
6;2024;"0-12";NA;NA;NA;NA;NA;40;25;"PA";0,5;1;15
7;2024;"0-12";NA;NA;NA;NA;NA;50;60;"PA";0,5;1;15
8;2024;"0-12";NA;NA;NA;NA;NA;61;65;"PA";0,5;1;15
9;2024;"0-12";NA;NA;NA;NA;NA;61;57;"PA";0,5;1;15
10;2024;"0-12";NA;NA;NA;NA;NA;59;61;"PA";0,5;1;15
11;2024;"0-12";NA;NA;NA;NA;NA;62;58;"PA";0,5;1;15
12;2024;"0-12";NA;NA;NA;NA;NA;56;68;"PA";0,5;1;15
13;2024;"0-12";NA;NA;NA;NA;NA;62;43;"PA";0,5;1;15
14;2024;"0-12";NA;NA;NA;NA;NA;61;74;"PA";0,5;1;15
15;2024;"0-12";NA;NA;NA;NA;NA;67;67;"PA";0,5;1;15
16;2024;"0-12";NA;NA;NA;NA;NA;60;60;"PA";0,5;1;15
17;2024;"0-12";NA;NA;NA;NA;NA;61;53;"PA";0,5;1;15
18;2024;"0-12";NA;NA;NA;NA;NA;60;69;"PA";0,5;1;15
19;2024;"0-12";NA;NA;NA;NA;NA;66;58;"PA";0,5;1;15
20;2024;"0-12";NA;NA;NA;NA;NA;61;71;"PA";0,5;1;15
21;2024;"0-12";NA;NA;NA;NA;NA;56;53;"PA";0,5;1;15
22;2024;"0-12";NA;NA;NA;NA;NA;45;45;"PA";0,5;1;15
23;2024;"0-12";NA;NA;NA;NA;NA;39;36;"PA";0,5;1;15
24;2024;"0-12";NA;NA;NA;NA;NA;41;35;"PA";0,5;1;15
25;2024;"0-12";NA;NA;NA;NA;NA;41;52;"PA";0,5;1;15
26;2024;"0-12";NA;NA;NA;NA;NA;42;37;"PA";0,5;1;15
27;2024;"0-12";NA;NA;NA;NA;NA;36;37;"PA";0,5;1;15
28;2024;"0-12";NA;NA;NA;NA;NA;32;33;"PA";0,5;1;15
29;2024;"0-12";NA;NA;NA;NA;NA;26;27;"PA";0,5;1;15
30;2024;"0-12";NA;NA;NA;NA;NA;22;17;"PA";0,5;1;15
31;2024;"0-12";NA;NA;NA;NA;NA;19;22;"PA";0,5;1;15
32;2024;"0-12";NA;NA;NA;NA;NA;17;17;"PA";0,5;1;15
33;2024;"0-12";NA;NA;NA;NA;NA;14;12;"PA";0,5;1;15
34;2024;"0-12";NA;NA;NA;NA;NA;14;14;"PA";0,5;1;15
35;2024;"0-12";NA;NA;NA;NA;NA;18;16;"PA";0,5;1;15
36;2024;"0-12";NA;NA;NA;NA;NA;23;24;"PA";0,5;1;15
37;2024;"0-12";NA;NA;NA;NA;NA;29;29;"PA";0,5;1;15
38;2024;"0-12";NA;NA;NA;NA;NA;27;34;"PA";0,5;1;15
39;2024;"0-12";NA;NA;NA;NA;NA;26;18;"PA";0,5;1;15
40;2024;"0-12";NA;NA;NA;NA;NA;22;26;"PA";0,5;1;15
41;2024;"0-12";NA;NA;NA;NA;NA;24;22;"PA";0,5;1;15
42;2024;"0-12";NA;NA;NA;NA;NA;27;24;"PA";0,5;1;15
43;2024;"0-12";NA;NA;NA;NA;NA;26;34;"PA";0,5;1;15
44;2024;"0-12";NA;NA;NA;NA;NA;27;19;"PA";0,5;1;15
45;2024;"0-12";NA;NA;NA;NA;NA;27;29;"PA";0,5;1;15
46;2024;"0-12";NA;NA;NA;NA;NA;26;33;"PA";0,5;1;15
47;2024;"0-12";NA;NA;NA;NA;NA;23;16;"PA";0,5;1;15
48;2024;"0-12";NA;NA;NA;NA;NA;18;20;"PA";0,5;1;15
49;2024;"0-12";NA;NA;NA;NA;NA;22;19;"PA";0,5;1;15
50;2024;"0-12";NA;NA;NA;NA;NA;21;26;"PA";0,5;1;15
51;2024;"0-12";NA;NA;NA;NA;NA;20;19;"PA";0,5;1;15
52;2024;"0-12";NA;NA;NA;NA;NA;19;16;"PA";0,5;1;15
1;2025;"0-12";NA;NA;NA;NA;NA;21;21;"PA";0,5;1;15
2;2025;"0-12";NA;NA;NA;NA;NA;22;26;"PA";0,5;1;15
3;2025;"0-12";NA;NA;NA;NA;NA;21;19;"PA";0,5;1;15
4;2025;"0-12";NA;NA;NA;NA;NA;18;17;"PA";0,5;1;15
5;2025;"0-12";NA;NA;NA;NA;NA;23;18;"PA";0,5;1;15
6;2025;"0-12";NA;NA;NA;NA;NA;29;34;"PA";0,5;1;15
7;2025;"0-12";NA;NA;NA;NA;NA;35;36;"PA";0,5;1;15
8;2025;"0-12";NA;NA;NA;NA;NA;38;34;"PA";0,5;1;15
9;2025;"0-12";NA;NA;NA;NA;NA;44;43;"PA";0,5;1;15
10;2025;"0-12";NA;NA;NA;NA;NA;50;54;"PA";0,5;1;15
11;2025;"0-12";NA;NA;NA;NA;NA;59;53;"PA";0,5;1;15
12;2025;"0-12";NA;NA;NA;NA;NA;59;70;"PA";0,5;1;15
13;2025;"0-12";NA;NA;NA;NA;NA;69;54;"PA";0,5;1;15
14;2025;"0-12";NA;NA;NA;NA;NA;67;82;"PA";0,5;1;15
15;2025;"0-12";NA;NA;NA;NA;NA;73;64;"PA";0,5;1;15
16;2025;"0-12";NA;NA;NA;NA;NA;70;72;"PA";0,5;1;15
17;2025;"0-12";NA;NA;NA;NA;NA;79;74;"PA";0,5;1;15
18;2025;"0-12";NA;NA;NA;NA;NA;82;90;"PA";0,5;1;15
19;2025;"0-12";NA;NA;NA;NA;NA;91;83;"PA";0,5;1;15
20;2025;"0-12";NA;NA;NA;NA;NA;97;101;"PA";0,5;1;15
21;2025;"0-12";NA;NA;NA;NA;NA;107;108;"PA";0,5;1;15
22;2025;"0-12";NA;NA;NA;NA;NA;122;112;"PA";0,5;1;15
23;2025;"0-12";NA;NA;NA;NA;NA;126;146;"PA";0,5;1;15
24;2025;"0-12";NA;NA;NA;NA;NA;136;120;"PA";0,5;1;15
25;2025;"0-12";NA;NA;NA;NA;NA;124;143;"PA";0,5;1;15
26;2025;"0-12";NA;NA;NA;NA;NA;110;108;"PA";0,5;1;15
27;2025;"0-12";NA;NA;NA;NA;NA;88;80;"PA";0,5;1;15
28;2025;"0-12";NA;NA;NA;NA;NA;72;75;"PA";0,5;1;15
29;2025;"0-12";NA;NA;NA;NA;NA;63;60;"PA";0,5;1;15
30;2025;"0-12";NA;NA;NA;NA;NA;50;55;"PA";0,5;1;15
31;2025;"0-12";NA;NA;NA;NA;NA;45;36;"PA";0,5;1;15
32;2025;"0-12";NA;NA;NA;NA;NA;39;43;"PA";0,5;1;15
33;2025;"0-12";NA;NA;NA;NA;NA;42;37;"PA";0,5;1;15
34;2025;"0-12";NA;NA;NA;NA;NA;44;46;"PA";0,5;1;15
35;2025;"0-12";NA;NA;NA;NA;NA;47;48;"PA";0,5;1;15
36;2025;"0-12";NA;NA;NA;NA;NA;46;47;"PA";0,5;1;15
37;2025;"0-12";NA;NA;NA;NA;NA;44;42;"PA";0,5;1;15
38;2025;"0-12";NA;NA;NA;NA;NA;45;44;"PA";0,5;1;15
39;2025;"0-12";NA;NA;NA;NA;NA;46;50;"PA";0,5;1;15
40;2025;"0-12";NA;NA;NA;NA;NA;51;45;"PA";0,5;1;15
41;2025;"0-12";NA;NA;NA;NA;NA;47;59;"PA";0,5;1;15
42;2025;"0-12";NA;NA;NA;NA;NA;48;37;"PA";0,5;1;15
43;2025;"0-12";NA;NA;NA;NA;NA;46;49;"PA";0,5;1;15
44;2025;"0-12";NA;NA;NA;NA;NA;46;53;"PA";0,5;1;15
45;2025;"0-12";NA;NA;NA;NA;NA;46;35;"PA";0,5;1;15
46;2025;"0-12";NA;NA;NA;NA;NA;46;51;"PA";0,5;1;15
47;2025;"0-12";NA;NA;NA;NA;NA;45;52;"PA";0,5;1;15
48;2025;"0-12";NA;NA;NA;NA;NA;40;33;"PA";0,5;1;15
49;2025;"0-12";NA;NA;NA;NA;NA;38;36;"PA";0,5;1;15
50;2025;"0-12";NA;NA;NA;NA;NA;43;46;"PA";0,5;1;15
51;2025;"0-12";NA;NA;NA;NA;NA;39;47;"PA";0,5;1;15
52;2025;"0-12";NA;NA;NA;NA;NA;38;25;"PA";0,5;1;15
53;2025;"0-12";NA;NA;NA;NA;NA;35;41;"PA";0,5;1;15
1;2026;"0-12";NA;NA;NA;NA;NA;37;40;"PA";0,5;1;15
2;2026;"0-12";NA;NA;NA;NA;NA;32;31;"PA";0,5;1;15
3;2026;"0-12";NA;NA;NA;NA;NA;27;26;"PA";0,5;1;15
4;2026;"0-12";NA;NA;NA;NA;NA;34;25;"PA";0,5;1;15
5;2026;"0-12";NA;NA;NA;NA;NA;43;51;"PA";0,5;1;15
6;2026;"0-12";53;55;53;53;53;50;53;"PA";0,5;1;15
7;2026;"0-12";46;48;45;46;45;54;46;"PA";0,5;1;15
8;2026;"0-12";64;68;63;65;63;64;63;"PA";0,5;1;15
9;2026;"0-12";82;86,025;80;83;81;70;80;"PA";0,5;1;15
10;2026;"0-12";63;68;59;64;61;79;60;"PA";0,5;1;15
11;2026;"0-12";91;97;87;93;89;72;88;"PA";0,5;1;15
12;2026;"0-12";62;68,025;57;64;60;86;56;"PA";0,5;1;15
13;2026;"0-12";104;111;98;106,25;102;88;97;"PA";0,5;1;15
14;2026;"0-12";99;108;92;101;96;109;88;"PA";0,5;1;15
15;2026;"0-12";123;136;115;127;120;121;109;"PA";0,5;1;15
16;2026;"0-12";140;159;127;146;135;135;116;"PA";0,5;1;15
17;2026;"0-12";141;177;119;151;133;153;107;"PA";0,5;1;15
18;2026;"0-12";179;244;137;197;162;177;110;"PA";0,5;1;15
19;2026;"0-12";210;369,025;124,95;250;175,75;NA;101;"PA";0,5;1;15
1;2022;"0-12";NA;NA;NA;NA;NA;NA;15;"PB";0,5;1;25
2;2022;"0-12";NA;NA;NA;NA;NA;15;19;"PB";0,5;1;25
3;2022;"0-12";NA;NA;NA;NA;NA;15;10;"PB";0,5;1;25
4;2022;"0-12";NA;NA;NA;NA;NA;13;16;"PB";0,5;1;25
5;2022;"0-12";NA;NA;NA;NA;NA;14;13;"PB";0,5;1;25
6;2022;"0-12";NA;NA;NA;NA;NA;12;14;"PB";0,5;1;25
7;2022;"0-12";NA;NA;NA;NA;NA;14;9;"PB";0,5;1;25
8;2022;"0-12";NA;NA;NA;NA;NA;16;19;"PB";0,5;1;25
9;2022;"0-12";NA;NA;NA;NA;NA;22;19;"PB";0,5;1;25
10;2022;"0-12";NA;NA;NA;NA;NA;27;27;"PB";0,5;1;25
11;2022;"0-12";NA;NA;NA;NA;NA;34;36;"PB";0,5;1;25
12;2022;"0-12";NA;NA;NA;NA;NA;35;39;"PB";0,5;1;25
13;2022;"0-12";NA;NA;NA;NA;NA;30;29;"PB";0,5;1;25
14;2022;"0-12";NA;NA;NA;NA;NA;30;23;"PB";0,5;1;25
15;2022;"0-12";NA;NA;NA;NA;NA;30;38;"PB";0,5;1;25
16;2022;"0-12";NA;NA;NA;NA;NA;31;28;"PB";0,5;1;25
17;2022;"0-12";NA;NA;NA;NA;NA;28;26;"PB";0,5;1;25
18;2022;"0-12";NA;NA;NA;NA;NA;29;30;"PB";0,5;1;25
19;2022;"0-12";NA;NA;NA;NA;NA;34;32;"PB";0,5;1;25
20;2022;"0-12";NA;NA;NA;NA;NA;35;39;"PB";0,5;1;25
21;2022;"0-12";NA;NA;NA;NA;NA;36;34;"PB";0,5;1;25
22;2022;"0-12";NA;NA;NA;NA;NA;31;34;"PB";0,5;1;25
23;2022;"0-12";NA;NA;NA;NA;NA;33;25;"PB";0,5;1;25
24;2022;"0-12";NA;NA;NA;NA;NA;32;39;"PB";0,5;1;25
25;2022;"0-12";NA;NA;NA;NA;NA;30;32;"PB";0,5;1;25
26;2022;"0-12";NA;NA;NA;NA;NA;25;18;"PB";0,5;1;25
27;2022;"0-12";NA;NA;NA;NA;NA;18;24;"PB";0,5;1;25
28;2022;"0-12";NA;NA;NA;NA;NA;20;11;"PB";0,5;1;25
29;2022;"0-12";NA;NA;NA;NA;NA;14;25;"PB";0,5;1;25
30;2022;"0-12";NA;NA;NA;NA;NA;15;7;"PB";0,5;1;25
31;2022;"0-12";NA;NA;NA;NA;NA;15;14;"PB";0,5;1;25
32;2022;"0-12";NA;NA;NA;NA;NA;20;23;"PB";0,5;1;25
33;2022;"0-12";NA;NA;NA;NA;NA;21;23;"PB";0,5;1;25
34;2022;"0-12";NA;NA;NA;NA;NA;19;17;"PB";0,5;1;25
35;2022;"0-12";NA;NA;NA;NA;NA;15;16;"PB";0,5;1;25
36;2022;"0-12";NA;NA;NA;NA;NA;15;12;"PB";0,5;1;25
37;2022;"0-12";NA;NA;NA;NA;NA;12;18;"PB";0,5;1;25
38;2022;"0-12";NA;NA;NA;NA;NA;9;7;"PB";0,5;1;25
39;2022;"0-12";NA;NA;NA;NA;NA;4;2;"PB";0,5;1;25
40;2022;"0-12";NA;NA;NA;NA;NA;4;4;"PB";0,5;1;25
41;2022;"0-12";NA;NA;NA;NA;NA;9;7;"PB";0,5;1;25
42;2022;"0-12";NA;NA;NA;NA;NA;10;15;"PB";0,5;1;25
43;2022;"0-12";NA;NA;NA;NA;NA;10;7;"PB";0,5;1;25
44;2022;"0-12";NA;NA;NA;NA;NA;8;7;"PB";0,5;1;25
45;2022;"0-12";NA;NA;NA;NA;NA;11;10;"PB";0,5;1;25
46;2022;"0-12";NA;NA;NA;NA;NA;13;17;"PB";0,5;1;25
47;2022;"0-12";NA;NA;NA;NA;NA;12;11;"PB";0,5;1;25
48;2022;"0-12";NA;NA;NA;NA;NA;9;9;"PB";0,5;1;25
49;2022;"0-12";NA;NA;NA;NA;NA;9;8;"PB";0,5;1;25
50;2022;"0-12";NA;NA;NA;NA;NA;10;9;"PB";0,5;1;25
51;2022;"0-12";NA;NA;NA;NA;NA;8;13;"PB";0,5;1;25
52;2022;"0-12";NA;NA;NA;NA;NA;8;3;"PB";0,5;1;25
1;2023;"0-12";NA;NA;NA;NA;NA;6;7;"PB";0,5;1;25
2;2023;"0-12";NA;NA;NA;NA;NA;8;9;"PB";0,5;1;25
3;2023;"0-12";NA;NA;NA;NA;NA;8;8;"PB";0,5;1;25
4;2023;"0-12";NA;NA;NA;NA;NA;7;7;"PB";0,5;1;25
5;2023;"0-12";NA;NA;NA;NA;NA;7;5;"PB";0,5;1;25
6;2023;"0-12";NA;NA;NA;NA;NA;7;10;"PB";0,5;1;25
7;2023;"0-12";NA;NA;NA;NA;NA;7;6;"PB";0,5;1;25
8;2023;"0-12";NA;NA;NA;NA;NA;5;5;"PB";0,5;1;25
9;2023;"0-12";NA;NA;NA;NA;NA;6;4;"PB";0,5;1;25
10;2023;"0-12";NA;NA;NA;NA;NA;5;8;"PB";0,5;1;25
11;2023;"0-12";NA;NA;NA;NA;NA;5;2;"PB";0,5;1;25
12;2023;"0-12";NA;NA;NA;NA;NA;5;6;"PB";0,5;1;25
13;2023;"0-12";NA;NA;NA;NA;NA;9;8;"PB";0,5;1;25
14;2023;"0-12";NA;NA;NA;NA;NA;18;13;"PB";0,5;1;25
15;2023;"0-12";NA;NA;NA;NA;NA;29;32;"PB";0,5;1;25
16;2023;"0-12";NA;NA;NA;NA;NA;45;43;"PB";0,5;1;25
17;2023;"0-12";NA;NA;NA;NA;NA;74;60;"PB";0,5;1;25
18;2023;"0-12";NA;NA;NA;NA;NA;111;120;"PB";0,5;1;25
19;2023;"0-12";NA;NA;NA;NA;NA;145;153;"PB";0,5;1;25
20;2023;"0-12";NA;NA;NA;NA;NA;156;162;"PB";0,5;1;25
21;2023;"0-12";NA;NA;NA;NA;NA;149;153;"PB";0,5;1;25
22;2023;"0-12";NA;NA;NA;NA;NA;130;133;"PB";0,5;1;25
23;2023;"0-12";NA;NA;NA;NA;NA;120;104;"PB";0,5;1;25
24;2023;"0-12";NA;NA;NA;NA;NA;109;124;"PB";0,5;1;25
25;2023;"0-12";NA;NA;NA;NA;NA;106;100;"PB";0,5;1;25
26;2023;"0-12";NA;NA;NA;NA;NA;89;95;"PB";0,5;1;25
27;2023;"0-12";NA;NA;NA;NA;NA;82;73;"PB";0,5;1;25
28;2023;"0-12";NA;NA;NA;NA;NA;78;77;"PB";0,5;1;25
29;2023;"0-12";NA;NA;NA;NA;NA;78;84;"PB";0,5;1;25
30;2023;"0-12";NA;NA;NA;NA;NA;78;72;"PB";0,5;1;25
31;2023;"0-12";NA;NA;NA;NA;NA;69;77;"PB";0,5;1;25
32;2023;"0-12";NA;NA;NA;NA;NA;62;57;"PB";0,5;1;25
33;2023;"0-12";NA;NA;NA;NA;NA;50;52;"PB";0,5;1;25
34;2023;"0-12";NA;NA;NA;NA;NA;48;40;"PB";0,5;1;25
35;2023;"0-12";NA;NA;NA;NA;NA;47;51;"PB";0,5;1;25
36;2023;"0-12";NA;NA;NA;NA;NA;44;50;"PB";0,5;1;25
37;2023;"0-12";NA;NA;NA;NA;NA;41;30;"PB";0,5;1;25
38;2023;"0-12";NA;NA;NA;NA;NA;36;42;"PB";0,5;1;25
39;2023;"0-12";NA;NA;NA;NA;NA;38;37;"PB";0,5;1;25
40;2023;"0-12";NA;NA;NA;NA;NA;33;35;"PB";0,5;1;25
41;2023;"0-12";NA;NA;NA;NA;NA;31;26;"PB";0,5;1;25
42;2023;"0-12";NA;NA;NA;NA;NA;30;31;"PB";0,5;1;25
43;2023;"0-12";NA;NA;NA;NA;NA;30;34;"PB";0,5;1;25
44;2023;"0-12";NA;NA;NA;NA;NA;26;25;"PB";0,5;1;25
45;2023;"0-12";NA;NA;NA;NA;NA;19;18;"PB";0,5;1;25
46;2023;"0-12";NA;NA;NA;NA;NA;20;15;"PB";0,5;1;25
47;2023;"0-12";NA;NA;NA;NA;NA;26;27;"PB";0,5;1;25
48;2023;"0-12";NA;NA;NA;NA;NA;30;35;"PB";0,5;1;25
49;2023;"0-12";NA;NA;NA;NA;NA;27;29;"PB";0,5;1;25
50;2023;"0-12";NA;NA;NA;NA;NA;23;17;"PB";0,5;1;25
51;2023;"0-12";NA;NA;NA;NA;NA;17;23;"PB";0,5;1;25
52;2023;"0-12";NA;NA;NA;NA;NA;14;10;"PB";0,5;1;25
1;2024;"0-12";NA;NA;NA;NA;NA;9;10;"PB";0,5;1;25
2;2024;"0-12";NA;NA;NA;NA;NA;8;7;"PB";0,5;1;25
3;2024;"0-12";NA;NA;NA;NA;NA;8;6;"PB";0,5;1;25
4;2024;"0-12";NA;NA;NA;NA;NA;11;11;"PB";0,5;1;25
5;2024;"0-12";NA;NA;NA;NA;NA;11;15;"PB";0,5;1;25
6;2024;"0-12";NA;NA;NA;NA;NA;11;8;"PB";0,5;1;25
7;2024;"0-12";NA;NA;NA;NA;NA;12;10;"PB";0,5;1;25
8;2024;"0-12";NA;NA;NA;NA;NA;23;18;"PB";0,5;1;25
9;2024;"0-12";NA;NA;NA;NA;NA;29;40;"PB";0,5;1;25
10;2024;"0-12";NA;NA;NA;NA;NA;35;29;"PB";0,5;1;25
11;2024;"0-12";NA;NA;NA;NA;NA;33;35;"PB";0,5;1;25
12;2024;"0-12";NA;NA;NA;NA;NA;40;35;"PB";0,5;1;25
13;2024;"0-12";NA;NA;NA;NA;NA;53;50;"PB";0,5;1;25
14;2024;"0-12";NA;NA;NA;NA;NA;65;73;"PB";0,5;1;25
15;2024;"0-12";NA;NA;NA;NA;NA;82;71;"PB";0,5;1;25
16;2024;"0-12";NA;NA;NA;NA;NA;86;103;"PB";0,5;1;25
17;2024;"0-12";NA;NA;NA;NA;NA;104;83;"PB";0,5;1;25
18;2024;"0-12";NA;NA;NA;NA;NA;106;127;"PB";0,5;1;25
19;2024;"0-12";NA;NA;NA;NA;NA;116;107;"PB";0,5;1;25
20;2024;"0-12";NA;NA;NA;NA;NA;109;115;"PB";0,5;1;25
21;2024;"0-12";NA;NA;NA;NA;NA;105;106;"PB";0,5;1;25
22;2024;"0-12";NA;NA;NA;NA;NA;85;93;"PB";0,5;1;25
23;2024;"0-12";NA;NA;NA;NA;NA;76;57;"PB";0,5;1;25
24;2024;"0-12";NA;NA;NA;NA;NA;60;79;"PB";0,5;1;25
25;2024;"0-12";NA;NA;NA;NA;NA;53;45;"PB";0,5;1;25
26;2024;"0-12";NA;NA;NA;NA;NA;39;34;"PB";0,5;1;25
27;2024;"0-12";NA;NA;NA;NA;NA;33;37;"PB";0,5;1;25
28;2024;"0-12";NA;NA;NA;NA;NA;33;29;"PB";0,5;1;25
29;2024;"0-12";NA;NA;NA;NA;NA;31;34;"PB";0,5;1;25
30;2024;"0-12";NA;NA;NA;NA;NA;32;29;"PB";0,5;1;25
31;2024;"0-12";NA;NA;NA;NA;NA;35;32;"PB";0,5;1;25
32;2024;"0-12";NA;NA;NA;NA;NA;38;45;"PB";0,5;1;25
33;2024;"0-12";NA;NA;NA;NA;NA;44;37;"PB";0,5;1;25
34;2024;"0-12";NA;NA;NA;NA;NA;41;49;"PB";0,5;1;25
35;2024;"0-12";NA;NA;NA;NA;NA;39;37;"PB";0,5;1;25
36;2024;"0-12";NA;NA;NA;NA;NA;33;32;"PB";0,5;1;25
37;2024;"0-12";NA;NA;NA;NA;NA;34;31;"PB";0,5;1;25
38;2024;"0-12";NA;NA;NA;NA;NA;32;40;"PB";0,5;1;25
39;2024;"0-12";NA;NA;NA;NA;NA;31;26;"PB";0,5;1;25
40;2024;"0-12";NA;NA;NA;NA;NA;27;28;"PB";0,5;1;25
41;2024;"0-12";NA;NA;NA;NA;NA;29;28;"PB";0,5;1;25
42;2024;"0-12";NA;NA;NA;NA;NA;27;32;"PB";0,5;1;25
43;2024;"0-12";NA;NA;NA;NA;NA;26;22;"PB";0,5;1;25
44;2024;"0-12";NA;NA;NA;NA;NA;21;24;"PB";0,5;1;25
45;2024;"0-12";NA;NA;NA;NA;NA;20;18;"PB";0,5;1;25
46;2024;"0-12";NA;NA;NA;NA;NA;18;19;"PB";0,5;1;25
47;2024;"0-12";NA;NA;NA;NA;NA;18;18;"PB";0,5;1;25
48;2024;"0-12";NA;NA;NA;NA;NA;20;16;"PB";0,5;1;25
49;2024;"0-12";NA;NA;NA;NA;NA;18;25;"PB";0,5;1;25
50;2024;"0-12";NA;NA;NA;NA;NA;18;13;"PB";0,5;1;25
51;2024;"0-12";NA;NA;NA;NA;NA;14;17;"PB";0,5;1;25
52;2024;"0-12";NA;NA;NA;NA;NA;15;11;"PB";0,5;1;25
1;2025;"0-12";NA;NA;NA;NA;NA;13;16;"PB";0,5;1;25
2;2025;"0-12";NA;NA;NA;NA;NA;17;13;"PB";0,5;1;25
3;2025;"0-12";NA;NA;NA;NA;NA;14;21;"PB";0,5;1;25
4;2025;"0-12";NA;NA;NA;NA;NA;15;7;"PB";0,5;1;25
5;2025;"0-12";NA;NA;NA;NA;NA;16;16;"PB";0,5;1;25
6;2025;"0-12";NA;NA;NA;NA;NA;21;24;"PB";0,5;1;25
7;2025;"0-12";NA;NA;NA;NA;NA;28;22;"PB";0,5;1;25
8;2025;"0-12";NA;NA;NA;NA;NA;32;39;"PB";0,5;1;25
9;2025;"0-12";NA;NA;NA;NA;NA;38;36;"PB";0,5;1;25
10;2025;"0-12";NA;NA;NA;NA;NA;34;38;"PB";0,5;1;25
11;2025;"0-12";NA;NA;NA;NA;NA;35;28;"PB";0,5;1;25
12;2025;"0-12";NA;NA;NA;NA;NA;36;38;"PB";0,5;1;25
13;2025;"0-12";NA;NA;NA;NA;NA;47;42;"PB";0,5;1;25
14;2025;"0-12";NA;NA;NA;NA;NA;47;60;"PB";0,5;1;25
15;2025;"0-12";NA;NA;NA;NA;NA;43;39;"PB";0,5;1;25
16;2025;"0-12";NA;NA;NA;NA;NA;36;29;"PB";0,5;1;25
17;2025;"0-12";NA;NA;NA;NA;NA;45;41;"PB";0,5;1;25
18;2025;"0-12";NA;NA;NA;NA;NA;61;65;"PB";0,5;1;25
19;2025;"0-12";NA;NA;NA;NA;NA;76;76;"PB";0,5;1;25
20;2025;"0-12";NA;NA;NA;NA;NA;82;86;"PB";0,5;1;25
21;2025;"0-12";NA;NA;NA;NA;NA;97;83;"PB";0,5;1;25
22;2025;"0-12";NA;NA;NA;NA;NA;111;122;"PB";0,5;1;25
23;2025;"0-12";NA;NA;NA;NA;NA;120;127;"PB";0,5;1;25
24;2025;"0-12";NA;NA;NA;NA;NA;108;112;"PB";0,5;1;25
25;2025;"0-12";NA;NA;NA;NA;NA;96;86;"PB";0,5;1;25
26;2025;"0-12";NA;NA;NA;NA;NA;87;90;"PB";0,5;1;25
27;2025;"0-12";NA;NA;NA;NA;NA;85;84;"PB";0,5;1;25
28;2025;"0-12";NA;NA;NA;NA;NA;83;80;"PB";0,5;1;25
29;2025;"0-12";NA;NA;NA;NA;NA;90;85;"PB";0,5;1;25
30;2025;"0-12";NA;NA;NA;NA;NA;96;106;"PB";0,5;1;25
31;2025;"0-12";NA;NA;NA;NA;NA;99;96;"PB";0,5;1;25
32;2025;"0-12";NA;NA;NA;NA;NA;89;95;"PB";0,5;1;25
33;2025;"0-12";NA;NA;NA;NA;NA;94;76;"PB";0,5;1;25
34;2025;"0-12";NA;NA;NA;NA;NA;82;112;"PB";0,5;1;25
35;2025;"0-12";NA;NA;NA;NA;NA;85;57;"PB";0,5;1;25
36;2025;"0-12";NA;NA;NA;NA;NA;79;85;"PB";0,5;1;25
37;2025;"0-12";NA;NA;NA;NA;NA;83;94;"PB";0,5;1;25
38;2025;"0-12";NA;NA;NA;NA;NA;74;71;"PB";0,5;1;25
39;2025;"0-12";NA;NA;NA;NA;NA;63;57;"PB";0,5;1;25
40;2025;"0-12";NA;NA;NA;NA;NA;64;62;"PB";0,5;1;25
41;2025;"0-12";NA;NA;NA;NA;NA;69;74;"PB";0,5;1;25
42;2025;"0-12";NA;NA;NA;NA;NA;70;70;"PB";0,5;1;25
43;2025;"0-12";NA;NA;NA;NA;NA;66;66;"PB";0,5;1;25
44;2025;"0-12";NA;NA;NA;NA;NA;63;63;"PB";0,5;1;25
45;2025;"0-12";NA;NA;NA;NA;NA;62;59;"PB";0,5;1;25
46;2025;"0-12";NA;NA;NA;NA;NA;56;64;"PB";0,5;1;25
47;2025;"0-12";NA;NA;NA;NA;NA;51;46;"PB";0,5;1;25
48;2025;"0-12";NA;NA;NA;NA;NA;48;44;"PB";0,5;1;25
49;2025;"0-12";NA;NA;NA;NA;NA;48;54;"PB";0,5;1;25
50;2025;"0-12";NA;NA;NA;NA;NA;45;47;"PB";0,5;1;25
51;2025;"0-12";NA;NA;NA;NA;NA;36;35;"PB";0,5;1;25
52;2025;"0-12";NA;NA;NA;NA;NA;29;27;"PB";0,5;1;25
53;2025;"0-12";NA;NA;NA;NA;NA;26;25;"PB";0,5;1;25
1;2026;"0-12";NA;NA;NA;NA;NA;28;26;"PB";0,5;1;25
2;2026;"0-12";NA;NA;NA;NA;NA;26;32;"PB";0,5;1;25
3;2026;"0-12";NA;NA;NA;NA;NA;27;19;"PB";0,5;1;25
4;2026;"0-12";NA;NA;NA;NA;NA;23;29;"PB";0,5;1;25
5;2026;"0-12";NA;NA;NA;NA;NA;27;22;"PB";0,5;1;25
6;2026;"0-12";NA;NA;NA;NA;NA;29;30;"PB";0,5;1;25
7;2026;"0-12";NA;NA;NA;NA;NA;34;35;"PB";0,5;1;25
8;2026;"0-12";NA;NA;NA;NA;NA;51;36;"PB";0,5;1;25
9;2026;"0-12";NA;NA;NA;NA;NA;73;82;"PB";0,5;1;25
10;2026;"0-12";NA;NA;NA;NA;NA;92;100;"PB";0,5;1;25
11;2026;"0-12";NA;NA;NA;NA;NA;99;94;"PB";0,5;1;25
12;2026;"0-12";NA;NA;NA;NA;NA;98;102;"PB";0,5;1;25
13;2026;"0-12";NA;NA;NA;NA;NA;102;98;"PB";0,5;1;25
14;2026;"0-12";NA;NA;NA;NA;NA;104;105;"PB";0,5;1;25
15;2026;"0-12";109;112;108;110;108;116;109;"PB";0,5;1;25
16;2026;"0-12";133;138;130;134;132;128;130;"PB";0,5;1;25
17;2026;"0-12";142;149,025;136,975;144;140;140;136;"PB";0,5;1;25
18;2026;"0-12";145;162;133;150;141;153;127;"PB";0,5;1;25
19;2026;"0-12";172;246;122;194;151;NA;141;"PB";0,5;1;25
1;2022;"0-12";NA;NA;NA;NA;NA;NA;99;"PE";0;0;26
2;2022;"0-12";NA;NA;NA;NA;NA;66;54;"PE";0;0;26
3;2022;"0-12";NA;NA;NA;NA;NA;46;45;"PE";0;0;26
4;2022;"0-12";NA;NA;NA;NA;NA;44;38;"PE";0;0;26
5;2022;"0-12";NA;NA;NA;NA;NA;36;50;"PE";0;0;26
6;2022;"0-12";NA;NA;NA;NA;NA;33;20;"PE";0;0;26
7;2022;"0-12";NA;NA;NA;NA;NA;37;30;"PE";0;0;26
8;2022;"0-12";NA;NA;NA;NA;NA;61;60;"PE";0;0;26
9;2022;"0-12";NA;NA;NA;NA;NA;92;93;"PE";0;0;26
10;2022;"0-12";NA;NA;NA;NA;NA;105;122;"PE";0;0;26
11;2022;"0-12";NA;NA;NA;NA;NA;111;101;"PE";0;0;26
12;2022;"0-12";NA;NA;NA;NA;NA;106;110;"PE";0;0;26
13;2022;"0-12";NA;NA;NA;NA;NA;108;106;"PE";0;0;26
14;2022;"0-12";NA;NA;NA;NA;NA;110;107;"PE";0;0;26
15;2022;"0-12";NA;NA;NA;NA;NA;115;117;"PE";0;0;26
16;2022;"0-12";NA;NA;NA;NA;NA;124;121;"PE";0;0;26
17;2022;"0-12";NA;NA;NA;NA;NA;136;133;"PE";0;0;26
18;2022;"0-12";NA;NA;NA;NA;NA;149;153;"PE";0;0;26
19;2022;"0-12";NA;NA;NA;NA;NA;167;160;"PE";0;0;26
20;2022;"0-12";NA;NA;NA;NA;NA;177;187;"PE";0;0;26
21;2022;"0-12";NA;NA;NA;NA;NA;179;184;"PE";0;0;26
22;2022;"0-12";NA;NA;NA;NA;NA;167;165;"PE";0;0;26
23;2022;"0-12";NA;NA;NA;NA;NA;170;151;"PE";0;0;26
24;2022;"0-12";NA;NA;NA;NA;NA;165;195;"PE";0;0;26
25;2022;"0-12";NA;NA;NA;NA;NA;153;150;"PE";0;0;26
26;2022;"0-12";NA;NA;NA;NA;NA;125;114;"PE";0;0;26
27;2022;"0-12";NA;NA;NA;NA;NA;102;110;"PE";0;0;26
28;2022;"0-12";NA;NA;NA;NA;NA;82;82;"PE";0;0;26
29;2022;"0-12";NA;NA;NA;NA;NA;61;55;"PE";0;0;26
30;2022;"0-12";NA;NA;NA;NA;NA;65;46;"PE";0;0;26
31;2022;"0-12";NA;NA;NA;NA;NA;81;95;"PE";0;0;26
32;2022;"0-12";NA;NA;NA;NA;NA;102;101;"PE";0;0;26
33;2022;"0-12";NA;NA;NA;NA;NA;95;111;"PE";0;0;26
34;2022;"0-12";NA;NA;NA;NA;NA;81;72;"PE";0;0;26
35;2022;"0-12";NA;NA;NA;NA;NA;59;59;"PE";0;0;26
36;2022;"0-12";NA;NA;NA;NA;NA;53;47;"PE";0;0;26
37;2022;"0-12";NA;NA;NA;NA;NA;56;53;"PE";0;0;26
38;2022;"0-12";NA;NA;NA;NA;NA;61;69;"PE";0;0;26
39;2022;"0-12";NA;NA;NA;NA;NA;66;60;"PE";0;0;26
40;2022;"0-12";NA;NA;NA;NA;NA;71;68;"PE";0;0;26
41;2022;"0-12";NA;NA;NA;NA;NA;84;84;"PE";0;0;26
42;2022;"0-12";NA;NA;NA;NA;NA;86;101;"PE";0;0;26
43;2022;"0-12";NA;NA;NA;NA;NA;86;73;"PE";0;0;26
44;2022;"0-12";NA;NA;NA;NA;NA;81;85;"PE";0;0;26
45;2022;"0-12";NA;NA;NA;NA;NA;90;84;"PE";0;0;26
46;2022;"0-12";NA;NA;NA;NA;NA;86;100;"PE";0;0;26
47;2022;"0-12";NA;NA;NA;NA;NA;82;74;"PE";0;0;26
48;2022;"0-12";NA;NA;NA;NA;NA;78;73;"PE";0;0;26
49;2022;"0-12";NA;NA;NA;NA;NA;77;88;"PE";0;0;26
50;2022;"0-12";NA;NA;NA;NA;NA;79;70;"PE";0;0;26
51;2022;"0-12";NA;NA;NA;NA;NA;68;80;"PE";0;0;26
52;2022;"0-12";NA;NA;NA;NA;NA;71;54;"PE";0;0;26
1;2023;"0-12";NA;NA;NA;NA;NA;62;80;"PE";0;0;26
2;2023;"0-12";NA;NA;NA;NA;NA;56;52;"PE";0;0;26
3;2023;"0-12";NA;NA;NA;NA;NA;39;35;"PE";0;0;26
4;2023;"0-12";NA;NA;NA;NA;NA;35;30;"PE";0;0;26
5;2023;"0-12";NA;NA;NA;NA;NA;41;40;"PE";0;0;26
6;2023;"0-12";NA;NA;NA;NA;NA;51;52;"PE";0;0;26
7;2023;"0-12";NA;NA;NA;NA;NA;55;61;"PE";0;0;26
8;2023;"0-12";NA;NA;NA;NA;NA;59;53;"PE";0;0;26
9;2023;"0-12";NA;NA;NA;NA;NA;55;63;"PE";0;0;26
10;2023;"0-12";NA;NA;NA;NA;NA;60;48;"PE";0;0;26
11;2023;"0-12";NA;NA;NA;NA;NA;68;70;"PE";0;0;26
12;2023;"0-12";NA;NA;NA;NA;NA;82;85;"PE";0;0;26
13;2023;"0-12";NA;NA;NA;NA;NA;96;91;"PE";0;0;26
14;2023;"0-12";NA;NA;NA;NA;NA;104;111;"PE";0;0;26
15;2023;"0-12";NA;NA;NA;NA;NA;119;111;"PE";0;0;26
16;2023;"0-12";NA;NA;NA;NA;NA;112;135;"PE";0;0;26
17;2023;"0-12";NA;NA;NA;NA;NA;123;89;"PE";0;0;26
18;2023;"0-12";NA;NA;NA;NA;NA;127;144;"PE";0;0;26
19;2023;"0-12";NA;NA;NA;NA;NA;151;147;"PE";0;0;26
20;2023;"0-12";NA;NA;NA;NA;NA;151;161;"PE";0;0;26
21;2023;"0-12";NA;NA;NA;NA;NA;146;145;"PE";0;0;26
22;2023;"0-12";NA;NA;NA;NA;NA;128;131;"PE";0;0;26
23;2023;"0-12";NA;NA;NA;NA;NA;116;109;"PE";0;0;26
24;2023;"0-12";NA;NA;NA;NA;NA;110;107;"PE";0;0;26
25;2023;"0-12";NA;NA;NA;NA;NA;102;113;"PE";0;0;26
26;2023;"0-12";NA;NA;NA;NA;NA;98;85;"PE";0;0;26
27;2023;"0-12";NA;NA;NA;NA;NA;86;97;"PE";0;0;26
28;2023;"0-12";NA;NA;NA;NA;NA;83;77;"PE";0;0;26
29;2023;"0-12";NA;NA;NA;NA;NA;69;76;"PE";0;0;26
30;2023;"0-12";NA;NA;NA;NA;NA;61;53;"PE";0;0;26
31;2023;"0-12";NA;NA;NA;NA;NA;56;54;"PE";0;0;26
32;2023;"0-12";NA;NA;NA;NA;NA;62;62;"PE";0;0;26
33;2023;"0-12";NA;NA;NA;NA;NA;68;70;"PE";0;0;26
34;2023;"0-12";NA;NA;NA;NA;NA;70;72;"PE";0;0;26
35;2023;"0-12";NA;NA;NA;NA;NA;70;68;"PE";0;0;26
36;2023;"0-12";NA;NA;NA;NA;NA;69;69;"PE";0;0;26
37;2023;"0-12";NA;NA;NA;NA;NA;67;71;"PE";0;0;26
38;2023;"0-12";NA;NA;NA;NA;NA;66;62;"PE";0;0;26
39;2023;"0-12";NA;NA;NA;NA;NA;69;65;"PE";0;0;26
40;2023;"0-12";NA;NA;NA;NA;NA;66;81;"PE";0;0;26
41;2023;"0-12";NA;NA;NA;NA;NA;63;52;"PE";0;0;26
42;2023;"0-12";NA;NA;NA;NA;NA;57;55;"PE";0;0;26
43;2023;"0-12";NA;NA;NA;NA;NA;61;65;"PE";0;0;26
44;2023;"0-12";NA;NA;NA;NA;NA;67;63;"PE";0;0;26
45;2023;"0-12";NA;NA;NA;NA;NA;61;73;"PE";0;0;26
46;2023;"0-12";NA;NA;NA;NA;NA;58;47;"PE";0;0;26
47;2023;"0-12";NA;NA;NA;NA;NA;51;55;"PE";0;0;26
48;2023;"0-12";NA;NA;NA;NA;NA;47;52;"PE";0;0;26
49;2023;"0-12";NA;NA;NA;NA;NA;40;35;"PE";0;0;26
50;2023;"0-12";NA;NA;NA;NA;NA;34;33;"PE";0;0;26
51;2023;"0-12";NA;NA;NA;NA;NA;33;34;"PE";0;0;26
52;2023;"0-12";NA;NA;NA;NA;NA;29;32;"PE";0;0;26
1;2024;"0-12";NA;NA;NA;NA;NA;24;20;"PE";0;0;26
2;2024;"0-12";NA;NA;NA;NA;NA;19;20;"PE";0;0;26
3;2024;"0-12";NA;NA;NA;NA;NA;22;18;"PE";0;0;26
4;2024;"0-12";NA;NA;NA;NA;NA;21;29;"PE";0;0;26
5;2024;"0-12";NA;NA;NA;NA;NA;24;16;"PE";0;0;26
6;2024;"0-12";NA;NA;NA;NA;NA;21;26;"PE";0;0;26
7;2024;"0-12";NA;NA;NA;NA;NA;27;20;"PE";0;0;26
8;2024;"0-12";NA;NA;NA;NA;NA;35;36;"PE";0;0;26
9;2024;"0-12";NA;NA;NA;NA;NA;47;48;"PE";0;0;26
10;2024;"0-12";NA;NA;NA;NA;NA;58;58;"PE";0;0;26
11;2024;"0-12";NA;NA;NA;NA;NA;62;67;"PE";0;0;26
12;2024;"0-12";NA;NA;NA;NA;NA;76;61;"PE";0;0;26
13;2024;"0-12";NA;NA;NA;NA;NA;102;99;"PE";0;0;26
14;2024;"0-12";NA;NA;NA;NA;NA;124;146;"PE";0;0;26
15;2024;"0-12";NA;NA;NA;NA;NA;147;128;"PE";0;0;26
16;2024;"0-12";NA;NA;NA;NA;NA;175;167;"PE";0;0;26
17;2024;"0-12";NA;NA;NA;NA;NA;211;229;"PE";0;0;26
18;2024;"0-12";NA;NA;NA;NA;NA;232;236;"PE";0;0;26
19;2024;"0-12";NA;NA;NA;NA;NA;230;232;"PE";0;0;26
20;2024;"0-12";NA;NA;NA;NA;NA;224;223;"PE";0;0;26
21;2024;"0-12";NA;NA;NA;NA;NA;217;217;"PE";0;0;26
22;2024;"0-12";NA;NA;NA;NA;NA;205;212;"PE";0;0;26
23;2024;"0-12";NA;NA;NA;NA;NA;189;187;"PE";0;0;26
24;2024;"0-12";NA;NA;NA;NA;NA;172;169;"PE";0;0;26
25;2024;"0-12";NA;NA;NA;NA;NA;166;159;"PE";0;0;26
26;2024;"0-12";NA;NA;NA;NA;NA;152;170;"PE";0;0;26
27;2024;"0-12";NA;NA;NA;NA;NA;122;126;"PE";0;0;26
28;2024;"0-12";NA;NA;NA;NA;NA;91;71;"PE";0;0;26
29;2024;"0-12";NA;NA;NA;NA;NA;65;76;"PE";0;0;26
30;2024;"0-12";NA;NA;NA;NA;NA;57;47;"PE";0;0;26
31;2024;"0-12";NA;NA;NA;NA;NA;51;48;"PE";0;0;26
32;2024;"0-12";NA;NA;NA;NA;NA;55;59;"PE";0;0;26
33;2024;"0-12";NA;NA;NA;NA;NA;64;57;"PE";0;0;26
34;2024;"0-12";NA;NA;NA;NA;NA;68;76;"PE";0;0;26
35;2024;"0-12";NA;NA;NA;NA;NA;70;72;"PE";0;0;26
36;2024;"0-12";NA;NA;NA;NA;NA;70;63;"PE";0;0;26
37;2024;"0-12";NA;NA;NA;NA;NA;72;75;"PE";0;0;26
38;2024;"0-12";NA;NA;NA;NA;NA;75;78;"PE";0;0;26
39;2024;"0-12";NA;NA;NA;NA;NA;74;71;"PE";0;0;26
40;2024;"0-12";NA;NA;NA;NA;NA;72;74;"PE";0;0;26
41;2024;"0-12";NA;NA;NA;NA;NA;72;72;"PE";0;0;26
42;2024;"0-12";NA;NA;NA;NA;NA;72;71;"PE";0;0;26
43;2024;"0-12";NA;NA;NA;NA;NA;69;72;"PE";0;0;26
44;2024;"0-12";NA;NA;NA;NA;NA;73;65;"PE";0;0;26
45;2024;"0-12";NA;NA;NA;NA;NA;68;83;"PE";0;0;26
46;2024;"0-12";NA;NA;NA;NA;NA;68;56;"PE";0;0;26
47;2024;"0-12";NA;NA;NA;NA;NA;61;64;"PE";0;0;26
48;2024;"0-12";NA;NA;NA;NA;NA;56;63;"PE";0;0;26
49;2024;"0-12";NA;NA;NA;NA;NA;47;42;"PE";0;0;26
50;2024;"0-12";NA;NA;NA;NA;NA;39;35;"PE";0;0;26
51;2024;"0-12";NA;NA;NA;NA;NA;35;41;"PE";0;0;26
52;2024;"0-12";NA;NA;NA;NA;NA;35;28;"PE";0;0;26
1;2025;"0-12";NA;NA;NA;NA;NA;31;35;"PE";0;0;26
2;2025;"0-12";NA;NA;NA;NA;NA;27;29;"PE";0;0;26
3;2025;"0-12";NA;NA;NA;NA;NA;22;17;"PE";0;0;26
4;2025;"0-12";NA;NA;NA;NA;NA;16;21;"PE";0;0;26
5;2025;"0-12";NA;NA;NA;NA;NA;16;10;"PE";0;0;26
6;2025;"0-12";NA;NA;NA;NA;NA;22;17;"PE";0;0;26
7;2025;"0-12";NA;NA;NA;NA;NA;39;38;"PE";0;0;26
8;2025;"0-12";NA;NA;NA;NA;NA;55;61;"PE";0;0;26
9;2025;"0-12";NA;NA;NA;NA;NA;59;65;"PE";0;0;26
10;2025;"0-12";NA;NA;NA;NA;NA;56;51;"PE";0;0;26
11;2025;"0-12";NA;NA;NA;NA;NA;67;52;"PE";0;0;26
12;2025;"0-12";NA;NA;NA;NA;NA;84;98;"PE";0;0;26
13;2025;"0-12";NA;NA;NA;NA;NA;105;102;"PE";0;0;26
14;2025;"0-12";NA;NA;NA;NA;NA;114;116;"PE";0;0;26
15;2025;"0-12";NA;NA;NA;NA;NA;117;123;"PE";0;0;26
16;2025;"0-12";NA;NA;NA;NA;NA;112;111;"PE";0;0;26
17;2025;"0-12";NA;NA;NA;NA;NA;112;102;"PE";0;0;26
18;2025;"0-12";NA;NA;NA;NA;NA;132;124;"PE";0;0;26
19;2025;"0-12";NA;NA;NA;NA;NA;151;169;"PE";0;0;26
20;2025;"0-12";NA;NA;NA;NA;NA;170;161;"PE";0;0;26
21;2025;"0-12";NA;NA;NA;NA;NA;188;179;"PE";0;0;26
22;2025;"0-12";NA;NA;NA;NA;NA;208;225;"PE";0;0;26
23;2025;"0-12";NA;NA;NA;NA;NA;211;221;"PE";0;0;26
24;2025;"0-12";NA;NA;NA;NA;NA;188;186;"PE";0;0;26
25;2025;"0-12";NA;NA;NA;NA;NA;170;156;"PE";0;0;26
26;2025;"0-12";NA;NA;NA;NA;NA;156;169;"PE";0;0;26
27;2025;"0-12";NA;NA;NA;NA;NA;146;143;"PE";0;0;26
28;2025;"0-12";NA;NA;NA;NA;NA;132;125;"PE";0;0;26
29;2025;"0-12";NA;NA;NA;NA;NA;118;129;"PE";0;0;26
30;2025;"0-12";NA;NA;NA;NA;NA;103;101;"PE";0;0;26
31;2025;"0-12";NA;NA;NA;NA;NA;84;80;"PE";0;0;26
32;2025;"0-12";NA;NA;NA;NA;NA;83;70;"PE";0;0;26
33;2025;"0-12";NA;NA;NA;NA;NA;88;98;"PE";0;0;26
34;2025;"0-12";NA;NA;NA;NA;NA;97;97;"PE";0;0;26
35;2025;"0-12";NA;NA;NA;NA;NA;89;96;"PE";0;0;26
36;2025;"0-12";NA;NA;NA;NA;NA;83;74;"PE";0;0;26
37;2025;"0-12";NA;NA;NA;NA;NA;73;80;"PE";0;0;26
38;2025;"0-12";NA;NA;NA;NA;NA;67;64;"PE";0;0;26
39;2025;"0-12";NA;NA;NA;NA;NA;63;57;"PE";0;0;26
40;2025;"0-12";NA;NA;NA;NA;NA;64;67;"PE";0;0;26
41;2025;"0-12";NA;NA;NA;NA;NA;68;67;"PE";0;0;26
42;2025;"0-12";NA;NA;NA;NA;NA;65;69;"PE";0;0;26
43;2025;"0-12";NA;NA;NA;NA;NA;62;60;"PE";0;0;26
44;2025;"0-12";NA;NA;NA;NA;NA;55;58;"PE";0;0;26
45;2025;"0-12";NA;NA;NA;NA;NA;49;46;"PE";0;0;26
46;2025;"0-12";NA;NA;NA;NA;NA;51;44;"PE";0;0;26
47;2025;"0-12";NA;NA;NA;NA;NA;52;62;"PE";0;0;26
48;2025;"0-12";NA;NA;NA;NA;NA;51;50;"PE";0;0;26
49;2025;"0-12";NA;NA;NA;NA;NA;45;42;"PE";0;0;26
50;2025;"0-12";NA;NA;NA;NA;NA;42;43;"PE";0;0;26
51;2025;"0-12";NA;NA;NA;NA;NA;31;40;"PE";0;0;26
52;2025;"0-12";NA;NA;NA;NA;NA;30;11;"PE";0;0;26
53;2025;"0-12";NA;NA;NA;NA;NA;27;38;"PE";0;0;26
1;2026;"0-12";NA;NA;NA;NA;NA;30;31;"PE";0;0;26
2;2026;"0-12";NA;NA;NA;NA;NA;28;20;"PE";0;0;26
3;2026;"0-12";NA;NA;NA;NA;NA;26;33;"PE";0;0;26
4;2026;"0-12";NA;NA;NA;NA;NA;30;26;"PE";0;0;26
5;2026;"0-12";NA;NA;NA;NA;NA;32;30;"PE";0;0;26
6;2026;"0-12";NA;NA;NA;NA;NA;51;40;"PE";0;0;26
7;2026;"0-12";NA;NA;NA;NA;NA;73;84;"PE";0;0;26
8;2026;"0-12";NA;NA;NA;NA;NA;95;95;"PE";0;0;26
9;2026;"0-12";NA;NA;NA;NA;NA;94;106;"PE";0;0;26
10;2026;"0-12";NA;NA;NA;NA;NA;101;82;"PE";0;0;26
11;2026;"0-12";115;118;115;116;115;107;115;"PE";0;0;26
12;2026;"0-12";124;128;123;125;123;138;123;"PE";0;0;26
13;2026;"0-12";174;179;171;175;173;161;172;"PE";0;0;26
14;2026;"0-12";185;191;180;187;183;187;179;"PE";0;0;26
15;2026;"0-12";202;210;196;204;200;194;195;"PE";0;0;26
16;2026;"0-12";196;205;189;199;193;199;189;"PE";0;0;26
17;2026;"0-12";198;210;189;202;195;190;184;"PE";0;0;26
18;2026;"0-12";177;201;159;184;170;193;156;"PE";0;0;26
19;2026;"0-12";204,5;308,1;135;236;179;NA;125;"PE";0;0;26
1;2022;"0-12";NA;NA;NA;NA;NA;NA;16;"PI";0;0;22
2;2022;"0-12";NA;NA;NA;NA;NA;11;9;"PI";0;0;22
3;2022;"0-12";NA;NA;NA;NA;NA;10;9;"PI";0;0;22
4;2022;"0-12";NA;NA;NA;NA;NA;9;11;"PI";0;0;22
5;2022;"0-12";NA;NA;NA;NA;NA;7;7;"PI";0;0;22
6;2022;"0-12";NA;NA;NA;NA;NA;5;3;"PI";0;0;22
7;2022;"0-12";NA;NA;NA;NA;NA;5;4;"PI";0;0;22
8;2022;"0-12";NA;NA;NA;NA;NA;7;7;"PI";0;0;22
9;2022;"0-12";NA;NA;NA;NA;NA;9;10;"PI";0;0;22
10;2022;"0-12";NA;NA;NA;NA;NA;14;11;"PI";0;0;22
11;2022;"0-12";NA;NA;NA;NA;NA;19;21;"PI";0;0;22
12;2022;"0-12";NA;NA;NA;NA;NA;26;26;"PI";0;0;22
13;2022;"0-12";NA;NA;NA;NA;NA;24;30;"PI";0;0;22
14;2022;"0-12";NA;NA;NA;NA;NA;23;16;"PI";0;0;22
15;2022;"0-12";NA;NA;NA;NA;NA;23;22;"PI";0;0;22
16;2022;"0-12";NA;NA;NA;NA;NA;22;31;"PI";0;0;22
17;2022;"0-12";NA;NA;NA;NA;NA;21;14;"PI";0;0;22
18;2022;"0-12";NA;NA;NA;NA;NA;18;17;"PI";0;0;22
19;2022;"0-12";NA;NA;NA;NA;NA;22;23;"PI";0;0;22
20;2022;"0-12";NA;NA;NA;NA;NA;22;27;"PI";0;0;22
21;2022;"0-12";NA;NA;NA;NA;NA;22;17;"PI";0;0;22
22;2022;"0-12";NA;NA;NA;NA;NA;17;21;"PI";0;0;22
23;2022;"0-12";NA;NA;NA;NA;NA;17;14;"PI";0;0;22
24;2022;"0-12";NA;NA;NA;NA;NA;21;16;"PI";0;0;22
25;2022;"0-12";NA;NA;NA;NA;NA;21;32;"PI";0;0;22
26;2022;"0-12";NA;NA;NA;NA;NA;21;16;"PI";0;0;22
27;2022;"0-12";NA;NA;NA;NA;NA;15;16;"PI";0;0;22
28;2022;"0-12";NA;NA;NA;NA;NA;13;13;"PI";0;0;22
29;2022;"0-12";NA;NA;NA;NA;NA;10;10;"PI";0;0;22
30;2022;"0-12";NA;NA;NA;NA;NA;7;7;"PI";0;0;22
31;2022;"0-12";NA;NA;NA;NA;NA;9;5;"PI";0;0;22
32;2022;"0-12";NA;NA;NA;NA;NA;11;14;"PI";0;0;22
33;2022;"0-12";NA;NA;NA;NA;NA;14;13;"PI";0;0;22
34;2022;"0-12";NA;NA;NA;NA;NA;13;14;"PI";0;0;22
35;2022;"0-12";NA;NA;NA;NA;NA;10;13;"PI";0;0;22
36;2022;"0-12";NA;NA;NA;NA;NA;7;4;"PI";0;0;22
37;2022;"0-12";NA;NA;NA;NA;NA;4;5;"PI";0;0;22
38;2022;"0-12";NA;NA;NA;NA;NA;3;2;"PI";0;0;22
39;2022;"0-12";NA;NA;NA;NA;NA;2;1;"PI";0;0;22
40;2022;"0-12";NA;NA;NA;NA;NA;3;3;"PI";0;0;22
42;2022;"0-12";NA;NA;NA;NA;NA;3;5;"PI";0;0;22
44;2022;"0-12";NA;NA;NA;NA;NA;3;2;"PI";0;0;22
45;2022;"0-12";NA;NA;NA;NA;NA;2;2;"PI";0;0;22
47;2022;"0-12";NA;NA;NA;NA;NA;3;2;"PI";0;0;22
48;2022;"0-12";NA;NA;NA;NA;NA;5;5;"PI";0;0;22
49;2022;"0-12";NA;NA;NA;NA;NA;6;7;"PI";0;0;22
50;2022;"0-12";NA;NA;NA;NA;NA;6;7;"PI";0;0;22
51;2022;"0-12";NA;NA;NA;NA;NA;5;4;"PI";0;0;22
52;2022;"0-12";NA;NA;NA;NA;NA;6;4;"PI";0;0;22
1;2023;"0-12";NA;NA;NA;NA;NA;8;11;"PI";0;0;22
2;2023;"0-12";NA;NA;NA;NA;NA;8;8;"PI";0;0;22
3;2023;"0-12";NA;NA;NA;NA;NA;6;4;"PI";0;0;22
4;2023;"0-12";NA;NA;NA;NA;NA;9;6;"PI";0;0;22
5;2023;"0-12";NA;NA;NA;NA;NA;11;16;"PI";0;0;22
6;2023;"0-12";NA;NA;NA;NA;NA;14;11;"PI";0;0;22
7;2023;"0-12";NA;NA;NA;NA;NA;12;15;"PI";0;0;22
8;2023;"0-12";NA;NA;NA;NA;NA;13;11;"PI";0;0;22
9;2023;"0-12";NA;NA;NA;NA;NA;15;14;"PI";0;0;22
10;2023;"0-12";NA;NA;NA;NA;NA;18;19;"PI";0;0;22
11;2023;"0-12";NA;NA;NA;NA;NA;24;22;"PI";0;0;22
12;2023;"0-12";NA;NA;NA;NA;NA;25;31;"PI";0;0;22
13;2023;"0-12";NA;NA;NA;NA;NA;24;21;"PI";0;0;22
14;2023;"0-12";NA;NA;NA;NA;NA;19;19;"PI";0;0;22
15;2023;"0-12";NA;NA;NA;NA;NA;20;17;"PI";0;0;22
16;2023;"0-12";NA;NA;NA;NA;NA;25;24;"PI";0;0;22
17;2023;"0-12";NA;NA;NA;NA;NA;34;34;"PI";0;0;22
18;2023;"0-12";NA;NA;NA;NA;NA;36;43;"PI";0;0;22
19;2023;"0-12";NA;NA;NA;NA;NA;36;32;"PI";0;0;22
20;2023;"0-12";NA;NA;NA;NA;NA;32;32;"PI";0;0;22
21;2023;"0-12";NA;NA;NA;NA;NA;31;32;"PI";0;0;22
22;2023;"0-12";NA;NA;NA;NA;NA;28;30;"PI";0;0;22
23;2023;"0-12";NA;NA;NA;NA;NA;23;21;"PI";0;0;22
24;2023;"0-12";NA;NA;NA;NA;NA;18;19;"PI";0;0;22
25;2023;"0-12";NA;NA;NA;NA;NA;14;14;"PI";0;0;22
26;2023;"0-12";NA;NA;NA;NA;NA;11;9;"PI";0;0;22
27;2023;"0-12";NA;NA;NA;NA;NA;7;11;"PI";0;0;22
28;2023;"0-12";NA;NA;NA;NA;NA;5;2;"PI";0;0;22
29;2023;"0-12";NA;NA;NA;NA;NA;2;2;"PI";0;0;22
30;2023;"0-12";NA;NA;NA;NA;NA;3;1;"PI";0;0;22
31;2023;"0-12";NA;NA;NA;NA;NA;4;7;"PI";0;0;22
32;2023;"0-12";NA;NA;NA;NA;NA;4;3;"PI";0;0;22
33;2023;"0-12";NA;NA;NA;NA;NA;3;2;"PI";0;0;22
34;2023;"0-12";NA;NA;NA;NA;NA;4;5;"PI";0;0;22
35;2023;"0-12";NA;NA;NA;NA;NA;4;5;"PI";0;0;22
36;2023;"0-12";NA;NA;NA;NA;NA;4;3;"PI";0;0;22
37;2023;"0-12";NA;NA;NA;NA;NA;3;3;"PI";0;0;22
38;2023;"0-12";NA;NA;NA;NA;NA;4;3;"PI";0;0;22
39;2023;"0-12";NA;NA;NA;NA;NA;5;6;"PI";0;0;22
40;2023;"0-12";NA;NA;NA;NA;NA;5;5;"PI";0;0;22
41;2023;"0-12";NA;NA;NA;NA;NA;3;3;"PI";0;0;22
42;2023;"0-12";NA;NA;NA;NA;NA;2;1;"PI";0;0;22
43;2023;"0-12";NA;NA;NA;NA;NA;1;1;"PI";0;0;22
44;2023;"0-12";NA;NA;NA;NA;NA;1;2;"PI";0;0;22
45;2023;"0-12";NA;NA;NA;NA;NA;2;1;"PI";0;0;22
46;2023;"0-12";NA;NA;NA;NA;NA;2;2;"PI";0;0;22
48;2023;"0-12";NA;NA;NA;NA;NA;3;2;"PI";0;0;22
49;2023;"0-12";NA;NA;NA;NA;NA;3;5;"PI";0;0;22
50;2023;"0-12";NA;NA;NA;NA;NA;4;3;"PI";0;0;22
51;2023;"0-12";NA;NA;NA;NA;NA;4;5;"PI";0;0;22
52;2023;"0-12";NA;NA;NA;NA;NA;4;4;"PI";0;0;22
1;2024;"0-12";NA;NA;NA;NA;NA;4;4;"PI";0;0;22
2;2024;"0-12";NA;NA;NA;NA;NA;4;5;"PI";0;0;22
3;2024;"0-12";NA;NA;NA;NA;NA;4;4;"PI";0;0;22
4;2024;"0-12";NA;NA;NA;NA;NA;3;3;"PI";0;0;22
5;2024;"0-12";NA;NA;NA;NA;NA;4;2;"PI";0;0;22
6;2024;"0-12";NA;NA;NA;NA;NA;4;6;"PI";0;0;22
7;2024;"0-12";NA;NA;NA;NA;NA;8;4;"PI";0;0;22
8;2024;"0-12";NA;NA;NA;NA;NA;14;14;"PI";0;0;22
9;2024;"0-12";NA;NA;NA;NA;NA;22;25;"PI";0;0;22
10;2024;"0-12";NA;NA;NA;NA;NA;26;28;"PI";0;0;22
11;2024;"0-12";NA;NA;NA;NA;NA;20;24;"PI";0;0;22
12;2024;"0-12";NA;NA;NA;NA;NA;14;9;"PI";0;0;22
13;2024;"0-12";NA;NA;NA;NA;NA;11;8;"PI";0;0;22
14;2024;"0-12";NA;NA;NA;NA;NA;14;16;"PI";0;0;22
15;2024;"0-12";NA;NA;NA;NA;NA;17;19;"PI";0;0;22
16;2024;"0-12";NA;NA;NA;NA;NA;18;17;"PI";0;0;22
17;2024;"0-12";NA;NA;NA;NA;NA;16;17;"PI";0;0;22
18;2024;"0-12";NA;NA;NA;NA;NA;20;13;"PI";0;0;22
19;2024;"0-12";NA;NA;NA;NA;NA;23;31;"PI";0;0;22
20;2024;"0-12";NA;NA;NA;NA;NA;26;24;"PI";0;0;22
21;2024;"0-12";NA;NA;NA;NA;NA;24;23;"PI";0;0;22
22;2024;"0-12";NA;NA;NA;NA;NA;23;25;"PI";0;0;22
23;2024;"0-12";NA;NA;NA;NA;NA;20;22;"PI";0;0;22
24;2024;"0-12";NA;NA;NA;NA;NA;18;12;"PI";0;0;22
25;2024;"0-12";NA;NA;NA;NA;NA;15;19;"PI";0;0;22
26;2024;"0-12";NA;NA;NA;NA;NA;12;13;"PI";0;0;22
27;2024;"0-12";NA;NA;NA;NA;NA;7;4;"PI";0;0;22
28;2024;"0-12";NA;NA;NA;NA;NA;4;4;"PI";0;0;22
29;2024;"0-12";NA;NA;NA;NA;NA;3;4;"PI";0;0;22
31;2024;"0-12";NA;NA;NA;NA;NA;3;1;"PI";0;0;22
32;2024;"0-12";NA;NA;NA;NA;NA;3;3;"PI";0;0;22
33;2024;"0-12";NA;NA;NA;NA;NA;3;5;"PI";0;0;22
34;2024;"0-12";NA;NA;NA;NA;NA;5;2;"PI";0;0;22
35;2024;"0-12";NA;NA;NA;NA;NA;5;7;"PI";0;0;22
36;2024;"0-12";NA;NA;NA;NA;NA;5;6;"PI";0;0;22
37;2024;"0-12";NA;NA;NA;NA;NA;3;2;"PI";0;0;22
38;2024;"0-12";NA;NA;NA;NA;NA;3;2;"PI";0;0;22
39;2024;"0-12";NA;NA;NA;NA;NA;3;5;"PI";0;0;22
40;2024;"0-12";NA;NA;NA;NA;NA;4;1;"PI";0;0;22
43;2024;"0-12";NA;NA;NA;NA;NA;5;5;"PI";0;0;22
44;2024;"0-12";NA;NA;NA;NA;NA;5;8;"PI";0;0;22
45;2024;"0-12";NA;NA;NA;NA;NA;4;1;"PI";0;0;22
46;2024;"0-12";NA;NA;NA;NA;NA;2;2;"PI";0;0;22
48;2024;"0-12";NA;NA;NA;NA;NA;2;2;"PI";0;0;22
49;2024;"0-12";NA;NA;NA;NA;NA;2;1;"PI";0;0;22
50;2024;"0-12";NA;NA;NA;NA;NA;2;2;"PI";0;0;22
51;2024;"0-12";NA;NA;NA;NA;NA;3;3;"PI";0;0;22
52;2024;"0-12";NA;NA;NA;NA;NA;3;4;"PI";0;0;22
2;2025;"0-12";NA;NA;NA;NA;NA;2;1;"PI";0;0;22
3;2025;"0-12";NA;NA;NA;NA;NA;2;2;"PI";0;0;22
4;2025;"0-12";NA;NA;NA;NA;NA;3;3;"PI";0;0;22
5;2025;"0-12";NA;NA;NA;NA;NA;3;3;"PI";0;0;22
6;2025;"0-12";NA;NA;NA;NA;NA;4;2;"PI";0;0;22
7;2025;"0-12";NA;NA;NA;NA;NA;5;6;"PI";0;0;22
8;2025;"0-12";NA;NA;NA;NA;NA;7;6;"PI";0;0;22
9;2025;"0-12";NA;NA;NA;NA;NA;7;8;"PI";0;0;22
10;2025;"0-12";NA;NA;NA;NA;NA;8;6;"PI";0;0;22
11;2025;"0-12";NA;NA;NA;NA;NA;9;9;"PI";0;0;22
12;2025;"0-12";NA;NA;NA;NA;NA;10;11;"PI";0;0;22
13;2025;"0-12";NA;NA;NA;NA;NA;12;11;"PI";0;0;22
14;2025;"0-12";NA;NA;NA;NA;NA;13;15;"PI";0;0;22
15;2025;"0-12";NA;NA;NA;NA;NA;16;13;"PI";0;0;22
16;2025;"0-12";NA;NA;NA;NA;NA;18;21;"PI";0;0;22
17;2025;"0-12";NA;NA;NA;NA;NA;15;20;"PI";0;0;22
18;2025;"0-12";NA;NA;NA;NA;NA;13;4;"PI";0;0;22
19;2025;"0-12";NA;NA;NA;NA;NA;15;14;"PI";0;0;22
20;2025;"0-12";NA;NA;NA;NA;NA;19;28;"PI";0;0;22
21;2025;"0-12";NA;NA;NA;NA;NA;17;15;"PI";0;0;22
22;2025;"0-12";NA;NA;NA;NA;NA;13;8;"PI";0;0;22
23;2025;"0-12";NA;NA;NA;NA;NA;12;15;"PI";0;0;22
24;2025;"0-12";NA;NA;NA;NA;NA;12;13;"PI";0;0;22
25;2025;"0-12";NA;NA;NA;NA;NA;10;9;"PI";0;0;22
26;2025;"0-12";NA;NA;NA;NA;NA;12;9;"PI";0;0;22
27;2025;"0-12";NA;NA;NA;NA;NA;12;17;"PI";0;0;22
28;2025;"0-12";NA;NA;NA;NA;NA;12;11;"PI";0;0;22
29;2025;"0-12";NA;NA;NA;NA;NA;8;9;"PI";0;0;22
30;2025;"0-12";NA;NA;NA;NA;NA;6;4;"PI";0;0;22
31;2025;"0-12";NA;NA;NA;NA;NA;5;5;"PI";0;0;22
32;2025;"0-12";NA;NA;NA;NA;NA;6;6;"PI";0;0;22
33;2025;"0-12";NA;NA;NA;NA;NA;7;7;"PI";0;0;22
34;2025;"0-12";NA;NA;NA;NA;NA;7;8;"PI";0;0;22
35;2025;"0-12";NA;NA;NA;NA;NA;8;6;"PI";0;0;22
36;2025;"0-12";NA;NA;NA;NA;NA;7;11;"PI";0;0;22
37;2025;"0-12";NA;NA;NA;NA;NA;6;5;"PI";0;0;22
38;2025;"0-12";NA;NA;NA;NA;NA;4;1;"PI";0;0;22
39;2025;"0-12";NA;NA;NA;NA;NA;4;7;"PI";0;0;22
40;2025;"0-12";NA;NA;NA;NA;NA;5;5;"PI";0;0;22
41;2025;"0-12";NA;NA;NA;NA;NA;6;4;"PI";0;0;22
42;2025;"0-12";NA;NA;NA;NA;NA;8;10;"PI";0;0;22
43;2025;"0-12";NA;NA;NA;NA;NA;11;9;"PI";0;0;22
44;2025;"0-12";NA;NA;NA;NA;NA;9;13;"PI";0;0;22
45;2025;"0-12";NA;NA;NA;NA;NA;8;6;"PI";0;0;22
46;2025;"0-12";NA;NA;NA;NA;NA;5;6;"PI";0;0;22
47;2025;"0-12";NA;NA;NA;NA;NA;4;2;"PI";0;0;22
48;2025;"0-12";NA;NA;NA;NA;NA;4;4;"PI";0;0;22
49;2025;"0-12";NA;NA;NA;NA;NA;4;5;"PI";0;0;22
50;2025;"0-12";NA;NA;NA;NA;NA;3;3;"PI";0;0;22
51;2025;"0-12";NA;NA;NA;NA;NA;3;1;"PI";0;0;22
52;2025;"0-12";NA;NA;NA;NA;NA;3;4;"PI";0;0;22
53;2025;"0-12";NA;NA;NA;NA;NA;4;4;"PI";0;0;22
1;2026;"0-12";NA;NA;NA;NA;NA;3;4;"PI";0;0;22
2;2026;"0-12";NA;NA;NA;NA;NA;2;2;"PI";0;0;22
4;2026;"0-12";NA;NA;NA;NA;NA;1;1;"PI";0;0;22
5;2026;"0-12";1;2;1;1;1;3;1;"PI";0;0;22
6;2026;"0-12";6;7;6;6;6;6;6;"PI";0;0;22
7;2026;"0-12";10;11;10;10;10;7;10;"PI";0;0;22
8;2026;"0-12";5;7;5;5;5;8;5;"PI";0;0;22
9;2026;"0-12";8;10;8;9;8;7;8;"PI";0;0;22
10;2026;"0-12";7;10;7;8;7;8;7;"PI";0;0;22
11;2026;"0-12";9,5;12,025;9;10;9;12;9;"PI";0;0;22
12;2026;"0-12";18;21;17;19;17;13;17;"PI";0;0;22
13;2026;"0-12";12;16;11;13;12;14;11;"PI";0;0;22
14;2026;"0-12";12;17;10;14;11;15;10;"PI";0;0;22
15;2026;"0-12";21;28;18;23;20;16;19;"PI";0;0;22
16;2026;"0-12";14;24;9;17;12;16;9;"PI";0;0;22
17;2026;"0-12";13;28;5;17;9;15;6;"PI";0;0;22
18;2026;"0-12";19;45;8;25,25;14;18;6;"PI";0;0;22
19;2026;"0-12";21;60;7;30;14;NA;11;"PI";0;0;22
1;2022;"0-12";NA;NA;NA;NA;NA;NA;130;"PR";0,5;1;41
2;2022;"0-12";NA;NA;NA;NA;NA;105;103;"PR";0,5;1;41
3;2022;"0-12";NA;NA;NA;NA;NA;87;83;"PR";0,5;1;41
4;2022;"0-12";NA;NA;NA;NA;NA;72;75;"PR";0,5;1;41
5;2022;"0-12";NA;NA;NA;NA;NA;63;57;"PR";0,5;1;41
6;2022;"0-12";NA;NA;NA;NA;NA;71;58;"PR";0,5;1;41
7;2022;"0-12";NA;NA;NA;NA;NA;87;98;"PR";0,5;1;41
8;2022;"0-12";NA;NA;NA;NA;NA;103;105;"PR";0,5;1;41
9;2022;"0-12";NA;NA;NA;NA;NA;107;105;"PR";0,5;1;41
10;2022;"0-12";NA;NA;NA;NA;NA;114;110;"PR";0,5;1;41
11;2022;"0-12";NA;NA;NA;NA;NA;144;128;"PR";0,5;1;41
12;2022;"0-12";NA;NA;NA;NA;NA;177;195;"PR";0,5;1;41
13;2022;"0-12";NA;NA;NA;NA;NA;228;207;"PR";0,5;1;41
14;2022;"0-12";NA;NA;NA;NA;NA;263;282;"PR";0,5;1;41
15;2022;"0-12";NA;NA;NA;NA;NA;305;299;"PR";0,5;1;41
16;2022;"0-12";NA;NA;NA;NA;NA;315;334;"PR";0,5;1;41
17;2022;"0-12";NA;NA;NA;NA;NA;331;313;"PR";0,5;1;41
18;2022;"0-12";NA;NA;NA;NA;NA;361;346;"PR";0,5;1;41
19;2022;"0-12";NA;NA;NA;NA;NA;386;423;"PR";0,5;1;41
20;2022;"0-12";NA;NA;NA;NA;NA;390;388;"PR";0,5;1;41
21;2022;"0-12";NA;NA;NA;NA;NA;346;358;"PR";0,5;1;41
22;2022;"0-12";NA;NA;NA;NA;NA;327;292;"PR";0,5;1;41
23;2022;"0-12";NA;NA;NA;NA;NA;323;332;"PR";0,5;1;41
24;2022;"0-12";NA;NA;NA;NA;NA;325;345;"PR";0,5;1;41
25;2022;"0-12";NA;NA;NA;NA;NA;332;298;"PR";0,5;1;41
26;2022;"0-12";NA;NA;NA;NA;NA;331;354;"PR";0,5;1;41
27;2022;"0-12";NA;NA;NA;NA;NA;319;341;"PR";0,5;1;41
28;2022;"0-12";NA;NA;NA;NA;NA;252;262;"PR";0,5;1;41
29;2022;"0-12";NA;NA;NA;NA;NA;197;153;"PR";0,5;1;41
30;2022;"0-12";NA;NA;NA;NA;NA;198;176;"PR";0,5;1;41
31;2022;"0-12";NA;NA;NA;NA;NA;213;264;"PR";0,5;1;41
32;2022;"0-12";NA;NA;NA;NA;NA;214;200;"PR";0,5;1;41
33;2022;"0-12";NA;NA;NA;NA;NA;177;179;"PR";0,5;1;41
34;2022;"0-12";NA;NA;NA;NA;NA;169;153;"PR";0,5;1;41
35;2022;"0-12";NA;NA;NA;NA;NA;154;174;"PR";0,5;1;41
36;2022;"0-12";NA;NA;NA;NA;NA;149;135;"PR";0,5;1;41
37;2022;"0-12";NA;NA;NA;NA;NA;140;137;"PR";0,5;1;41
38;2022;"0-12";NA;NA;NA;NA;NA;161;147;"PR";0,5;1;41
39;2022;"0-12";NA;NA;NA;NA;NA;174;199;"PR";0,5;1;41
40;2022;"0-12";NA;NA;NA;NA;NA;187;176;"PR";0,5;1;41
41;2022;"0-12";NA;NA;NA;NA;NA;176;185;"PR";0,5;1;41
42;2022;"0-12";NA;NA;NA;NA;NA;166;168;"PR";0,5;1;41
43;2022;"0-12";NA;NA;NA;NA;NA;164;144;"PR";0,5;1;41
44;2022;"0-12";NA;NA;NA;NA;NA;162;180;"PR";0,5;1;41
45;2022;"0-12";NA;NA;NA;NA;NA;178;163;"PR";0,5;1;41
46;2022;"0-12";NA;NA;NA;NA;NA;164;192;"PR";0,5;1;41
47;2022;"0-12";NA;NA;NA;NA;NA;165;136;"PR";0,5;1;41
48;2022;"0-12";NA;NA;NA;NA;NA;158;168;"PR";0,5;1;41
49;2022;"0-12";NA;NA;NA;NA;NA;161;170;"PR";0,5;1;41
50;2022;"0-12";NA;NA;NA;NA;NA;151;144;"PR";0,5;1;41
51;2022;"0-12";NA;NA;NA;NA;NA;134;139;"PR";0,5;1;41
52;2022;"0-12";NA;NA;NA;NA;NA;122;118;"PR";0,5;1;41
1;2023;"0-12";NA;NA;NA;NA;NA;97;109;"PR";0,5;1;41
2;2023;"0-12";NA;NA;NA;NA;NA;76;65;"PR";0,5;1;41
3;2023;"0-12";NA;NA;NA;NA;NA;60;53;"PR";0,5;1;41
4;2023;"0-12";NA;NA;NA;NA;NA;55;61;"PR";0,5;1;41
5;2023;"0-12";NA;NA;NA;NA;NA;82;51;"PR";0,5;1;41
6;2023;"0-12";NA;NA;NA;NA;NA;157;135;"PR";0,5;1;41
7;2023;"0-12";NA;NA;NA;NA;NA;235;286;"PR";0,5;1;41
8;2023;"0-12";NA;NA;NA;NA;NA;281;283;"PR";0,5;1;41
9;2023;"0-12";NA;NA;NA;NA;NA;263;275;"PR";0,5;1;41
10;2023;"0-12";NA;NA;NA;NA;NA;278;232;"PR";0,5;1;41
11;2023;"0-12";NA;NA;NA;NA;NA;319;328;"PR";0,5;1;41
12;2023;"0-12";NA;NA;NA;NA;NA;343;396;"PR";0,5;1;41
13;2023;"0-12";NA;NA;NA;NA;NA;342;304;"PR";0,5;1;41
14;2023;"0-12";NA;NA;NA;NA;NA;322;327;"PR";0,5;1;41
15;2023;"0-12";NA;NA;NA;NA;NA;322;334;"PR";0,5;1;41
16;2023;"0-12";NA;NA;NA;NA;NA;305;306;"PR";0,5;1;41
17;2023;"0-12";NA;NA;NA;NA;NA;289;276;"PR";0,5;1;41
18;2023;"0-12";NA;NA;NA;NA;NA;269;285;"PR";0,5;1;41
19;2023;"0-12";NA;NA;NA;NA;NA;269;247;"PR";0,5;1;41
20;2023;"0-12";NA;NA;NA;NA;NA;260;276;"PR";0,5;1;41
21;2023;"0-12";NA;NA;NA;NA;NA;251;256;"PR";0,5;1;41
22;2023;"0-12";NA;NA;NA;NA;NA;239;222;"PR";0,5;1;41
23;2023;"0-12";NA;NA;NA;NA;NA;214;239;"PR";0,5;1;41
24;2023;"0-12";NA;NA;NA;NA;NA;212;182;"PR";0,5;1;41
25;2023;"0-12";NA;NA;NA;NA;NA;210;215;"PR";0,5;1;41
26;2023;"0-12";NA;NA;NA;NA;NA;225;232;"PR";0,5;1;41
27;2023;"0-12";NA;NA;NA;NA;NA;219;227;"PR";0,5;1;41
28;2023;"0-12";NA;NA;NA;NA;NA;193;197;"PR";0,5;1;41
29;2023;"0-12";NA;NA;NA;NA;NA;158;155;"PR";0,5;1;41
30;2023;"0-12";NA;NA;NA;NA;NA;162;123;"PR";0,5;1;41
31;2023;"0-12";NA;NA;NA;NA;NA;177;208;"PR";0,5;1;41
32;2023;"0-12";NA;NA;NA;NA;NA;208;201;"PR";0,5;1;41
33;2023;"0-12";NA;NA;NA;NA;NA;194;216;"PR";0,5;1;41
34;2023;"0-12";NA;NA;NA;NA;NA;180;164;"PR";0,5;1;41
35;2023;"0-12";NA;NA;NA;NA;NA;151;159;"PR";0,5;1;41
36;2023;"0-12";NA;NA;NA;NA;NA;140;129;"PR";0,5;1;41
37;2023;"0-12";NA;NA;NA;NA;NA;135;131;"PR";0,5;1;41
38;2023;"0-12";NA;NA;NA;NA;NA;133;145;"PR";0,5;1;41
39;2023;"0-12";NA;NA;NA;NA;NA;140;123;"PR";0,5;1;41
40;2023;"0-12";NA;NA;NA;NA;NA;134;151;"PR";0,5;1;41
41;2023;"0-12";NA;NA;NA;NA;NA;139;127;"PR";0,5;1;41
42;2023;"0-12";NA;NA;NA;NA;NA;140;140;"PR";0,5;1;41
43;2023;"0-12";NA;NA;NA;NA;NA;133;153;"PR";0,5;1;41
44;2023;"0-12";NA;NA;NA;NA;NA;127;107;"PR";0,5;1;41
45;2023;"0-12";NA;NA;NA;NA;NA;112;120;"PR";0,5;1;41
46;2023;"0-12";NA;NA;NA;NA;NA;111;109;"PR";0,5;1;41
47;2023;"0-12";NA;NA;NA;NA;NA;113;104;"PR";0,5;1;41
48;2023;"0-12";NA;NA;NA;NA;NA;115;127;"PR";0,5;1;41
49;2023;"0-12";NA;NA;NA;NA;NA;122;113;"PR";0,5;1;41
50;2023;"0-12";NA;NA;NA;NA;NA;107;125;"PR";0,5;1;41
51;2023;"0-12";NA;NA;NA;NA;NA;90;83;"PR";0,5;1;41
52;2023;"0-12";NA;NA;NA;NA;NA;68;62;"PR";0,5;1;41
1;2024;"0-12";NA;NA;NA;NA;NA;56;60;"PR";0,5;1;41
2;2024;"0-12";NA;NA;NA;NA;NA;46;47;"PR";0,5;1;41
3;2024;"0-12";NA;NA;NA;NA;NA;39;31;"PR";0,5;1;41
4;2024;"0-12";NA;NA;NA;NA;NA;38;38;"PR";0,5;1;41
5;2024;"0-12";NA;NA;NA;NA;NA;39;46;"PR";0,5;1;41
6;2024;"0-12";NA;NA;NA;NA;NA;41;33;"PR";0,5;1;41
7;2024;"0-12";NA;NA;NA;NA;NA;55;43;"PR";0,5;1;41
8;2024;"0-12";NA;NA;NA;NA;NA;86;89;"PR";0,5;1;41
9;2024;"0-12";NA;NA;NA;NA;NA;110;126;"PR";0,5;1;41
10;2024;"0-12";NA;NA;NA;NA;NA;132;116;"PR";0,5;1;41
11;2024;"0-12";NA;NA;NA;NA;NA;142;155;"PR";0,5;1;41
12;2024;"0-12";NA;NA;NA;NA;NA;158;155;"PR";0,5;1;41
13;2024;"0-12";NA;NA;NA;NA;NA;174;163;"PR";0,5;1;41
14;2024;"0-12";NA;NA;NA;NA;NA;197;204;"PR";0,5;1;41
15;2024;"0-12";NA;NA;NA;NA;NA;234;223;"PR";0,5;1;41
16;2024;"0-12";NA;NA;NA;NA;NA;260;276;"PR";0,5;1;41
17;2024;"0-12";NA;NA;NA;NA;NA;272;281;"PR";0,5;1;41
18;2024;"0-12";NA;NA;NA;NA;NA;268;259;"PR";0,5;1;41
19;2024;"0-12";NA;NA;NA;NA;NA;257;263;"PR";0,5;1;41
20;2024;"0-12";NA;NA;NA;NA;NA;262;248;"PR";0,5;1;41
21;2024;"0-12";NA;NA;NA;NA;NA;257;274;"PR";0,5;1;41
22;2024;"0-12";NA;NA;NA;NA;NA;263;250;"PR";0,5;1;41
23;2024;"0-12";NA;NA;NA;NA;NA;256;264;"PR";0,5;1;41
24;2024;"0-12";NA;NA;NA;NA;NA;251;254;"PR";0,5;1;41
25;2024;"0-12";NA;NA;NA;NA;NA;225;235;"PR";0,5;1;41
26;2024;"0-12";NA;NA;NA;NA;NA;207;186;"PR";0,5;1;41
27;2024;"0-12";NA;NA;NA;NA;NA;181;200;"PR";0,5;1;41
28;2024;"0-12";NA;NA;NA;NA;NA;162;156;"PR";0,5;1;41
29;2024;"0-12";NA;NA;NA;NA;NA;140;129;"PR";0,5;1;41
30;2024;"0-12";NA;NA;NA;NA;NA;144;134;"PR";0,5;1;41
31;2024;"0-12";NA;NA;NA;NA;NA;160;169;"PR";0,5;1;41
32;2024;"0-12";NA;NA;NA;NA;NA;192;176;"PR";0,5;1;41
33;2024;"0-12";NA;NA;NA;NA;NA;204;230;"PR";0,5;1;41
34;2024;"0-12";NA;NA;NA;NA;NA;201;205;"PR";0,5;1;41
35;2024;"0-12";NA;NA;NA;NA;NA;199;167;"PR";0,5;1;41
36;2024;"0-12";NA;NA;NA;NA;NA;202;225;"PR";0,5;1;41
37;2024;"0-12";NA;NA;NA;NA;NA;202;214;"PR";0,5;1;41
38;2024;"0-12";NA;NA;NA;NA;NA;183;166;"PR";0,5;1;41
39;2024;"0-12";NA;NA;NA;NA;NA;150;169;"PR";0,5;1;41
40;2024;"0-12";NA;NA;NA;NA;NA;142;116;"PR";0,5;1;41
41;2024;"0-12";NA;NA;NA;NA;NA;139;141;"PR";0,5;1;41
42;2024;"0-12";NA;NA;NA;NA;NA;154;160;"PR";0,5;1;41
43;2024;"0-12";NA;NA;NA;NA;NA;157;160;"PR";0,5;1;41
44;2024;"0-12";NA;NA;NA;NA;NA;149;151;"PR";0,5;1;41
45;2024;"0-12";NA;NA;NA;NA;NA;137;137;"PR";0,5;1;41
46;2024;"0-12";NA;NA;NA;NA;NA;128;123;"PR";0,5;1;41
47;2024;"0-12";NA;NA;NA;NA;NA;127;124;"PR";0,5;1;41
48;2024;"0-12";NA;NA;NA;NA;NA;131;133;"PR";0,5;1;41
49;2024;"0-12";NA;NA;NA;NA;NA;128;136;"PR";0,5;1;41
50;2024;"0-12";NA;NA;NA;NA;NA;109;116;"PR";0,5;1;41
51;2024;"0-12";NA;NA;NA;NA;NA;86;76;"PR";0,5;1;41
52;2024;"0-12";NA;NA;NA;NA;NA;69;66;"PR";0,5;1;41
1;2025;"0-12";NA;NA;NA;NA;NA;62;65;"PR";0,5;1;41
2;2025;"0-12";NA;NA;NA;NA;NA;56;55;"PR";0,5;1;41
3;2025;"0-12";NA;NA;NA;NA;NA;46;47;"PR";0,5;1;41
4;2025;"0-12";NA;NA;NA;NA;NA;42;37;"PR";0,5;1;41
5;2025;"0-12";NA;NA;NA;NA;NA;44;41;"PR";0,5;1;41
6;2025;"0-12";NA;NA;NA;NA;NA;61;53;"PR";0,5;1;41
7;2025;"0-12";NA;NA;NA;NA;NA;96;90;"PR";0,5;1;41
8;2025;"0-12";NA;NA;NA;NA;NA;125;144;"PR";0,5;1;41
9;2025;"0-12";NA;NA;NA;NA;NA;131;141;"PR";0,5;1;41
10;2025;"0-12";NA;NA;NA;NA;NA;117;108;"PR";0,5;1;41
11;2025;"0-12";NA;NA;NA;NA;NA;123;102;"PR";0,5;1;41
12;2025;"0-12";NA;NA;NA;NA;NA;145;160;"PR";0,5;1;41
13;2025;"0-12";NA;NA;NA;NA;NA;170;173;"PR";0,5;1;41
14;2025;"0-12";NA;NA;NA;NA;NA;186;177;"PR";0,5;1;41
15;2025;"0-12";NA;NA;NA;NA;NA;205;209;"PR";0,5;1;41
16;2025;"0-12";NA;NA;NA;NA;NA;228;229;"PR";0,5;1;41
17;2025;"0-12";NA;NA;NA;NA;NA;257;247;"PR";0,5;1;41
18;2025;"0-12";NA;NA;NA;NA;NA;293;295;"PR";0,5;1;41
19;2025;"0-12";NA;NA;NA;NA;NA;328;338;"PR";0,5;1;41
20;2025;"0-12";NA;NA;NA;NA;NA;371;350;"PR";0,5;1;41
21;2025;"0-12";NA;NA;NA;NA;NA;381;424;"PR";0,5;1;41
22;2025;"0-12";NA;NA;NA;NA;NA;410;370;"PR";0,5;1;41
23;2025;"0-12";NA;NA;NA;NA;NA;398;435;"PR";0,5;1;41
24;2025;"0-12";NA;NA;NA;NA;NA;395;389;"PR";0,5;1;41
25;2025;"0-12";NA;NA;NA;NA;NA;358;362;"PR";0,5;1;41
26;2025;"0-12";NA;NA;NA;NA;NA;329;323;"PR";0,5;1;41
27;2025;"0-12";NA;NA;NA;NA;NA;314;303;"PR";0,5;1;41
28;2025;"0-12";NA;NA;NA;NA;NA;286;315;"PR";0,5;1;41
29;2025;"0-12";NA;NA;NA;NA;NA;239;239;"PR";0,5;1;41
30;2025;"0-12";NA;NA;NA;NA;NA;184;163;"PR";0,5;1;41
31;2025;"0-12";NA;NA;NA;NA;NA;165;149;"PR";0,5;1;41
32;2025;"0-12";NA;NA;NA;NA;NA;181;184;"PR";0,5;1;41
33;2025;"0-12";NA;NA;NA;NA;NA;197;209;"PR";0,5;1;41
34;2025;"0-12";NA;NA;NA;NA;NA;189;198;"PR";0,5;1;41
35;2025;"0-12";NA;NA;NA;NA;NA;174;161;"PR";0,5;1;41
36;2025;"0-12";NA;NA;NA;NA;NA;159;164;"PR";0,5;1;41
37;2025;"0-12";NA;NA;NA;NA;NA;163;151;"PR";0,5;1;41
38;2025;"0-12";NA;NA;NA;NA;NA;153;173;"PR";0,5;1;41
39;2025;"0-12";NA;NA;NA;NA;NA;165;135;"PR";0,5;1;41
40;2025;"0-12";NA;NA;NA;NA;NA;160;187;"PR";0,5;1;41
41;2025;"0-12";NA;NA;NA;NA;NA;169;159;"PR";0,5;1;41
42;2025;"0-12";NA;NA;NA;NA;NA;162;160;"PR";0,5;1;41
43;2025;"0-12";NA;NA;NA;NA;NA;167;166;"PR";0,5;1;41
44;2025;"0-12";NA;NA;NA;NA;NA;164;175;"PR";0,5;1;41
45;2025;"0-12";NA;NA;NA;NA;NA;160;150;"PR";0,5;1;41
46;2025;"0-12";NA;NA;NA;NA;NA;155;156;"PR";0,5;1;41
47;2025;"0-12";NA;NA;NA;NA;NA;152;160;"PR";0,5;1;41
48;2025;"0-12";NA;NA;NA;NA;NA;144;139;"PR";0,5;1;41
49;2025;"0-12";NA;NA;NA;NA;NA;131;132;"PR";0,5;1;41
50;2025;"0-12";NA;NA;NA;NA;NA;110;123;"PR";0,5;1;41
51;2025;"0-12";NA;NA;NA;NA;NA;84;75;"PR";0,5;1;41
52;2025;"0-12";NA;NA;NA;NA;NA;61;53;"PR";0,5;1;41
53;2025;"0-12";NA;NA;NA;NA;NA;50;54;"PR";0,5;1;41
1;2026;"0-12";NA;NA;NA;NA;NA;43;43;"PR";0,5;1;41
2;2026;"0-12";NA;NA;NA;NA;NA;35;32;"PR";0,5;1;41
3;2026;"0-12";NA;NA;NA;NA;NA;31;31;"PR";0,5;1;41
4;2026;"0-12";NA;NA;NA;NA;NA;32;30;"PR";0,5;1;41
5;2026;"0-12";NA;NA;NA;NA;NA;43;35;"PR";0,5;1;41
6;2026;"0-12";NA;NA;NA;NA;NA;75;63;"PR";0,5;1;41
7;2026;"0-12";NA;NA;NA;NA;NA;110;128;"PR";0,5;1;41
8;2026;"0-12";NA;NA;NA;NA;NA;146;139;"PR";0,5;1;41
9;2026;"0-12";NA;NA;NA;NA;NA;154;170;"PR";0,5;1;41
10;2026;"0-12";NA;NA;NA;NA;NA;154;153;"PR";0,5;1;41
11;2026;"0-12";NA;NA;NA;NA;NA;133;140;"PR";0,5;1;41
12;2026;"0-12";NA;NA;NA;NA;NA;123;106;"PR";0,5;1;41
13;2026;"0-12";122;125;122;123;122;131;122;"PR";0,5;1;41
14;2026;"0-12";164;168;162;165;163;157;164;"PR";0,5;1;41
15;2026;"0-12";185;191;181;187;184;185;184;"PR";0,5;1;41
16;2026;"0-12";206;215;201;209;204;196;204;"PR";0,5;1;41
17;2026;"0-12";198;215;187;204;194;208;191;"PR";0,5;1;41
18;2026;"0-12";221;252;199;231;213;218;208;"PR";0,5;1;41
19;2026;"0-12";234,5;375,075;152,975;272;204;NA;230;"PR";0,5;1;41
1;2022;"0-12";NA;NA;NA;NA;NA;NA;96;"RJ";0;0,5;33
2;2022;"0-12";NA;NA;NA;NA;NA;95;103;"RJ";0;0,5;33
3;2022;"0-12";NA;NA;NA;NA;NA;97;86;"RJ";0;0,5;33
4;2022;"0-12";NA;NA;NA;NA;NA;88;102;"RJ";0;0,5;33
5;2022;"0-12";NA;NA;NA;NA;NA;93;77;"RJ";0;0,5;33
6;2022;"0-12";NA;NA;NA;NA;NA;116;100;"RJ";0;0,5;33
7;2022;"0-12";NA;NA;NA;NA;NA;145;170;"RJ";0;0,5;33
8;2022;"0-12";NA;NA;NA;NA;NA;164;164;"RJ";0;0,5;33
9;2022;"0-12";NA;NA;NA;NA;NA;164;157;"RJ";0;0,5;33
10;2022;"0-12";NA;NA;NA;NA;NA;161;172;"RJ";0;0,5;33
11;2022;"0-12";NA;NA;NA;NA;NA;156;153;"RJ";0;0,5;33
12;2022;"0-12";NA;NA;NA;NA;NA;157;142;"RJ";0;0,5;33
13;2022;"0-12";NA;NA;NA;NA;NA;166;175;"RJ";0;0,5;33
14;2022;"0-12";NA;NA;NA;NA;NA;178;180;"RJ";0;0,5;33
15;2022;"0-12";NA;NA;NA;NA;NA;175;178;"RJ";0;0,5;33
16;2022;"0-12";NA;NA;NA;NA;NA;169;166;"RJ";0;0,5;33
17;2022;"0-12";NA;NA;NA;NA;NA;179;162;"RJ";0;0,5;33
18;2022;"0-12";NA;NA;NA;NA;NA;191;210;"RJ";0;0,5;33
19;2022;"0-12";NA;NA;NA;NA;NA;215;201;"RJ";0;0,5;33
20;2022;"0-12";NA;NA;NA;NA;NA;220;234;"RJ";0;0,5;33
21;2022;"0-12";NA;NA;NA;NA;NA;216;225;"RJ";0;0,5;33
22;2022;"0-12";NA;NA;NA;NA;NA;197;190;"RJ";0;0,5;33
23;2022;"0-12";NA;NA;NA;NA;NA;181;175;"RJ";0;0,5;33
24;2022;"0-12";NA;NA;NA;NA;NA;171;178;"RJ";0;0,5;33
25;2022;"0-12";NA;NA;NA;NA;NA;152;160;"RJ";0;0,5;33
26;2022;"0-12";NA;NA;NA;NA;NA;139;117;"RJ";0;0,5;33
27;2022;"0-12";NA;NA;NA;NA;NA;134;141;"RJ";0;0,5;33
28;2022;"0-12";NA;NA;NA;NA;NA;130;143;"RJ";0;0,5;33
29;2022;"0-12";NA;NA;NA;NA;NA;108;105;"RJ";0;0,5;33
30;2022;"0-12";NA;NA;NA;NA;NA;97;75;"RJ";0;0,5;33
31;2022;"0-12";NA;NA;NA;NA;NA;107;112;"RJ";0;0,5;33
32;2022;"0-12";NA;NA;NA;NA;NA;130;133;"RJ";0;0,5;33
33;2022;"0-12";NA;NA;NA;NA;NA;128;144;"RJ";0;0,5;33
34;2022;"0-12";NA;NA;NA;NA;NA;112;107;"RJ";0;0,5;33
35;2022;"0-12";NA;NA;NA;NA;NA;95;86;"RJ";0;0,5;33
36;2022;"0-12";NA;NA;NA;NA;NA;84;93;"RJ";0;0,5;33
37;2022;"0-12";NA;NA;NA;NA;NA;83;74;"RJ";0;0,5;33
38;2022;"0-12";NA;NA;NA;NA;NA;75;82;"RJ";0;0,5;33
39;2022;"0-12";NA;NA;NA;NA;NA;79;69;"RJ";0;0,5;33
40;2022;"0-12";NA;NA;NA;NA;NA;81;87;"RJ";0;0,5;33
41;2022;"0-12";NA;NA;NA;NA;NA;90;86;"RJ";0;0,5;33
42;2022;"0-12";NA;NA;NA;NA;NA;87;98;"RJ";0;0,5;33
43;2022;"0-12";NA;NA;NA;NA;NA;85;78;"RJ";0;0,5;33
44;2022;"0-12";NA;NA;NA;NA;NA;83;79;"RJ";0;0,5;33
45;2022;"0-12";NA;NA;NA;NA;NA;83;92;"RJ";0;0,5;33
46;2022;"0-12";NA;NA;NA;NA;NA;78;79;"RJ";0;0,5;33
47;2022;"0-12";NA;NA;NA;NA;NA;66;64;"RJ";0;0,5;33
48;2022;"0-12";NA;NA;NA;NA;NA;52;55;"RJ";0;0,5;33
49;2022;"0-12";NA;NA;NA;NA;NA;44;36;"RJ";0;0,5;33
50;2022;"0-12";NA;NA;NA;NA;NA;41;41;"RJ";0;0,5;33
51;2022;"0-12";NA;NA;NA;NA;NA;45;47;"RJ";0;0,5;33
52;2022;"0-12";NA;NA;NA;NA;NA;50;47;"RJ";0;0,5;33
1;2023;"0-12";NA;NA;NA;NA;NA;47;57;"RJ";0;0,5;33
2;2023;"0-12";NA;NA;NA;NA;NA;43;37;"RJ";0;0,5;33
3;2023;"0-12";NA;NA;NA;NA;NA;40;34;"RJ";0;0,5;33
4;2023;"0-12";NA;NA;NA;NA;NA;45;48;"RJ";0;0,5;33
5;2023;"0-12";NA;NA;NA;NA;NA;57;53;"RJ";0;0,5;33
6;2023;"0-12";NA;NA;NA;NA;NA;71;71;"RJ";0;0,5;33
7;2023;"0-12";NA;NA;NA;NA;NA;83;88;"RJ";0;0,5;33
8;2023;"0-12";NA;NA;NA;NA;NA;90;91;"RJ";0;0,5;33
9;2023;"0-12";NA;NA;NA;NA;NA;95;91;"RJ";0;0,5;33
10;2023;"0-12";NA;NA;NA;NA;NA;111;102;"RJ";0;0,5;33
11;2023;"0-12";NA;NA;NA;NA;NA;140;141;"RJ";0;0,5;33
12;2023;"0-12";NA;NA;NA;NA;NA;179;177;"RJ";0;0,5;33
13;2023;"0-12";NA;NA;NA;NA;NA;207;220;"RJ";0;0,5;33
14;2023;"0-12";NA;NA;NA;NA;NA;238;225;"RJ";0;0,5;33
15;2023;"0-12";NA;NA;NA;NA;NA;252;270;"RJ";0;0,5;33
16;2023;"0-12";NA;NA;NA;NA;NA;246;261;"RJ";0;0,5;33
17;2023;"0-12";NA;NA;NA;NA;NA;231;206;"RJ";0;0,5;33
18;2023;"0-12";NA;NA;NA;NA;NA;215;227;"RJ";0;0,5;33
19;2023;"0-12";NA;NA;NA;NA;NA;214;212;"RJ";0;0,5;33
20;2023;"0-12";NA;NA;NA;NA;NA;198;204;"RJ";0;0,5;33
21;2023;"0-12";NA;NA;NA;NA;NA;187;177;"RJ";0;0,5;33
22;2023;"0-12";NA;NA;NA;NA;NA;167;181;"RJ";0;0,5;33
23;2023;"0-12";NA;NA;NA;NA;NA;153;144;"RJ";0;0,5;33
24;2023;"0-12";NA;NA;NA;NA;NA;148;134;"RJ";0;0,5;33
25;2023;"0-12";NA;NA;NA;NA;NA;151;166;"RJ";0;0,5;33
26;2023;"0-12";NA;NA;NA;NA;NA;152;152;"RJ";0;0,5;33
27;2023;"0-12";NA;NA;NA;NA;NA;138;137;"RJ";0;0,5;33
28;2023;"0-12";NA;NA;NA;NA;NA;119;124;"RJ";0;0,5;33
29;2023;"0-12";NA;NA;NA;NA;NA;102;95;"RJ";0;0,5;33
30;2023;"0-12";NA;NA;NA;NA;NA;88;86;"RJ";0;0,5;33
31;2023;"0-12";NA;NA;NA;NA;NA;88;84;"RJ";0;0,5;33
32;2023;"0-12";NA;NA;NA;NA;NA;102;94;"RJ";0;0,5;33
33;2023;"0-12";NA;NA;NA;NA;NA;117;127;"RJ";0;0,5;33
34;2023;"0-12";NA;NA;NA;NA;NA;120;130;"RJ";0;0,5;33
35;2023;"0-12";NA;NA;NA;NA;NA;110;104;"RJ";0;0,5;33
36;2023;"0-12";NA;NA;NA;NA;NA;106;95;"RJ";0;0,5;33
37;2023;"0-12";NA;NA;NA;NA;NA;109;119;"RJ";0;0,5;33
38;2023;"0-12";NA;NA;NA;NA;NA;109;112;"RJ";0;0,5;33
39;2023;"0-12";NA;NA;NA;NA;NA;99;96;"RJ";0;0,5;33
40;2023;"0-12";NA;NA;NA;NA;NA;88;90;"RJ";0;0,5;33
41;2023;"0-12";NA;NA;NA;NA;NA;75;79;"RJ";0;0,5;33
42;2023;"0-12";NA;NA;NA;NA;NA;74;55;"RJ";0;0,5;33
43;2023;"0-12";NA;NA;NA;NA;NA;70;87;"RJ";0;0,5;33
44;2023;"0-12";NA;NA;NA;NA;NA;69;67;"RJ";0;0,5;33
45;2023;"0-12";NA;NA;NA;NA;NA;61;54;"RJ";0;0,5;33
46;2023;"0-12";NA;NA;NA;NA;NA;61;63;"RJ";0;0,5;33
47;2023;"0-12";NA;NA;NA;NA;NA;60;65;"RJ";0;0,5;33
48;2023;"0-12";NA;NA;NA;NA;NA;59;51;"RJ";0;0,5;33
49;2023;"0-12";NA;NA;NA;NA;NA;51;62;"RJ";0;0,5;33
50;2023;"0-12";NA;NA;NA;NA;NA;47;41;"RJ";0;0,5;33
51;2023;"0-12";NA;NA;NA;NA;NA;38;39;"RJ";0;0,5;33
52;2023;"0-12";NA;NA;NA;NA;NA;34;33;"RJ";0;0,5;33
1;2024;"0-12";NA;NA;NA;NA;NA;28;30;"RJ";0;0,5;33
2;2024;"0-12";NA;NA;NA;NA;NA;26;22;"RJ";0;0,5;33
3;2024;"0-12";NA;NA;NA;NA;NA;24;26;"RJ";0;0,5;33
4;2024;"0-12";NA;NA;NA;NA;NA;27;24;"RJ";0;0,5;33
5;2024;"0-12";NA;NA;NA;NA;NA;31;31;"RJ";0;0,5;33
6;2024;"0-12";NA;NA;NA;NA;NA;35;38;"RJ";0;0,5;33
7;2024;"0-12";NA;NA;NA;NA;NA;43;35;"RJ";0;0,5;33
8;2024;"0-12";NA;NA;NA;NA;NA;56;55;"RJ";0;0,5;33
9;2024;"0-12";NA;NA;NA;NA;NA;77;77;"RJ";0;0,5;33
10;2024;"0-12";NA;NA;NA;NA;NA;102;100;"RJ";0;0,5;33
11;2024;"0-12";NA;NA;NA;NA;NA;120;129;"RJ";0;0,5;33
12;2024;"0-12";NA;NA;NA;NA;NA;122;131;"RJ";0;0,5;33
13;2024;"0-12";NA;NA;NA;NA;NA;146;107;"RJ";0;0,5;33
14;2024;"0-12";NA;NA;NA;NA;NA;191;200;"RJ";0;0,5;33
15;2024;"0-12";NA;NA;NA;NA;NA;239;265;"RJ";0;0,5;33
16;2024;"0-12";NA;NA;NA;NA;NA;256;253;"RJ";0;0,5;33
17;2024;"0-12";NA;NA;NA;NA;NA;258;250;"RJ";0;0,5;33
18;2024;"0-12";NA;NA;NA;NA;NA;255;272;"RJ";0;0,5;33
19;2024;"0-12";NA;NA;NA;NA;NA;258;244;"RJ";0;0,5;33
20;2024;"0-12";NA;NA;NA;NA;NA;257;259;"RJ";0;0,5;33
21;2024;"0-12";NA;NA;NA;NA;NA;268;268;"RJ";0;0,5;33
22;2024;"0-12";NA;NA;NA;NA;NA;268;277;"RJ";0;0,5;33
23;2024;"0-12";NA;NA;NA;NA;NA;271;260;"RJ";0;0,5;33
24;2024;"0-12";NA;NA;NA;NA;NA;248;276;"RJ";0;0,5;33
25;2024;"0-12";NA;NA;NA;NA;NA;231;207;"RJ";0;0,5;33
26;2024;"0-12";NA;NA;NA;NA;NA;203;211;"RJ";0;0,5;33
27;2024;"0-12";NA;NA;NA;NA;NA;199;191;"RJ";0;0,5;33
28;2024;"0-12";NA;NA;NA;NA;NA;174;195;"RJ";0;0,5;33
29;2024;"0-12";NA;NA;NA;NA;NA;150;136;"RJ";0;0,5;33
30;2024;"0-12";NA;NA;NA;NA;NA;122;118;"RJ";0;0,5;33
31;2024;"0-12";NA;NA;NA;NA;NA;120;111;"RJ";0;0,5;33
32;2024;"0-12";NA;NA;NA;NA;NA;133;131;"RJ";0;0,5;33
33;2024;"0-12";NA;NA;NA;NA;NA;148;158;"RJ";0;0,5;33
34;2024;"0-12";NA;NA;NA;NA;NA;145;156;"RJ";0;0,5;33
35;2024;"0-12";NA;NA;NA;NA;NA;144;121;"RJ";0;0,5;33
36;2024;"0-12";NA;NA;NA;NA;NA;142;155;"RJ";0;0,5;33
37;2024;"0-12";NA;NA;NA;NA;NA;147;150;"RJ";0;0,5;33
38;2024;"0-12";NA;NA;NA;NA;NA;135;136;"RJ";0;0,5;33
39;2024;"0-12";NA;NA;NA;NA;NA;132;120;"RJ";0;0,5;33
40;2024;"0-12";NA;NA;NA;NA;NA;132;141;"RJ";0;0,5;33
41;2024;"0-12";NA;NA;NA;NA;NA;138;134;"RJ";0;0,5;33
42;2024;"0-12";NA;NA;NA;NA;NA;143;138;"RJ";0;0,5;33
43;2024;"0-12";NA;NA;NA;NA;NA;157;158;"RJ";0;0,5;33
44;2024;"0-12";NA;NA;NA;NA;NA;158;174;"RJ";0;0,5;33
45;2024;"0-12";NA;NA;NA;NA;NA;145;142;"RJ";0;0,5;33
46;2024;"0-12";NA;NA;NA;NA;NA;130;118;"RJ";0;0,5;33
47;2024;"0-12";NA;NA;NA;NA;NA;116;130;"RJ";0;0,5;33
48;2024;"0-12";NA;NA;NA;NA;NA;111;99;"RJ";0;0,5;33
49;2024;"0-12";NA;NA;NA;NA;NA;95;104;"RJ";0;0,5;33
50;2024;"0-12";NA;NA;NA;NA;NA;86;83;"RJ";0;0,5;33
51;2024;"0-12";NA;NA;NA;NA;NA;70;71;"RJ";0;0,5;33
52;2024;"0-12";NA;NA;NA;NA;NA;59;56;"RJ";0;0,5;33
1;2025;"0-12";NA;NA;NA;NA;NA;54;49;"RJ";0;0,5;33
2;2025;"0-12";NA;NA;NA;NA;NA;56;57;"RJ";0;0,5;33
3;2025;"0-12";NA;NA;NA;NA;NA;58;62;"RJ";0;0,5;33
4;2025;"0-12";NA;NA;NA;NA;NA;64;56;"RJ";0;0,5;33
5;2025;"0-12";NA;NA;NA;NA;NA;65;75;"RJ";0;0,5;33
6;2025;"0-12";NA;NA;NA;NA;NA;77;63;"RJ";0;0,5;33
7;2025;"0-12";NA;NA;NA;NA;NA;89;93;"RJ";0;0,5;33
8;2025;"0-12";NA;NA;NA;NA;NA;101;110;"RJ";0;0,5;33
9;2025;"0-12";NA;NA;NA;NA;NA;107;100;"RJ";0;0,5;33
10;2025;"0-12";NA;NA;NA;NA;NA;105;110;"RJ";0;0,5;33
11;2025;"0-12";NA;NA;NA;NA;NA;124;104;"RJ";0;0,5;33
12;2025;"0-12";NA;NA;NA;NA;NA;141;158;"RJ";0;0,5;33
13;2025;"0-12";NA;NA;NA;NA;NA;173;161;"RJ";0;0,5;33
14;2025;"0-12";NA;NA;NA;NA;NA;200;199;"RJ";0;0,5;33
15;2025;"0-12";NA;NA;NA;NA;NA;226;240;"RJ";0;0,5;33
16;2025;"0-12";NA;NA;NA;NA;NA;261;240;"RJ";0;0,5;33
17;2025;"0-12";NA;NA;NA;NA;NA;298;304;"RJ";0;0,5;33
18;2025;"0-12";NA;NA;NA;NA;NA;358;349;"RJ";0;0,5;33
19;2025;"0-12";NA;NA;NA;NA;NA;415;420;"RJ";0;0,5;33
20;2025;"0-12";NA;NA;NA;NA;NA;469;477;"RJ";0;0,5;33
21;2025;"0-12";NA;NA;NA;NA;NA;478;509;"RJ";0;0,5;33
22;2025;"0-12";NA;NA;NA;NA;NA;477;449;"RJ";0;0,5;33
23;2025;"0-12";NA;NA;NA;NA;NA;456;473;"RJ";0;0,5;33
24;2025;"0-12";NA;NA;NA;NA;NA;440;445;"RJ";0;0,5;33
25;2025;"0-12";NA;NA;NA;NA;NA;397;402;"RJ";0;0,5;33
26;2025;"0-12";NA;NA;NA;NA;NA;358;345;"RJ";0;0,5;33
27;2025;"0-12";NA;NA;NA;NA;NA;319;328;"RJ";0;0,5;33
28;2025;"0-12";NA;NA;NA;NA;NA;294;283;"RJ";0;0,5;33
29;2025;"0-12";NA;NA;NA;NA;NA;251;270;"RJ";0;0,5;33
30;2025;"0-12";NA;NA;NA;NA;NA;203;200;"RJ";0;0,5;33
31;2025;"0-12";NA;NA;NA;NA;NA;161;138;"RJ";0;0,5;33
32;2025;"0-12";NA;NA;NA;NA;NA;151;145;"RJ";0;0,5;33
33;2025;"0-12";NA;NA;NA;NA;NA;173;170;"RJ";0;0,5;33
34;2025;"0-12";NA;NA;NA;NA;NA;188;205;"RJ";0;0,5;33
35;2025;"0-12";NA;NA;NA;NA;NA;186;189;"RJ";0;0,5;33
36;2025;"0-12";NA;NA;NA;NA;NA;175;163;"RJ";0;0,5;33
37;2025;"0-12";NA;NA;NA;NA;NA;170;172;"RJ";0;0,5;33
38;2025;"0-12";NA;NA;NA;NA;NA;174;175;"RJ";0;0,5;33
39;2025;"0-12";NA;NA;NA;NA;NA;188;176;"RJ";0;0,5;33
40;2025;"0-12";NA;NA;NA;NA;NA;187;213;"RJ";0;0,5;33
41;2025;"0-12";NA;NA;NA;NA;NA;185;172;"RJ";0;0,5;33
42;2025;"0-12";NA;NA;NA;NA;NA;179;169;"RJ";0;0,5;33
43;2025;"0-12";NA;NA;NA;NA;NA;193;196;"RJ";0;0,5;33
44;2025;"0-12";NA;NA;NA;NA;NA;196;214;"RJ";0;0,5;33
45;2025;"0-12";NA;NA;NA;NA;NA;188;177;"RJ";0;0,5;33
46;2025;"0-12";NA;NA;NA;NA;NA;169;174;"RJ";0;0,5;33
47;2025;"0-12";NA;NA;NA;NA;NA;166;156;"RJ";0;0,5;33
48;2025;"0-12";NA;NA;NA;NA;NA;148;167;"RJ";0;0,5;33
49;2025;"0-12";NA;NA;NA;NA;NA;139;120;"RJ";0;0,5;33
50;2025;"0-12";NA;NA;NA;NA;NA;110;131;"RJ";0;0,5;33
51;2025;"0-12";NA;NA;NA;NA;NA;93;80;"RJ";0;0,5;33
52;2025;"0-12";NA;NA;NA;NA;NA;72;67;"RJ";0;0,5;33
53;2025;"0-12";NA;NA;NA;NA;NA;65;68;"RJ";0;0,5;33
1;2026;"0-12";NA;NA;NA;NA;NA;62;61;"RJ";0;0,5;33
2;2026;"0-12";NA;NA;NA;NA;NA;52;57;"RJ";0;0,5;33
3;2026;"0-12";NA;NA;NA;NA;NA;46;39;"RJ";0;0,5;33
4;2026;"0-12";NA;NA;NA;NA;NA;42;42;"RJ";0;0,5;33
5;2026;"0-12";NA;NA;NA;NA;NA;45;44;"RJ";0;0,5;33
6;2026;"0-12";NA;NA;NA;NA;NA;58;48;"RJ";0;0,5;33
7;2026;"0-12";NA;NA;NA;NA;NA;69;83;"RJ";0;0,5;33
8;2026;"0-12";NA;NA;NA;NA;NA;104;77;"RJ";0;0,5;33
9;2026;"0-12";152;154;152;153;152;128;152;"RJ";0;0,5;33
10;2026;"0-12";155;158;154;156;154;155;155;"RJ";0;0,5;33
11;2026;"0-12";159;164;157;161;158;156;157;"RJ";0;0,5;33
12;2026;"0-12";154;159,025;151;156;153;163;151;"RJ";0;0,5;33
13;2026;"0-12";175,5;183;170;178;173;176;171;"RJ";0;0,5;33
14;2026;"0-12";200;209;194;203;198;194;191;"RJ";0;0,5;33
15;2026;"0-12";205,5;219;196;210;202;213;192;"RJ";0;0,5;33
16;2026;"0-12";233;253;221;239;229;234;217;"RJ";0;0,5;33
17;2026;"0-12";265;295,025;244;274;257;247;239;"RJ";0;0,5;33
18;2026;"0-12";242;309,025;201;260;226;266;190;"RJ";0;0,5;33
19;2026;"0-12";290,5;488,125;177,975;354;245;NA;195;"RJ";0;0,5;33
1;2022;"0-12";NA;NA;NA;NA;NA;NA;15;"RN";0,5;1;24
2;2022;"0-12";NA;NA;NA;NA;NA;17;19;"RN";0,5;1;24
3;2022;"0-12";NA;NA;NA;NA;NA;16;16;"RN";0,5;1;24
4;2022;"0-12";NA;NA;NA;NA;NA;15;12;"RN";0,5;1;24
5;2022;"0-12";NA;NA;NA;NA;NA;13;17;"RN";0,5;1;24
6;2022;"0-12";NA;NA;NA;NA;NA;12;11;"RN";0,5;1;24
7;2022;"0-12";NA;NA;NA;NA;NA;10;9;"RN";0,5;1;24
8;2022;"0-12";NA;NA;NA;NA;NA;13;11;"RN";0,5;1;24
9;2022;"0-12";NA;NA;NA;NA;NA;19;19;"RN";0,5;1;24
10;2022;"0-12";NA;NA;NA;NA;NA;28;27;"RN";0,5;1;24
11;2022;"0-12";NA;NA;NA;NA;NA;33;38;"RN";0,5;1;24
12;2022;"0-12";NA;NA;NA;NA;NA;35;34;"RN";0,5;1;24
13;2022;"0-12";NA;NA;NA;NA;NA;34;33;"RN";0,5;1;24
14;2022;"0-12";NA;NA;NA;NA;NA;38;34;"RN";0,5;1;24
15;2022;"0-12";NA;NA;NA;NA;NA;40;46;"RN";0,5;1;24
16;2022;"0-12";NA;NA;NA;NA;NA;43;41;"RN";0,5;1;24
17;2022;"0-12";NA;NA;NA;NA;NA;43;42;"RN";0,5;1;24
18;2022;"0-12";NA;NA;NA;NA;NA;45;46;"RN";0,5;1;24
19;2022;"0-12";NA;NA;NA;NA;NA;43;47;"RN";0,5;1;24
20;2022;"0-12";NA;NA;NA;NA;NA;40;36;"RN";0,5;1;24
21;2022;"0-12";NA;NA;NA;NA;NA;40;37;"RN";0,5;1;24
22;2022;"0-12";NA;NA;NA;NA;NA;43;46;"RN";0,5;1;24
23;2022;"0-12";NA;NA;NA;NA;NA;39;47;"RN";0,5;1;24
24;2022;"0-12";NA;NA;NA;NA;NA;36;25;"RN";0,5;1;24
25;2022;"0-12";NA;NA;NA;NA;NA;30;37;"RN";0,5;1;24
26;2022;"0-12";NA;NA;NA;NA;NA;29;27;"RN";0,5;1;24
27;2022;"0-12";NA;NA;NA;NA;NA;24;23;"RN";0,5;1;24
28;2022;"0-12";NA;NA;NA;NA;NA;24;23;"RN";0,5;1;24
29;2022;"0-12";NA;NA;NA;NA;NA;23;26;"RN";0,5;1;24
30;2022;"0-12";NA;NA;NA;NA;NA;26;20;"RN";0,5;1;24
31;2022;"0-12";NA;NA;NA;NA;NA;22;31;"RN";0,5;1;24
32;2022;"0-12";NA;NA;NA;NA;NA;23;16;"RN";0,5;1;24
33;2022;"0-12";NA;NA;NA;NA;NA;20;21;"RN";0,5;1;24
34;2022;"0-12";NA;NA;NA;NA;NA;26;23;"RN";0,5;1;24
35;2022;"0-12";NA;NA;NA;NA;NA;25;35;"RN";0,5;1;24
36;2022;"0-12";NA;NA;NA;NA;NA;23;17;"RN";0,5;1;24
37;2022;"0-12";NA;NA;NA;NA;NA;15;17;"RN";0,5;1;24
38;2022;"0-12";NA;NA;NA;NA;NA;13;10;"RN";0,5;1;24
39;2022;"0-12";NA;NA;NA;NA;NA;13;12;"RN";0,5;1;24
40;2022;"0-12";NA;NA;NA;NA;NA;17;18;"RN";0,5;1;24
41;2022;"0-12";NA;NA;NA;NA;NA;21;20;"RN";0,5;1;24
42;2022;"0-12";NA;NA;NA;NA;NA;20;26;"RN";0,5;1;24
43;2022;"0-12";NA;NA;NA;NA;NA;22;15;"RN";0,5;1;24
44;2022;"0-12";NA;NA;NA;NA;NA;20;25;"RN";0,5;1;24
45;2022;"0-12";NA;NA;NA;NA;NA;18;20;"RN";0,5;1;24
46;2022;"0-12";NA;NA;NA;NA;NA;17;8;"RN";0,5;1;24
47;2022;"0-12";NA;NA;NA;NA;NA;17;22;"RN";0,5;1;24
48;2022;"0-12";NA;NA;NA;NA;NA;19;21;"RN";0,5;1;24
49;2022;"0-12";NA;NA;NA;NA;NA;16;14;"RN";0,5;1;24
50;2022;"0-12";NA;NA;NA;NA;NA;15;13;"RN";0,5;1;24
51;2022;"0-12";NA;NA;NA;NA;NA;13;17;"RN";0,5;1;24
52;2022;"0-12";NA;NA;NA;NA;NA;14;8;"RN";0,5;1;24
1;2023;"0-12";NA;NA;NA;NA;NA;11;17;"RN";0,5;1;24
2;2023;"0-12";NA;NA;NA;NA;NA;11;7;"RN";0,5;1;24
3;2023;"0-12";NA;NA;NA;NA;NA;9;8;"RN";0,5;1;24
4;2023;"0-12";NA;NA;NA;NA;NA;8;11;"RN";0,5;1;24
5;2023;"0-12";NA;NA;NA;NA;NA;9;4;"RN";0,5;1;24
6;2023;"0-12";NA;NA;NA;NA;NA;9;13;"RN";0,5;1;24
7;2023;"0-12";NA;NA;NA;NA;NA;13;9;"RN";0,5;1;24
8;2023;"0-12";NA;NA;NA;NA;NA;12;17;"RN";0,5;1;24
9;2023;"0-12";NA;NA;NA;NA;NA;13;10;"RN";0,5;1;24
10;2023;"0-12";NA;NA;NA;NA;NA;13;11;"RN";0,5;1;24
11;2023;"0-12";NA;NA;NA;NA;NA;14;17;"RN";0,5;1;24
12;2023;"0-12";NA;NA;NA;NA;NA;16;15;"RN";0,5;1;24
13;2023;"0-12";NA;NA;NA;NA;NA;19;16;"RN";0,5;1;24
14;2023;"0-12";NA;NA;NA;NA;NA;26;25;"RN";0,5;1;24
15;2023;"0-12";NA;NA;NA;NA;NA;38;37;"RN";0,5;1;24
16;2023;"0-12";NA;NA;NA;NA;NA;42;51;"RN";0,5;1;24
17;2023;"0-12";NA;NA;NA;NA;NA;53;37;"RN";0,5;1;24
18;2023;"0-12";NA;NA;NA;NA;NA;52;72;"RN";0,5;1;24
19;2023;"0-12";NA;NA;NA;NA;NA;59;46;"RN";0,5;1;24
20;2023;"0-12";NA;NA;NA;NA;NA;54;59;"RN";0,5;1;24
21;2023;"0-12";NA;NA;NA;NA;NA;53;57;"RN";0,5;1;24
22;2023;"0-12";NA;NA;NA;NA;NA;54;44;"RN";0,5;1;24
23;2023;"0-12";NA;NA;NA;NA;NA;54;62;"RN";0,5;1;24
24;2023;"0-12";NA;NA;NA;NA;NA;58;56;"RN";0,5;1;24
25;2023;"0-12";NA;NA;NA;NA;NA;56;56;"RN";0,5;1;24
26;2023;"0-12";NA;NA;NA;NA;NA;55;56;"RN";0,5;1;24
27;2023;"0-12";NA;NA;NA;NA;NA;53;54;"RN";0,5;1;24
28;2023;"0-12";NA;NA;NA;NA;NA;50;48;"RN";0,5;1;24
29;2023;"0-12";NA;NA;NA;NA;NA;42;49;"RN";0,5;1;24
30;2023;"0-12";NA;NA;NA;NA;NA;38;29;"RN";0,5;1;24
31;2023;"0-12";NA;NA;NA;NA;NA;35;35;"RN";0,5;1;24
32;2023;"0-12";NA;NA;NA;NA;NA;41;40;"RN";0,5;1;24
33;2023;"0-12";NA;NA;NA;NA;NA;41;49;"RN";0,5;1;24
34;2023;"0-12";NA;NA;NA;NA;NA;42;35;"RN";0,5;1;24
35;2023;"0-12";NA;NA;NA;NA;NA;40;43;"RN";0,5;1;24
36;2023;"0-12";NA;NA;NA;NA;NA;45;43;"RN";0,5;1;24
37;2023;"0-12";NA;NA;NA;NA;NA;45;48;"RN";0,5;1;24
38;2023;"0-12";NA;NA;NA;NA;NA;42;43;"RN";0,5;1;24
39;2023;"0-12";NA;NA;NA;NA;NA;35;34;"RN";0,5;1;24
40;2023;"0-12";NA;NA;NA;NA;NA;30;27;"RN";0,5;1;24
41;2023;"0-12";NA;NA;NA;NA;NA;30;30;"RN";0,5;1;24
42;2023;"0-12";NA;NA;NA;NA;NA;33;34;"RN";0,5;1;24
43;2023;"0-12";NA;NA;NA;NA;NA;34;36;"RN";0,5;1;24
44;2023;"0-12";NA;NA;NA;NA;NA;30;32;"RN";0,5;1;24
45;2023;"0-12";NA;NA;NA;NA;NA;28;23;"RN";0,5;1;24
46;2023;"0-12";NA;NA;NA;NA;NA;24;29;"RN";0,5;1;24
47;2023;"0-12";NA;NA;NA;NA;NA;26;20;"RN";0,5;1;24
48;2023;"0-12";NA;NA;NA;NA;NA;28;30;"RN";0,5;1;24
49;2023;"0-12";NA;NA;NA;NA;NA;30;35;"RN";0,5;1;24
50;2023;"0-12";NA;NA;NA;NA;NA;26;24;"RN";0,5;1;24
51;2023;"0-12";NA;NA;NA;NA;NA;20;20;"RN";0,5;1;24
52;2023;"0-12";NA;NA;NA;NA;NA;20;16;"RN";0,5;1;24
1;2024;"0-12";NA;NA;NA;NA;NA;17;24;"RN";0,5;1;24
2;2024;"0-12";NA;NA;NA;NA;NA;13;10;"RN";0,5;1;24
3;2024;"0-12";NA;NA;NA;NA;NA;9;5;"RN";0,5;1;24
4;2024;"0-12";NA;NA;NA;NA;NA;10;11;"RN";0,5;1;24
5;2024;"0-12";NA;NA;NA;NA;NA;12;13;"RN";0,5;1;24
6;2024;"0-12";NA;NA;NA;NA;NA;12;12;"RN";0,5;1;24
7;2024;"0-12";NA;NA;NA;NA;NA;13;12;"RN";0,5;1;24
8;2024;"0-12";NA;NA;NA;NA;NA;18;15;"RN";0,5;1;24
9;2024;"0-12";NA;NA;NA;NA;NA;23;27;"RN";0,5;1;24
10;2024;"0-12";NA;NA;NA;NA;NA;27;27;"RN";0,5;1;24
11;2024;"0-12";NA;NA;NA;NA;NA;29;26;"RN";0,5;1;24
12;2024;"0-12";NA;NA;NA;NA;NA;30;33;"RN";0,5;1;24
13;2024;"0-12";NA;NA;NA;NA;NA;30;30;"RN";0,5;1;24
14;2024;"0-12";NA;NA;NA;NA;NA;31;28;"RN";0,5;1;24
15;2024;"0-12";NA;NA;NA;NA;NA;35;36;"RN";0,5;1;24
16;2024;"0-12";NA;NA;NA;NA;NA;41;40;"RN";0,5;1;24
17;2024;"0-12";NA;NA;NA;NA;NA;52;47;"RN";0,5;1;24
18;2024;"0-12";NA;NA;NA;NA;NA;56;70;"RN";0,5;1;24
19;2024;"0-12";NA;NA;NA;NA;NA;62;51;"RN";0,5;1;24
20;2024;"0-12";NA;NA;NA;NA;NA;62;65;"RN";0,5;1;24
21;2024;"0-12";NA;NA;NA;NA;NA;74;71;"RN";0,5;1;24
22;2024;"0-12";NA;NA;NA;NA;NA;75;87;"RN";0,5;1;24
23;2024;"0-12";NA;NA;NA;NA;NA;70;66;"RN";0,5;1;24
24;2024;"0-12";NA;NA;NA;NA;NA;60;57;"RN";0,5;1;24
25;2024;"0-12";NA;NA;NA;NA;NA;53;56;"RN";0,5;1;24
26;2024;"0-12";NA;NA;NA;NA;NA;50;47;"RN";0,5;1;24
27;2024;"0-12";NA;NA;NA;NA;NA;46;46;"RN";0,5;1;24
28;2024;"0-12";NA;NA;NA;NA;NA;45;46;"RN";0,5;1;24
29;2024;"0-12";NA;NA;NA;NA;NA;39;44;"RN";0,5;1;24
30;2024;"0-12";NA;NA;NA;NA;NA;33;27;"RN";0,5;1;24
31;2024;"0-12";NA;NA;NA;NA;NA;29;28;"RN";0,5;1;24
32;2024;"0-12";NA;NA;NA;NA;NA;30;31;"RN";0,5;1;24
33;2024;"0-12";NA;NA;NA;NA;NA;32;32;"RN";0,5;1;24
34;2024;"0-12";NA;NA;NA;NA;NA;28;32;"RN";0,5;1;24
35;2024;"0-12";NA;NA;NA;NA;NA;27;19;"RN";0,5;1;24
36;2024;"0-12";NA;NA;NA;NA;NA;27;31;"RN";0,5;1;24
37;2024;"0-12";NA;NA;NA;NA;NA;28;31;"RN";0,5;1;24
38;2024;"0-12";NA;NA;NA;NA;NA;27;22;"RN";0,5;1;24
39;2024;"0-12";NA;NA;NA;NA;NA;26;28;"RN";0,5;1;24
40;2024;"0-12";NA;NA;NA;NA;NA;27;27;"RN";0,5;1;24
41;2024;"0-12";NA;NA;NA;NA;NA;28;27;"RN";0,5;1;24
42;2024;"0-12";NA;NA;NA;NA;NA;27;30;"RN";0,5;1;24
43;2024;"0-12";NA;NA;NA;NA;NA;28;23;"RN";0,5;1;24
44;2024;"0-12";NA;NA;NA;NA;NA;23;30;"RN";0,5;1;24
45;2024;"0-12";NA;NA;NA;NA;NA;25;17;"RN";0,5;1;24
46;2024;"0-12";NA;NA;NA;NA;NA;21;29;"RN";0,5;1;24
47;2024;"0-12";NA;NA;NA;NA;NA;21;17;"RN";0,5;1;24
48;2024;"0-12";NA;NA;NA;NA;NA;18;16;"RN";0,5;1;24
49;2024;"0-12";NA;NA;NA;NA;NA;19;21;"RN";0,5;1;24
50;2024;"0-12";NA;NA;NA;NA;NA;19;21;"RN";0,5;1;24
51;2024;"0-12";NA;NA;NA;NA;NA;19;16;"RN";0,5;1;24
52;2024;"0-12";NA;NA;NA;NA;NA;15;19;"RN";0,5;1;24
1;2025;"0-12";NA;NA;NA;NA;NA;14;11;"RN";0,5;1;24
2;2025;"0-12";NA;NA;NA;NA;NA;9;11;"RN";0,5;1;24
3;2025;"0-12";NA;NA;NA;NA;NA;8;5;"RN";0,5;1;24
4;2025;"0-12";NA;NA;NA;NA;NA;7;7;"RN";0,5;1;24
5;2025;"0-12";NA;NA;NA;NA;NA;9;10;"RN";0,5;1;24
6;2025;"0-12";NA;NA;NA;NA;NA;10;9;"RN";0,5;1;24
7;2025;"0-12";NA;NA;NA;NA;NA;8;10;"RN";0,5;1;24
8;2025;"0-12";NA;NA;NA;NA;NA;14;5;"RN";0,5;1;24
9;2025;"0-12";NA;NA;NA;NA;NA;19;26;"RN";0,5;1;24
10;2025;"0-12";NA;NA;NA;NA;NA;28;27;"RN";0,5;1;24
11;2025;"0-12";NA;NA;NA;NA;NA;31;31;"RN";0,5;1;24
12;2025;"0-12";NA;NA;NA;NA;NA;33;34;"RN";0,5;1;24
13;2025;"0-12";NA;NA;NA;NA;NA;35;35;"RN";0,5;1;24
14;2025;"0-12";NA;NA;NA;NA;NA;34;35;"RN";0,5;1;24
15;2025;"0-12";NA;NA;NA;NA;NA;34;31;"RN";0,5;1;24
16;2025;"0-12";NA;NA;NA;NA;NA;33;35;"RN";0,5;1;24
17;2025;"0-12";NA;NA;NA;NA;NA;34;32;"RN";0,5;1;24
18;2025;"0-12";NA;NA;NA;NA;NA;33;36;"RN";0,5;1;24
19;2025;"0-12";NA;NA;NA;NA;NA;36;30;"RN";0,5;1;24
20;2025;"0-12";NA;NA;NA;NA;NA;42;42;"RN";0,5;1;24
21;2025;"0-12";NA;NA;NA;NA;NA;50;53;"RN";0,5;1;24
22;2025;"0-12";NA;NA;NA;NA;NA;56;54;"RN";0,5;1;24
23;2025;"0-12";NA;NA;NA;NA;NA;54;61;"RN";0,5;1;24
24;2025;"0-12";NA;NA;NA;NA;NA;50;46;"RN";0,5;1;24
25;2025;"0-12";NA;NA;NA;NA;NA;43;43;"RN";0,5;1;24
26;2025;"0-12";NA;NA;NA;NA;NA;39;39;"RN";0,5;1;24
27;2025;"0-12";NA;NA;NA;NA;NA;42;34;"RN";0,5;1;24
28;2025;"0-12";NA;NA;NA;NA;NA;44;52;"RN";0,5;1;24
29;2025;"0-12";NA;NA;NA;NA;NA;50;46;"RN";0,5;1;24
30;2025;"0-12";NA;NA;NA;NA;NA;48;51;"RN";0,5;1;24
31;2025;"0-12";NA;NA;NA;NA;NA;47;48;"RN";0,5;1;24
32;2025;"0-12";NA;NA;NA;NA;NA;43;43;"RN";0,5;1;24
33;2025;"0-12";NA;NA;NA;NA;NA;38;38;"RN";0,5;1;24
34;2025;"0-12";NA;NA;NA;NA;NA;35;32;"RN";0,5;1;24
35;2025;"0-12";NA;NA;NA;NA;NA;33;35;"RN";0,5;1;24
36;2025;"0-12";NA;NA;NA;NA;NA;29;32;"RN";0,5;1;24
37;2025;"0-12";NA;NA;NA;NA;NA;25;19;"RN";0,5;1;24
38;2025;"0-12";NA;NA;NA;NA;NA;25;23;"RN";0,5;1;24
39;2025;"0-12";NA;NA;NA;NA;NA;29;32;"RN";0,5;1;24
40;2025;"0-12";NA;NA;NA;NA;NA;33;31;"RN";0,5;1;24
41;2025;"0-12";NA;NA;NA;NA;NA;29;35;"RN";0,5;1;24
42;2025;"0-12";NA;NA;NA;NA;NA;28;22;"RN";0,5;1;24
43;2025;"0-12";NA;NA;NA;NA;NA;26;28;"RN";0,5;1;24
44;2025;"0-12";NA;NA;NA;NA;NA;29;29;"RN";0,5;1;24
45;2025;"0-12";NA;NA;NA;NA;NA;27;29;"RN";0,5;1;24
46;2025;"0-12";NA;NA;NA;NA;NA;24;23;"RN";0,5;1;24
47;2025;"0-12";NA;NA;NA;NA;NA;19;20;"RN";0,5;1;24
48;2025;"0-12";NA;NA;NA;NA;NA;16;15;"RN";0,5;1;24
49;2025;"0-12";NA;NA;NA;NA;NA;15;14;"RN";0,5;1;24
50;2025;"0-12";NA;NA;NA;NA;NA;15;17;"RN";0,5;1;24
51;2025;"0-12";NA;NA;NA;NA;NA;15;15;"RN";0,5;1;24
52;2025;"0-12";NA;NA;NA;NA;NA;14;13;"RN";0,5;1;24
53;2025;"0-12";NA;NA;NA;NA;NA;14;14;"RN";0,5;1;24
1;2026;"0-12";NA;NA;NA;NA;NA;14;15;"RN";0,5;1;24
2;2026;"0-12";NA;NA;NA;NA;NA;13;13;"RN";0,5;1;24
3;2026;"0-12";NA;NA;NA;NA;NA;12;11;"RN";0,5;1;24
4;2026;"0-12";NA;NA;NA;NA;NA;10;12;"RN";0,5;1;24
5;2026;"0-12";NA;NA;NA;NA;NA;8;8;"RN";0,5;1;24
6;2026;"0-12";NA;NA;NA;NA;NA;12;5;"RN";0,5;1;24
7;2026;"0-12";NA;NA;NA;NA;NA;15;23;"RN";0,5;1;24
8;2026;"0-12";NA;NA;NA;NA;NA;24;16;"RN";0,5;1;24
9;2026;"0-12";NA;NA;NA;NA;NA;26;34;"RN";0,5;1;24
10;2026;"0-12";NA;NA;NA;NA;NA;31;27;"RN";0,5;1;24
11;2026;"0-12";31;33;31;31;31;30;31;"RN";0,5;1;24
12;2026;"0-12";33;36;33;34;33;31;33;"RN";0,5;1;24
13;2026;"0-12";29;32;29;30;29;33;29;"RN";0,5;1;24
14;2026;"0-12";36;39;35;37;35;39;36;"RN";0,5;1;24
15;2026;"0-12";51;55;49;52;50;45;49;"RN";0,5;1;24
16;2026;"0-12";47;52;44;48;46;49;44;"RN";0,5;1;24
17;2026;"0-12";49;55;45;50;47;49;47;"RN";0,5;1;24
18;2026;"0-12";52;62;46;56;50;52;45;"RN";0,5;1;24
19;2026;"0-12";55;83;34;63;47;NA;52;"RN";0,5;1;24
1;2022;"0-12";NA;NA;NA;NA;NA;NA;10;"RO";0,5;-1;11
2;2022;"0-12";NA;NA;NA;NA;NA;8;9;"RO";0,5;-1;11
3;2022;"0-12";NA;NA;NA;NA;NA;6;5;"RO";0,5;-1;11
4;2022;"0-12";NA;NA;NA;NA;NA;5;4;"RO";0,5;-1;11
5;2022;"0-12";NA;NA;NA;NA;NA;5;5;"RO";0,5;-1;11
6;2022;"0-12";NA;NA;NA;NA;NA;6;7;"RO";0,5;-1;11
7;2022;"0-12";NA;NA;NA;NA;NA;7;6;"RO";0,5;-1;11
8;2022;"0-12";NA;NA;NA;NA;NA;5;7;"RO";0,5;-1;11
9;2022;"0-12";NA;NA;NA;NA;NA;6;3;"RO";0,5;-1;11
10;2022;"0-12";NA;NA;NA;NA;NA;8;8;"RO";0,5;-1;11
11;2022;"0-12";NA;NA;NA;NA;NA;7;12;"RO";0,5;-1;11
12;2022;"0-12";NA;NA;NA;NA;NA;6;2;"RO";0,5;-1;11
13;2022;"0-12";NA;NA;NA;NA;NA;5;5;"RO";0,5;-1;11
14;2022;"0-12";NA;NA;NA;NA;NA;7;7;"RO";0,5;-1;11
15;2022;"0-12";NA;NA;NA;NA;NA;8;9;"RO";0,5;-1;11
16;2022;"0-12";NA;NA;NA;NA;NA;9;9;"RO";0,5;-1;11
17;2022;"0-12";NA;NA;NA;NA;NA;11;9;"RO";0,5;-1;11
18;2022;"0-12";NA;NA;NA;NA;NA;12;15;"RO";0,5;-1;11
19;2022;"0-12";NA;NA;NA;NA;NA;14;12;"RO";0,5;-1;11
20;2022;"0-12";NA;NA;NA;NA;NA;20;15;"RO";0,5;-1;11
21;2022;"0-12";NA;NA;NA;NA;NA;21;32;"RO";0,5;-1;11
22;2022;"0-12";NA;NA;NA;NA;NA;21;17;"RO";0,5;-1;11
23;2022;"0-12";NA;NA;NA;NA;NA;16;13;"RO";0,5;-1;11
24;2022;"0-12";NA;NA;NA;NA;NA;13;17;"RO";0,5;-1;11
25;2022;"0-12";NA;NA;NA;NA;NA;11;9;"RO";0,5;-1;11
26;2022;"0-12";NA;NA;NA;NA;NA;8;8;"RO";0,5;-1;11
27;2022;"0-12";NA;NA;NA;NA;NA;8;8;"RO";0,5;-1;11
28;2022;"0-12";NA;NA;NA;NA;NA;7;7;"RO";0,5;-1;11
29;2022;"0-12";NA;NA;NA;NA;NA;5;5;"RO";0,5;-1;11
30;2022;"0-12";NA;NA;NA;NA;NA;4;4;"RO";0,5;-1;11
31;2022;"0-12";NA;NA;NA;NA;NA;4;2;"RO";0,5;-1;11
32;2022;"0-12";NA;NA;NA;NA;NA;5;6;"RO";0,5;-1;11
33;2022;"0-12";NA;NA;NA;NA;NA;6;7;"RO";0,5;-1;11
34;2022;"0-12";NA;NA;NA;NA;NA;5;5;"RO";0,5;-1;11
35;2022;"0-12";NA;NA;NA;NA;NA;3;4;"RO";0,5;-1;11
36;2022;"0-12";NA;NA;NA;NA;NA;3;1;"RO";0,5;-1;11
37;2022;"0-12";NA;NA;NA;NA;NA;3;4;"RO";0,5;-1;11
38;2022;"0-12";NA;NA;NA;NA;NA;4;5;"RO";0,5;-1;11
39;2022;"0-12";NA;NA;NA;NA;NA;4;2;"RO";0,5;-1;11
40;2022;"0-12";NA;NA;NA;NA;NA;3;5;"RO";0,5;-1;11
41;2022;"0-12";NA;NA;NA;NA;NA;3;1;"RO";0,5;-1;11
44;2022;"0-12";NA;NA;NA;NA;NA;2;2;"RO";0,5;-1;11
45;2022;"0-12";NA;NA;NA;NA;NA;3;3;"RO";0,5;-1;11
46;2022;"0-12";NA;NA;NA;NA;NA;3;3;"RO";0,5;-1;11
47;2022;"0-12";NA;NA;NA;NA;NA;2;2;"RO";0,5;-1;11
48;2022;"0-12";NA;NA;NA;NA;NA;2;1;"RO";0,5;-1;11
49;2022;"0-12";NA;NA;NA;NA;NA;3;2;"RO";0,5;-1;11
50;2022;"0-12";NA;NA;NA;NA;NA;3;7;"RO";0,5;-1;11
51;2022;"0-12";NA;NA;NA;NA;NA;4;1;"RO";0,5;-1;11
52;2022;"0-12";NA;NA;NA;NA;NA;2;3;"RO";0,5;-1;11
1;2023;"0-12";NA;NA;NA;NA;NA;2;2;"RO";0,5;-1;11
2;2023;"0-12";NA;NA;NA;NA;NA;2;2;"RO";0,5;-1;11
3;2023;"0-12";NA;NA;NA;NA;NA;2;1;"RO";0,5;-1;11
4;2023;"0-12";NA;NA;NA;NA;NA;2;3;"RO";0,5;-1;11
5;2023;"0-12";NA;NA;NA;NA;NA;4;3;"RO";0,5;-1;11
6;2023;"0-12";NA;NA;NA;NA;NA;4;5;"RO";0,5;-1;11
7;2023;"0-12";NA;NA;NA;NA;NA;4;3;"RO";0,5;-1;11
8;2023;"0-12";NA;NA;NA;NA;NA;5;5;"RO";0,5;-1;11
9;2023;"0-12";NA;NA;NA;NA;NA;9;7;"RO";0,5;-1;11
10;2023;"0-12";NA;NA;NA;NA;NA;10;16;"RO";0,5;-1;11
11;2023;"0-12";NA;NA;NA;NA;NA;12;6;"RO";0,5;-1;11
12;2023;"0-12";NA;NA;NA;NA;NA;15;13;"RO";0,5;-1;11
13;2023;"0-12";NA;NA;NA;NA;NA;21;25;"RO";0,5;-1;11
14;2023;"0-12";NA;NA;NA;NA;NA;24;26;"RO";0,5;-1;11
15;2023;"0-12";NA;NA;NA;NA;NA;28;22;"RO";0,5;-1;11
16;2023;"0-12";NA;NA;NA;NA;NA;26;36;"RO";0,5;-1;11
17;2023;"0-12";NA;NA;NA;NA;NA;34;21;"RO";0,5;-1;11
18;2023;"0-12";NA;NA;NA;NA;NA;32;44;"RO";0,5;-1;11
19;2023;"0-12";NA;NA;NA;NA;NA;35;31;"RO";0,5;-1;11
20;2023;"0-12";NA;NA;NA;NA;NA;31;30;"RO";0,5;-1;11
21;2023;"0-12";NA;NA;NA;NA;NA;28;32;"RO";0,5;-1;11
22;2023;"0-12";NA;NA;NA;NA;NA;26;22;"RO";0,5;-1;11
23;2023;"0-12";NA;NA;NA;NA;NA;18;23;"RO";0,5;-1;11
24;2023;"0-12";NA;NA;NA;NA;NA;18;9;"RO";0,5;-1;11
25;2023;"0-12";NA;NA;NA;NA;NA;15;23;"RO";0,5;-1;11
26;2023;"0-12";NA;NA;NA;NA;NA;18;13;"RO";0,5;-1;11
27;2023;"0-12";NA;NA;NA;NA;NA;18;18;"RO";0,5;-1;11
28;2023;"0-12";NA;NA;NA;NA;NA;20;23;"RO";0,5;-1;11
29;2023;"0-12";NA;NA;NA;NA;NA;18;19;"RO";0,5;-1;11
30;2023;"0-12";NA;NA;NA;NA;NA;13;12;"RO";0,5;-1;11
31;2023;"0-12";NA;NA;NA;NA;NA;11;7;"RO";0,5;-1;11
32;2023;"0-12";NA;NA;NA;NA;NA;10;13;"RO";0,5;-1;11
33;2023;"0-12";NA;NA;NA;NA;NA;15;11;"RO";0,5;-1;11
34;2023;"0-12";NA;NA;NA;NA;NA;15;22;"RO";0,5;-1;11
35;2023;"0-12";NA;NA;NA;NA;NA;13;12;"RO";0,5;-1;11
36;2023;"0-12";NA;NA;NA;NA;NA;9;4;"RO";0,5;-1;11
37;2023;"0-12";NA;NA;NA;NA;NA;7;10;"RO";0,5;-1;11
38;2023;"0-12";NA;NA;NA;NA;NA;8;6;"RO";0,5;-1;11
39;2023;"0-12";NA;NA;NA;NA;NA;7;7;"RO";0,5;-1;11
40;2023;"0-12";NA;NA;NA;NA;NA;8;7;"RO";0,5;-1;11
41;2023;"0-12";NA;NA;NA;NA;NA;7;11;"RO";0,5;-1;11
42;2023;"0-12";NA;NA;NA;NA;NA;8;4;"RO";0,5;-1;11
43;2023;"0-12";NA;NA;NA;NA;NA;6;9;"RO";0,5;-1;11
44;2023;"0-12";NA;NA;NA;NA;NA;6;5;"RO";0,5;-1;11
45;2023;"0-12";NA;NA;NA;NA;NA;4;4;"RO";0,5;-1;11
46;2023;"0-12";NA;NA;NA;NA;NA;5;3;"RO";0,5;-1;11
47;2023;"0-12";NA;NA;NA;NA;NA;6;9;"RO";0,5;-1;11
48;2023;"0-12";NA;NA;NA;NA;NA;8;6;"RO";0,5;-1;11
49;2023;"0-12";NA;NA;NA;NA;NA;7;10;"RO";0,5;-1;11
50;2023;"0-12";NA;NA;NA;NA;NA;6;4;"RO";0,5;-1;11
51;2023;"0-12";NA;NA;NA;NA;NA;3;3;"RO";0,5;-1;11
52;2023;"0-12";NA;NA;NA;NA;NA;3;1;"RO";0,5;-1;11
1;2024;"0-12";NA;NA;NA;NA;NA;3;6;"RO";0,5;-1;11
2;2024;"0-12";NA;NA;NA;NA;NA;3;2;"RO";0,5;-1;11
3;2024;"0-12";NA;NA;NA;NA;NA;3;2;"RO";0,5;-1;11
4;2024;"0-12";NA;NA;NA;NA;NA;3;5;"RO";0,5;-1;11
5;2024;"0-12";NA;NA;NA;NA;NA;4;2;"RO";0,5;-1;11
6;2024;"0-12";NA;NA;NA;NA;NA;4;5;"RO";0,5;-1;11
7;2024;"0-12";NA;NA;NA;NA;NA;7;5;"RO";0,5;-1;11
8;2024;"0-12";NA;NA;NA;NA;NA;8;11;"RO";0,5;-1;11
9;2024;"0-12";NA;NA;NA;NA;NA;10;8;"RO";0,5;-1;11
10;2024;"0-12";NA;NA;NA;NA;NA;13;11;"RO";0,5;-1;11
11;2024;"0-12";NA;NA;NA;NA;NA;12;19;"RO";0,5;-1;11
12;2024;"0-12";NA;NA;NA;NA;NA;12;5;"RO";0,5;-1;11
13;2024;"0-12";NA;NA;NA;NA;NA;9;13;"RO";0,5;-1;11
14;2024;"0-12";NA;NA;NA;NA;NA;12;10;"RO";0,5;-1;11
15;2024;"0-12";NA;NA;NA;NA;NA;16;12;"RO";0,5;-1;11
16;2024;"0-12";NA;NA;NA;NA;NA;23;25;"RO";0,5;-1;11
17;2024;"0-12";NA;NA;NA;NA;NA;30;32;"RO";0,5;-1;11
18;2024;"0-12";NA;NA;NA;NA;NA;30;32;"RO";0,5;-1;11
19;2024;"0-12";NA;NA;NA;NA;NA;31;27;"RO";0,5;-1;11
20;2024;"0-12";NA;NA;NA;NA;NA;31;33;"RO";0,5;-1;11
21;2024;"0-12";NA;NA;NA;NA;NA;29;32;"RO";0,5;-1;11
22;2024;"0-12";NA;NA;NA;NA;NA;24;22;"RO";0,5;-1;11
23;2024;"0-12";NA;NA;NA;NA;NA;18;18;"RO";0,5;-1;11
24;2024;"0-12";NA;NA;NA;NA;NA;17;15;"RO";0,5;-1;11
25;2024;"0-12";NA;NA;NA;NA;NA;17;17;"RO";0,5;-1;11
26;2024;"0-12";NA;NA;NA;NA;NA;14;19;"RO";0,5;-1;11
27;2024;"0-12";NA;NA;NA;NA;NA;12;7;"RO";0,5;-1;11
28;2024;"0-12";NA;NA;NA;NA;NA;7;10;"RO";0,5;-1;11
29;2024;"0-12";NA;NA;NA;NA;NA;8;4;"RO";0,5;-1;11
30;2024;"0-12";NA;NA;NA;NA;NA;8;10;"RO";0,5;-1;11
31;2024;"0-12";NA;NA;NA;NA;NA;9;9;"RO";0,5;-1;11
32;2024;"0-12";NA;NA;NA;NA;NA;10;7;"RO";0,5;-1;11
33;2024;"0-12";NA;NA;NA;NA;NA;8;14;"RO";0,5;-1;11
34;2024;"0-12";NA;NA;NA;NA;NA;8;4;"RO";0,5;-1;11
35;2024;"0-12";NA;NA;NA;NA;NA;7;5;"RO";0,5;-1;11
36;2024;"0-12";NA;NA;NA;NA;NA;8;11;"RO";0,5;-1;11
37;2024;"0-12";NA;NA;NA;NA;NA;9;8;"RO";0,5;-1;11
38;2024;"0-12";NA;NA;NA;NA;NA;7;8;"RO";0,5;-1;11
39;2024;"0-12";NA;NA;NA;NA;NA;9;6;"RO";0,5;-1;11
40;2024;"0-12";NA;NA;NA;NA;NA;8;12;"RO";0,5;-1;11
41;2024;"0-12";NA;NA;NA;NA;NA;7;5;"RO";0,5;-1;11
42;2024;"0-12";NA;NA;NA;NA;NA;6;5;"RO";0,5;-1;11
43;2024;"0-12";NA;NA;NA;NA;NA;7;8;"RO";0,5;-1;11
44;2024;"0-12";NA;NA;NA;NA;NA;8;8;"RO";0,5;-1;11
45;2024;"0-12";NA;NA;NA;NA;NA;8;7;"RO";0,5;-1;11
46;2024;"0-12";NA;NA;NA;NA;NA;6;8;"RO";0,5;-1;11
47;2024;"0-12";NA;NA;NA;NA;NA;9;2;"RO";0,5;-1;11
48;2024;"0-12";NA;NA;NA;NA;NA;9;16;"RO";0,5;-1;11
49;2024;"0-12";NA;NA;NA;NA;NA;14;10;"RO";0,5;-1;11
50;2024;"0-12";NA;NA;NA;NA;NA;10;15;"RO";0,5;-1;11
51;2024;"0-12";NA;NA;NA;NA;NA;10;4;"RO";0,5;-1;11
52;2024;"0-12";NA;NA;NA;NA;NA;8;10;"RO";0,5;-1;11
1;2025;"0-12";NA;NA;NA;NA;NA;9;10;"RO";0,5;-1;11
2;2025;"0-12";NA;NA;NA;NA;NA;7;8;"RO";0,5;-1;11
3;2025;"0-12";NA;NA;NA;NA;NA;6;4;"RO";0,5;-1;11
4;2025;"0-12";NA;NA;NA;NA;NA;6;6;"RO";0,5;-1;11
5;2025;"0-12";NA;NA;NA;NA;NA;7;7;"RO";0,5;-1;11
6;2025;"0-12";NA;NA;NA;NA;NA;7;7;"RO";0,5;-1;11
7;2025;"0-12";NA;NA;NA;NA;NA;12;8;"RO";0,5;-1;11
8;2025;"0-12";NA;NA;NA;NA;NA;14;20;"RO";0,5;-1;11
9;2025;"0-12";NA;NA;NA;NA;NA;17;15;"RO";0,5;-1;11
10;2025;"0-12";NA;NA;NA;NA;NA;15;16;"RO";0,5;-1;11
11;2025;"0-12";NA;NA;NA;NA;NA;14;13;"RO";0,5;-1;11
12;2025;"0-12";NA;NA;NA;NA;NA;12;13;"RO";0,5;-1;11
13;2025;"0-12";NA;NA;NA;NA;NA;11;9;"RO";0,5;-1;11
14;2025;"0-12";NA;NA;NA;NA;NA;11;10;"RO";0,5;-1;11
15;2025;"0-12";NA;NA;NA;NA;NA;13;14;"RO";0,5;-1;11
16;2025;"0-12";NA;NA;NA;NA;NA;21;15;"RO";0,5;-1;11
17;2025;"0-12";NA;NA;NA;NA;NA;24;33;"RO";0,5;-1;11
18;2025;"0-12";NA;NA;NA;NA;NA;25;23;"RO";0,5;-1;11
19;2025;"0-12";NA;NA;NA;NA;NA;26;20;"RO";0,5;-1;11
20;2025;"0-12";NA;NA;NA;NA;NA;28;34;"RO";0,5;-1;11
21;2025;"0-12";NA;NA;NA;NA;NA;32;29;"RO";0,5;-1;11
22;2025;"0-12";NA;NA;NA;NA;NA;33;32;"RO";0,5;-1;11
23;2025;"0-12";NA;NA;NA;NA;NA;34;38;"RO";0,5;-1;11
24;2025;"0-12";NA;NA;NA;NA;NA;38;31;"RO";0,5;-1;11
25;2025;"0-12";NA;NA;NA;NA;NA;34;44;"RO";0,5;-1;11
26;2025;"0-12";NA;NA;NA;NA;NA;34;26;"RO";0,5;-1;11
27;2025;"0-12";NA;NA;NA;NA;NA;29;31;"RO";0,5;-1;11
28;2025;"0-12";NA;NA;NA;NA;NA;30;31;"RO";0,5;-1;11
29;2025;"0-12";NA;NA;NA;NA;NA;25;29;"RO";0,5;-1;11
30;2025;"0-12";NA;NA;NA;NA;NA;19;16;"RO";0,5;-1;11
31;2025;"0-12";NA;NA;NA;NA;NA;13;13;"RO";0,5;-1;11
32;2025;"0-12";NA;NA;NA;NA;NA;14;9;"RO";0,5;-1;11
33;2025;"0-12";NA;NA;NA;NA;NA;12;19;"RO";0,5;-1;11
34;2025;"0-12";NA;NA;NA;NA;NA;13;9;"RO";0,5;-1;11
35;2025;"0-12";NA;NA;NA;NA;NA;14;12;"RO";0,5;-1;11
36;2025;"0-12";NA;NA;NA;NA;NA;15;20;"RO";0,5;-1;11
37;2025;"0-12";NA;NA;NA;NA;NA;16;13;"RO";0,5;-1;11
38;2025;"0-12";NA;NA;NA;NA;NA;13;16;"RO";0,5;-1;11
39;2025;"0-12";NA;NA;NA;NA;NA;11;9;"RO";0,5;-1;11
40;2025;"0-12";NA;NA;NA;NA;NA;10;9;"RO";0,5;-1;11
41;2025;"0-12";NA;NA;NA;NA;NA;9;13;"RO";0,5;-1;11
42;2025;"0-12";NA;NA;NA;NA;NA;8;4;"RO";0,5;-1;11
43;2025;"0-12";NA;NA;NA;NA;NA;6;7;"RO";0,5;-1;11
44;2025;"0-12";NA;NA;NA;NA;NA;10;7;"RO";0,5;-1;11
45;2025;"0-12";NA;NA;NA;NA;NA;10;16;"RO";0,5;-1;11
46;2025;"0-12";NA;NA;NA;NA;NA;12;8;"RO";0,5;-1;11
47;2025;"0-12";NA;NA;NA;NA;NA;9;11;"RO";0,5;-1;11
48;2025;"0-12";NA;NA;NA;NA;NA;10;8;"RO";0,5;-1;11
49;2025;"0-12";NA;NA;NA;NA;NA;8;11;"RO";0,5;-1;11
50;2025;"0-12";NA;NA;NA;NA;NA;8;6;"RO";0,5;-1;11
51;2025;"0-12";NA;NA;NA;NA;NA;6;8;"RO";0,5;-1;11
52;2025;"0-12";NA;NA;NA;NA;NA;7;4;"RO";0,5;-1;11
53;2025;"0-12";NA;NA;NA;NA;NA;8;9;"RO";0,5;-1;11
1;2026;"0-12";NA;NA;NA;NA;NA;10;12;"RO";0,5;-1;11
2;2026;"0-12";NA;NA;NA;NA;NA;14;9;"RO";0,5;-1;11
3;2026;"0-12";NA;NA;NA;NA;NA;15;22;"RO";0,5;-1;11
4;2026;"0-12";NA;NA;NA;NA;NA;19;14;"RO";0,5;-1;11
5;2026;"0-12";20;20;20;20;20;20;20;"RO";0,5;-1;11
6;2026;"0-12";27;28;27;27;27;29;27;"RO";0,5;-1;11
7;2026;"0-12";40;41;40;40;40;33;40;"RO";0,5;-1;11
8;2026;"0-12";32;33;32;32;32;34;33;"RO";0,5;-1;11
9;2026;"0-12";31;33;31;31;31;35;31;"RO";0,5;-1;11
10;2026;"0-12";41;43;41;42;41;36;41;"RO";0,5;-1;11
11;2026;"0-12";36;39;36;37;36;35;36;"RO";0,5;-1;11
12;2026;"0-12";28;31;28;29;28;30;28;"RO";0,5;-1;11
13;2026;"0-12";27;30;27;28;27;28;27;"RO";0,5;-1;11
14;2026;"0-12";30;32;29;30;29;26;29;"RO";0,5;-1;11
15;2026;"0-12";21;24;20;22;20;23;20;"RO";0,5;-1;11
16;2026;"0-12";17;20;16;18;16;15;16;"RO";0,5;-1;11
17;2026;"0-12";6;10;5;7;5;10;6;"RO";0,5;-1;11
18;2026;"0-12";7;12;5;9;6;8;10;"RO";0,5;-1;11
19;2026;"0-12";12;26,025;6;16;9;NA;10;"RO";0,5;-1;11
1;2022;"0-12";NA;NA;NA;NA;NA;NA;1;"RR";0,5;1;14
2;2022;"0-12";NA;NA;NA;NA;NA;1;2;"RR";0,5;1;14
3;2022;"0-12";NA;NA;NA;NA;NA;3;1;"RR";0,5;1;14
4;2022;"0-12";NA;NA;NA;NA;NA;2;5;"RR";0,5;1;14
7;2022;"0-12";NA;NA;NA;NA;NA;3;1;"RR";0,5;1;14
8;2022;"0-12";NA;NA;NA;NA;NA;2;3;"RR";0,5;1;14
9;2022;"0-12";NA;NA;NA;NA;NA;3;3;"RR";0,5;1;14
10;2022;"0-12";NA;NA;NA;NA;NA;2;2;"RR";0,5;1;14
11;2022;"0-12";NA;NA;NA;NA;NA;2;1;"RR";0,5;1;14
12;2022;"0-12";NA;NA;NA;NA;NA;3;4;"RR";0,5;1;14
13;2022;"0-12";NA;NA;NA;NA;NA;3;3;"RR";0,5;1;14
15;2022;"0-12";NA;NA;NA;NA;NA;3;2;"RR";0,5;1;14
16;2022;"0-12";NA;NA;NA;NA;NA;3;4;"RR";0,5;1;14
17;2022;"0-12";NA;NA;NA;NA;NA;5;3;"RR";0,5;1;14
18;2022;"0-12";NA;NA;NA;NA;NA;6;8;"RR";0,5;1;14
19;2022;"0-12";NA;NA;NA;NA;NA;6;6;"RR";0,5;1;14
20;2022;"0-12";NA;NA;NA;NA;NA;5;3;"RR";0,5;1;14
21;2022;"0-12";NA;NA;NA;NA;NA;4;7;"RR";0,5;1;14
22;2022;"0-12";NA;NA;NA;NA;NA;6;3;"RR";0,5;1;14
23;2022;"0-12";NA;NA;NA;NA;NA;6;7;"RR";0,5;1;14
24;2022;"0-12";NA;NA;NA;NA;NA;6;7;"RR";0,5;1;14
25;2022;"0-12";NA;NA;NA;NA;NA;5;4;"RR";0,5;1;14
26;2022;"0-12";NA;NA;NA;NA;NA;5;4;"RR";0,5;1;14
27;2022;"0-12";NA;NA;NA;NA;NA;4;6;"RR";0,5;1;14
28;2022;"0-12";NA;NA;NA;NA;NA;6;3;"RR";0,5;1;14
29;2022;"0-12";NA;NA;NA;NA;NA;7;9;"RR";0,5;1;14
30;2022;"0-12";NA;NA;NA;NA;NA;8;9;"RR";0,5;1;14
31;2022;"0-12";NA;NA;NA;NA;NA;8;5;"RR";0,5;1;14
32;2022;"0-12";NA;NA;NA;NA;NA;9;11;"RR";0,5;1;14
33;2022;"0-12";NA;NA;NA;NA;NA;11;10;"RR";0,5;1;14
34;2022;"0-12";NA;NA;NA;NA;NA;10;11;"RR";0,5;1;14
35;2022;"0-12";NA;NA;NA;NA;NA;9;10;"RR";0,5;1;14
36;2022;"0-12";NA;NA;NA;NA;NA;8;7;"RR";0,5;1;14
37;2022;"0-12";NA;NA;NA;NA;NA;9;7;"RR";0,5;1;14
38;2022;"0-12";NA;NA;NA;NA;NA;14;14;"RR";0,5;1;14
39;2022;"0-12";NA;NA;NA;NA;NA;15;20;"RR";0,5;1;14
40;2022;"0-12";NA;NA;NA;NA;NA;13;12;"RR";0,5;1;14
41;2022;"0-12";NA;NA;NA;NA;NA;8;6;"RR";0,5;1;14
42;2022;"0-12";NA;NA;NA;NA;NA;5;5;"RR";0,5;1;14
43;2022;"0-12";NA;NA;NA;NA;NA;5;4;"RR";0,5;1;14
44;2022;"0-12";NA;NA;NA;NA;NA;6;5;"RR";0,5;1;14
45;2022;"0-12";NA;NA;NA;NA;NA;7;9;"RR";0,5;1;14
46;2022;"0-12";NA;NA;NA;NA;NA;8;7;"RR";0,5;1;14
47;2022;"0-12";NA;NA;NA;NA;NA;7;8;"RR";0,5;1;14
48;2022;"0-12";NA;NA;NA;NA;NA;8;7;"RR";0,5;1;14
49;2022;"0-12";NA;NA;NA;NA;NA;8;9;"RR";0,5;1;14
50;2022;"0-12";NA;NA;NA;NA;NA;9;8;"RR";0,5;1;14
51;2022;"0-12";NA;NA;NA;NA;NA;9;9;"RR";0,5;1;14
52;2022;"0-12";NA;NA;NA;NA;NA;8;9;"RR";0,5;1;14
1;2023;"0-12";NA;NA;NA;NA;NA;6;6;"RR";0,5;1;14
2;2023;"0-12";NA;NA;NA;NA;NA;4;4;"RR";0,5;1;14
3;2023;"0-12";NA;NA;NA;NA;NA;3;2;"RR";0,5;1;14
4;2023;"0-12";NA;NA;NA;NA;NA;3;3;"RR";0,5;1;14
5;2023;"0-12";NA;NA;NA;NA;NA;5;4;"RR";0,5;1;14
6;2023;"0-12";NA;NA;NA;NA;NA;5;8;"RR";0,5;1;14
7;2023;"0-12";NA;NA;NA;NA;NA;6;4;"RR";0,5;1;14
8;2023;"0-12";NA;NA;NA;NA;NA;5;6;"RR";0,5;1;14
9;2023;"0-12";NA;NA;NA;NA;NA;5;4;"RR";0,5;1;14
10;2023;"0-12";NA;NA;NA;NA;NA;4;6;"RR";0,5;1;14
11;2023;"0-12";NA;NA;NA;NA;NA;6;3;"RR";0,5;1;14
12;2023;"0-12";NA;NA;NA;NA;NA;6;9;"RR";0,5;1;14
13;2023;"0-12";NA;NA;NA;NA;NA;6;6;"RR";0,5;1;14
14;2023;"0-12";NA;NA;NA;NA;NA;4;3;"RR";0,5;1;14
15;2023;"0-12";NA;NA;NA;NA;NA;2;2;"RR";0,5;1;14
16;2023;"0-12";NA;NA;NA;NA;NA;2;1;"RR";0,5;1;14
17;2023;"0-12";NA;NA;NA;NA;NA;3;4;"RR";0,5;1;14
18;2023;"0-12";NA;NA;NA;NA;NA;6;5;"RR";0,5;1;14
19;2023;"0-12";NA;NA;NA;NA;NA;8;8;"RR";0,5;1;14
20;2023;"0-12";NA;NA;NA;NA;NA;10;10;"RR";0,5;1;14
21;2023;"0-12";NA;NA;NA;NA;NA;14;13;"RR";0,5;1;14
22;2023;"0-12";NA;NA;NA;NA;NA;14;18;"RR";0,5;1;14
23;2023;"0-12";NA;NA;NA;NA;NA;13;10;"RR";0,5;1;14
24;2023;"0-12";NA;NA;NA;NA;NA;12;10;"RR";0,5;1;14
25;2023;"0-12";NA;NA;NA;NA;NA;11;15;"RR";0,5;1;14
26;2023;"0-12";NA;NA;NA;NA;NA;10;7;"RR";0,5;1;14
27;2023;"0-12";NA;NA;NA;NA;NA;6;8;"RR";0,5;1;14
28;2023;"0-12";NA;NA;NA;NA;NA;6;3;"RR";0,5;1;14
29;2023;"0-12";NA;NA;NA;NA;NA;6;7;"RR";0,5;1;14
30;2023;"0-12";NA;NA;NA;NA;NA;10;9;"RR";0,5;1;14
31;2023;"0-12";NA;NA;NA;NA;NA;13;14;"RR";0,5;1;14
32;2023;"0-12";NA;NA;NA;NA;NA;18;16;"RR";0,5;1;14
33;2023;"0-12";NA;NA;NA;NA;NA;20;23;"RR";0,5;1;14
34;2023;"0-12";NA;NA;NA;NA;NA;22;20;"RR";0,5;1;14
35;2023;"0-12";NA;NA;NA;NA;NA;22;22;"RR";0,5;1;14
36;2023;"0-12";NA;NA;NA;NA;NA;20;23;"RR";0,5;1;14
37;2023;"0-12";NA;NA;NA;NA;NA;19;14;"RR";0,5;1;14
38;2023;"0-12";NA;NA;NA;NA;NA;16;19;"RR";0,5;1;14
39;2023;"0-12";NA;NA;NA;NA;NA;14;15;"RR";0,5;1;14
40;2023;"0-12";NA;NA;NA;NA;NA;12;9;"RR";0,5;1;14
41;2023;"0-12";NA;NA;NA;NA;NA;9;13;"RR";0,5;1;14
42;2023;"0-12";NA;NA;NA;NA;NA;7;5;"RR";0,5;1;14
43;2023;"0-12";NA;NA;NA;NA;NA;5;2;"RR";0,5;1;14
44;2023;"0-12";NA;NA;NA;NA;NA;6;7;"RR";0,5;1;14
45;2023;"0-12";NA;NA;NA;NA;NA;8;10;"RR";0,5;1;14
46;2023;"0-12";NA;NA;NA;NA;NA;9;8;"RR";0,5;1;14
47;2023;"0-12";NA;NA;NA;NA;NA;10;10;"RR";0,5;1;14
48;2023;"0-12";NA;NA;NA;NA;NA;11;11;"RR";0,5;1;14
49;2023;"0-12";NA;NA;NA;NA;NA;11;11;"RR";0,5;1;14
50;2023;"0-12";NA;NA;NA;NA;NA;11;11;"RR";0,5;1;14
51;2023;"0-12";NA;NA;NA;NA;NA;11;10;"RR";0,5;1;14
52;2023;"0-12";NA;NA;NA;NA;NA;11;12;"RR";0,5;1;14
1;2024;"0-12";NA;NA;NA;NA;NA;10;10;"RR";0,5;1;14
2;2024;"0-12";NA;NA;NA;NA;NA;8;7;"RR";0,5;1;14
3;2024;"0-12";NA;NA;NA;NA;NA;7;8;"RR";0,5;1;14
4;2024;"0-12";NA;NA;NA;NA;NA;6;5;"RR";0,5;1;14
5;2024;"0-12";NA;NA;NA;NA;NA;5;6;"RR";0,5;1;14
6;2024;"0-12";NA;NA;NA;NA;NA;8;4;"RR";0,5;1;14
7;2024;"0-12";NA;NA;NA;NA;NA;10;13;"RR";0,5;1;14
8;2024;"0-12";NA;NA;NA;NA;NA;13;13;"RR";0,5;1;14
9;2024;"0-12";NA;NA;NA;NA;NA;12;13;"RR";0,5;1;14
10;2024;"0-12";NA;NA;NA;NA;NA;11;11;"RR";0,5;1;14
11;2024;"0-12";NA;NA;NA;NA;NA;11;10;"RR";0,5;1;14
12;2024;"0-12";NA;NA;NA;NA;NA;9;11;"RR";0,5;1;14
13;2024;"0-12";NA;NA;NA;NA;NA;8;7;"RR";0,5;1;14
14;2024;"0-12";NA;NA;NA;NA;NA;7;7;"RR";0,5;1;14
15;2024;"0-12";NA;NA;NA;NA;NA;6;6;"RR";0,5;1;14
16;2024;"0-12";NA;NA;NA;NA;NA;5;4;"RR";0,5;1;14
17;2024;"0-12";NA;NA;NA;NA;NA;5;5;"RR";0,5;1;14
18;2024;"0-12";NA;NA;NA;NA;NA;7;7;"RR";0,5;1;14
19;2024;"0-12";NA;NA;NA;NA;NA;8;9;"RR";0,5;1;14
20;2024;"0-12";NA;NA;NA;NA;NA;9;7;"RR";0,5;1;14
21;2024;"0-12";NA;NA;NA;NA;NA;12;11;"RR";0,5;1;14
22;2024;"0-12";NA;NA;NA;NA;NA;14;17;"RR";0,5;1;14
23;2024;"0-12";NA;NA;NA;NA;NA;22;15;"RR";0,5;1;14
24;2024;"0-12";NA;NA;NA;NA;NA;25;35;"RR";0,5;1;14
25;2024;"0-12";NA;NA;NA;NA;NA;30;26;"RR";0,5;1;14
26;2024;"0-12";NA;NA;NA;NA;NA;31;30;"RR";0,5;1;14
27;2024;"0-12";NA;NA;NA;NA;NA;32;36;"RR";0,5;1;14
28;2024;"0-12";NA;NA;NA;NA;NA;31;29;"RR";0,5;1;14
29;2024;"0-12";NA;NA;NA;NA;NA;25;28;"RR";0,5;1;14
30;2024;"0-12";NA;NA;NA;NA;NA;27;19;"RR";0,5;1;14
31;2024;"0-12";NA;NA;NA;NA;NA;28;34;"RR";0,5;1;14
32;2024;"0-12";NA;NA;NA;NA;NA;31;32;"RR";0,5;1;14
33;2024;"0-12";NA;NA;NA;NA;NA;30;28;"RR";0,5;1;14
34;2024;"0-12";NA;NA;NA;NA;NA;26;30;"RR";0,5;1;14
35;2024;"0-12";NA;NA;NA;NA;NA;29;21;"RR";0,5;1;14
36;2024;"0-12";NA;NA;NA;NA;NA;25;37;"RR";0,5;1;14
37;2024;"0-12";NA;NA;NA;NA;NA;25;18;"RR";0,5;1;14
38;2024;"0-12";NA;NA;NA;NA;NA;19;19;"RR";0,5;1;14
39;2024;"0-12";NA;NA;NA;NA;NA;21;20;"RR";0,5;1;14
40;2024;"0-12";NA;NA;NA;NA;NA;19;23;"RR";0,5;1;14
41;2024;"0-12";NA;NA;NA;NA;NA;18;15;"RR";0,5;1;14
42;2024;"0-12";NA;NA;NA;NA;NA;15;17;"RR";0,5;1;14
43;2024;"0-12";NA;NA;NA;NA;NA;16;13;"RR";0,5;1;14
44;2024;"0-12";NA;NA;NA;NA;NA;17;18;"RR";0,5;1;14
45;2024;"0-12";NA;NA;NA;NA;NA;20;20;"RR";0,5;1;14
46;2024;"0-12";NA;NA;NA;NA;NA;19;22;"RR";0,5;1;14
47;2024;"0-12";NA;NA;NA;NA;NA;17;14;"RR";0,5;1;14
48;2024;"0-12";NA;NA;NA;NA;NA;12;14;"RR";0,5;1;14
49;2024;"0-12";NA;NA;NA;NA;NA;12;7;"RR";0,5;1;14
50;2024;"0-12";NA;NA;NA;NA;NA;10;16;"RR";0,5;1;14
51;2024;"0-12";NA;NA;NA;NA;NA;11;6;"RR";0,5;1;14
52;2024;"0-12";NA;NA;NA;NA;NA;10;12;"RR";0,5;1;14
1;2025;"0-12";NA;NA;NA;NA;NA;13;11;"RR";0,5;1;14
2;2025;"0-12";NA;NA;NA;NA;NA;13;15;"RR";0,5;1;14
3;2025;"0-12";NA;NA;NA;NA;NA;14;14;"RR";0,5;1;14
4;2025;"0-12";NA;NA;NA;NA;NA;11;13;"RR";0,5;1;14
5;2025;"0-12";NA;NA;NA;NA;NA;9;6;"RR";0,5;1;14
6;2025;"0-12";NA;NA;NA;NA;NA;8;7;"RR";0,5;1;14
7;2025;"0-12";NA;NA;NA;NA;NA;10;10;"RR";0,5;1;14
8;2025;"0-12";NA;NA;NA;NA;NA;12;13;"RR";0,5;1;14
9;2025;"0-12";NA;NA;NA;NA;NA;17;14;"RR";0,5;1;14
10;2025;"0-12";NA;NA;NA;NA;NA;20;25;"RR";0,5;1;14
11;2025;"0-12";NA;NA;NA;NA;NA;21;21;"RR";0,5;1;14
12;2025;"0-12";NA;NA;NA;NA;NA;20;18;"RR";0,5;1;14
13;2025;"0-12";NA;NA;NA;NA;NA;17;20;"RR";0,5;1;14
14;2025;"0-12";NA;NA;NA;NA;NA;15;13;"RR";0,5;1;14
15;2025;"0-12";NA;NA;NA;NA;NA;13;12;"RR";0,5;1;14
16;2025;"0-12";NA;NA;NA;NA;NA;16;14;"RR";0,5;1;14
17;2025;"0-12";NA;NA;NA;NA;NA;19;22;"RR";0,5;1;14
18;2025;"0-12";NA;NA;NA;NA;NA;20;21;"RR";0,5;1;14
19;2025;"0-12";NA;NA;NA;NA;NA;23;17;"RR";0,5;1;14
20;2025;"0-12";NA;NA;NA;NA;NA;26;30;"RR";0,5;1;14
21;2025;"0-12";NA;NA;NA;NA;NA;33;30;"RR";0,5;1;14
22;2025;"0-12";NA;NA;NA;NA;NA;39;39;"RR";0,5;1;14
23;2025;"0-12";NA;NA;NA;NA;NA;43;47;"RR";0,5;1;14
24;2025;"0-12";NA;NA;NA;NA;NA;45;43;"RR";0,5;1;14
25;2025;"0-12";NA;NA;NA;NA;NA;44;44;"RR";0,5;1;14
26;2025;"0-12";NA;NA;NA;NA;NA;42;45;"RR";0,5;1;14
27;2025;"0-12";NA;NA;NA;NA;NA;42;37;"RR";0,5;1;14
28;2025;"0-12";NA;NA;NA;NA;NA;39;44;"RR";0,5;1;14
29;2025;"0-12";NA;NA;NA;NA;NA;37;37;"RR";0,5;1;14
30;2025;"0-12";NA;NA;NA;NA;NA;34;30;"RR";0,5;1;14
31;2025;"0-12";NA;NA;NA;NA;NA;32;36;"RR";0,5;1;14
32;2025;"0-12";NA;NA;NA;NA;NA;35;30;"RR";0,5;1;14
33;2025;"0-12";NA;NA;NA;NA;NA;35;38;"RR";0,5;1;14
34;2025;"0-12";NA;NA;NA;NA;NA;34;36;"RR";0,5;1;14
35;2025;"0-12";NA;NA;NA;NA;NA;31;27;"RR";0,5;1;14
36;2025;"0-12";NA;NA;NA;NA;NA;26;29;"RR";0,5;1;14
37;2025;"0-12";NA;NA;NA;NA;NA;27;23;"RR";0,5;1;14
38;2025;"0-12";NA;NA;NA;NA;NA;29;30;"RR";0,5;1;14
39;2025;"0-12";NA;NA;NA;NA;NA;32;33;"RR";0,5;1;14
40;2025;"0-12";NA;NA;NA;NA;NA;30;34;"RR";0,5;1;14
41;2025;"0-12";NA;NA;NA;NA;NA;28;24;"RR";0,5;1;14
42;2025;"0-12";NA;NA;NA;NA;NA;23;25;"RR";0,5;1;14
43;2025;"0-12";NA;NA;NA;NA;NA;23;20;"RR";0,5;1;14
44;2025;"0-12";NA;NA;NA;NA;NA;20;23;"RR";0,5;1;14
45;2025;"0-12";NA;NA;NA;NA;NA;23;18;"RR";0,5;1;14
46;2025;"0-12";NA;NA;NA;NA;NA;24;29;"RR";0,5;1;14
47;2025;"0-12";NA;NA;NA;NA;NA;24;26;"RR";0,5;1;14
48;2025;"0-12";NA;NA;NA;NA;NA;22;18;"RR";0,5;1;14
49;2025;"0-12";NA;NA;NA;NA;NA;19;21;"RR";0,5;1;14
50;2025;"0-12";NA;NA;NA;NA;NA;22;19;"RR";0,5;1;14
51;2025;"0-12";NA;NA;NA;NA;NA;19;25;"RR";0,5;1;14
52;2025;"0-12";NA;NA;NA;NA;NA;19;13;"RR";0,5;1;14
53;2025;"0-12";NA;NA;NA;NA;NA;17;19;"RR";0,5;1;14
1;2026;"0-12";NA;NA;NA;NA;NA;19;20;"RR";0,5;1;14
2;2026;"0-12";NA;NA;NA;NA;NA;19;19;"RR";0,5;1;14
3;2026;"0-12";NA;NA;NA;NA;NA;18;19;"RR";0,5;1;14
4;2026;"0-12";NA;NA;NA;NA;NA;21;16;"RR";0,5;1;14
5;2026;"0-12";NA;NA;NA;NA;NA;24;28;"RR";0,5;1;14
6;2026;"0-12";NA;NA;NA;NA;NA;27;27;"RR";0,5;1;14
7;2026;"0-12";NA;NA;NA;NA;NA;27;27;"RR";0,5;1;14
8;2026;"0-12";NA;NA;NA;NA;NA;28;28;"RR";0,5;1;14
9;2026;"0-12";NA;NA;NA;NA;NA;28;30;"RR";0,5;1;14
10;2026;"0-12";NA;NA;NA;NA;NA;28;27;"RR";0,5;1;14
11;2026;"0-12";NA;NA;NA;NA;NA;24;26;"RR";0,5;1;14
12;2026;"0-12";NA;NA;NA;NA;NA;22;20;"RR";0,5;1;14
13;2026;"0-12";NA;NA;NA;NA;NA;19;19;"RR";0,5;1;14
14;2026;"0-12";NA;NA;NA;NA;NA;17;18;"RR";0,5;1;14
15;2026;"0-12";14;15;14;14;14;17;15;"RR";0,5;1;14
16;2026;"0-12";18;20;18;18;18;16;18;"RR";0,5;1;14
17;2026;"0-12";17;20;17;18;17;18;17;"RR";0,5;1;14
18;2026;"0-12";19;26;17;21;18;21;18;"RR";0,5;1;14
19;2026;"0-12";27;59;15,975;33;22;NA;20;"RR";0,5;1;14
1;2022;"0-12";NA;NA;NA;NA;NA;NA;59;"RS";0,5;1;43
2;2022;"0-12";NA;NA;NA;NA;NA;65;66;"RS";0,5;1;43
3;2022;"0-12";NA;NA;NA;NA;NA;57;69;"RS";0,5;1;43
4;2022;"0-12";NA;NA;NA;NA;NA;47;36;"RS";0,5;1;43
5;2022;"0-12";NA;NA;NA;NA;NA;35;36;"RS";0,5;1;43
6;2022;"0-12";NA;NA;NA;NA;NA;31;33;"RS";0,5;1;43
7;2022;"0-12";NA;NA;NA;NA;NA;30;25;"RS";0,5;1;43
8;2022;"0-12";NA;NA;NA;NA;NA;32;31;"RS";0,5;1;43
9;2022;"0-12";NA;NA;NA;NA;NA;41;41;"RS";0,5;1;43
10;2022;"0-12";NA;NA;NA;NA;NA;51;50;"RS";0,5;1;43
11;2022;"0-12";NA;NA;NA;NA;NA;64;62;"RS";0,5;1;43
12;2022;"0-12";NA;NA;NA;NA;NA;75;80;"RS";0,5;1;43
13;2022;"0-12";NA;NA;NA;NA;NA;80;82;"RS";0,5;1;43
14;2022;"0-12";NA;NA;NA;NA;NA;84;79;"RS";0,5;1;43
15;2022;"0-12";NA;NA;NA;NA;NA;86;90;"RS";0,5;1;43
16;2022;"0-12";NA;NA;NA;NA;NA;86;90;"RS";0,5;1;43
17;2022;"0-12";NA;NA;NA;NA;NA;82;79;"RS";0,5;1;43
18;2022;"0-12";NA;NA;NA;NA;NA;80;77;"RS";0,5;1;43
19;2022;"0-12";NA;NA;NA;NA;NA;87;84;"RS";0,5;1;43
20;2022;"0-12";NA;NA;NA;NA;NA;96;101;"RS";0,5;1;43
21;2022;"0-12";NA;NA;NA;NA;NA;108;103;"RS";0,5;1;43
22;2022;"0-12";NA;NA;NA;NA;NA;119;121;"RS";0,5;1;43
23;2022;"0-12";NA;NA;NA;NA;NA;123;134;"RS";0,5;1;43
24;2022;"0-12";NA;NA;NA;NA;NA;126;114;"RS";0,5;1;43
25;2022;"0-12";NA;NA;NA;NA;NA;136;130;"RS";0,5;1;43
26;2022;"0-12";NA;NA;NA;NA;NA;144;164;"RS";0,5;1;43
27;2022;"0-12";NA;NA;NA;NA;NA;146;137;"RS";0,5;1;43
28;2022;"0-12";NA;NA;NA;NA;NA;137;138;"RS";0,5;1;43
29;2022;"0-12";NA;NA;NA;NA;NA;127;135;"RS";0,5;1;43
30;2022;"0-12";NA;NA;NA;NA;NA;106;107;"RS";0,5;1;43
31;2022;"0-12";NA;NA;NA;NA;NA;91;75;"RS";0,5;1;43
32;2022;"0-12";NA;NA;NA;NA;NA;83;92;"RS";0,5;1;43
33;2022;"0-12";NA;NA;NA;NA;NA;81;82;"RS";0,5;1;43
34;2022;"0-12";NA;NA;NA;NA;NA;73;68;"RS";0,5;1;43
35;2022;"0-12";NA;NA;NA;NA;NA;70;70;"RS";0,5;1;43
36;2022;"0-12";NA;NA;NA;NA;NA;68;71;"RS";0,5;1;43
37;2022;"0-12";NA;NA;NA;NA;NA;62;62;"RS";0,5;1;43
38;2022;"0-12";NA;NA;NA;NA;NA;59;52;"RS";0,5;1;43
39;2022;"0-12";NA;NA;NA;NA;NA;58;63;"RS";0,5;1;43
40;2022;"0-12";NA;NA;NA;NA;NA;63;58;"RS";0,5;1;43
41;2022;"0-12";NA;NA;NA;NA;NA;62;68;"RS";0,5;1;43
42;2022;"0-12";NA;NA;NA;NA;NA;59;60;"RS";0,5;1;43
43;2022;"0-12";NA;NA;NA;NA;NA;54;49;"RS";0,5;1;43
44;2022;"0-12";NA;NA;NA;NA;NA;52;52;"RS";0,5;1;43
45;2022;"0-12";NA;NA;NA;NA;NA;48;55;"RS";0,5;1;43
46;2022;"0-12";NA;NA;NA;NA;NA;51;37;"RS";0,5;1;43
47;2022;"0-12";NA;NA;NA;NA;NA;49;62;"RS";0,5;1;43
48;2022;"0-12";NA;NA;NA;NA;NA;52;47;"RS";0,5;1;43
49;2022;"0-12";NA;NA;NA;NA;NA;45;47;"RS";0,5;1;43
50;2022;"0-12";NA;NA;NA;NA;NA;44;41;"RS";0,5;1;43
51;2022;"0-12";NA;NA;NA;NA;NA;41;45;"RS";0,5;1;43
52;2022;"0-12";NA;NA;NA;NA;NA;41;38;"RS";0,5;1;43
1;2023;"0-12";NA;NA;NA;NA;NA;32;39;"RS";0,5;1;43
2;2023;"0-12";NA;NA;NA;NA;NA;29;18;"RS";0,5;1;43
3;2023;"0-12";NA;NA;NA;NA;NA;24;31;"RS";0,5;1;43
4;2023;"0-12";NA;NA;NA;NA;NA;24;22;"RS";0,5;1;43
5;2023;"0-12";NA;NA;NA;NA;NA;20;19;"RS";0,5;1;43
6;2023;"0-12";NA;NA;NA;NA;NA;21;20;"RS";0,5;1;43
7;2023;"0-12";NA;NA;NA;NA;NA;24;23;"RS";0,5;1;43
8;2023;"0-12";NA;NA;NA;NA;NA;43;28;"RS";0,5;1;43
9;2023;"0-12";NA;NA;NA;NA;NA;57;77;"RS";0,5;1;43
10;2023;"0-12";NA;NA;NA;NA;NA;69;67;"RS";0,5;1;43
11;2023;"0-12";NA;NA;NA;NA;NA;68;62;"RS";0,5;1;43
12;2023;"0-12";NA;NA;NA;NA;NA;80;75;"RS";0,5;1;43
13;2023;"0-12";NA;NA;NA;NA;NA;95;103;"RS";0,5;1;43
14;2023;"0-12";NA;NA;NA;NA;NA;116;108;"RS";0,5;1;43
15;2023;"0-12";NA;NA;NA;NA;NA;135;136;"RS";0,5;1;43
16;2023;"0-12";NA;NA;NA;NA;NA;156;162;"RS";0,5;1;43
17;2023;"0-12";NA;NA;NA;NA;NA;175;170;"RS";0,5;1;43
18;2023;"0-12";NA;NA;NA;NA;NA;182;193;"RS";0,5;1;43
19;2023;"0-12";NA;NA;NA;NA;NA;198;184;"RS";0,5;1;43
20;2023;"0-12";NA;NA;NA;NA;NA;204;217;"RS";0,5;1;43
21;2023;"0-12";NA;NA;NA;NA;NA;198;210;"RS";0,5;1;43
22;2023;"0-12";NA;NA;NA;NA;NA;193;166;"RS";0,5;1;43
23;2023;"0-12";NA;NA;NA;NA;NA;180;204;"RS";0,5;1;43
24;2023;"0-12";NA;NA;NA;NA;NA;188;169;"RS";0,5;1;43
25;2023;"0-12";NA;NA;NA;NA;NA;181;192;"RS";0,5;1;43
26;2023;"0-12";NA;NA;NA;NA;NA;185;182;"RS";0,5;1;43
27;2023;"0-12";NA;NA;NA;NA;NA;182;180;"RS";0,5;1;43
28;2023;"0-12";NA;NA;NA;NA;NA;173;185;"RS";0,5;1;43
29;2023;"0-12";NA;NA;NA;NA;NA;159;153;"RS";0,5;1;43
30;2023;"0-12";NA;NA;NA;NA;NA;145;140;"RS";0,5;1;43
31;2023;"0-12";NA;NA;NA;NA;NA;137;143;"RS";0,5;1;43
32;2023;"0-12";NA;NA;NA;NA;NA;138;128;"RS";0,5;1;43
33;2023;"0-12";NA;NA;NA;NA;NA;129;143;"RS";0,5;1;43
34;2023;"0-12";NA;NA;NA;NA;NA;117;116;"RS";0,5;1;43
35;2023;"0-12";NA;NA;NA;NA;NA;101;92;"RS";0,5;1;43
36;2023;"0-12";NA;NA;NA;NA;NA;85;94;"RS";0,5;1;43
37;2023;"0-12";NA;NA;NA;NA;NA;89;70;"RS";0,5;1;43
38;2023;"0-12";NA;NA;NA;NA;NA;83;103;"RS";0,5;1;43
39;2023;"0-12";NA;NA;NA;NA;NA;87;76;"RS";0,5;1;43
40;2023;"0-12";NA;NA;NA;NA;NA;79;82;"RS";0,5;1;43
41;2023;"0-12";NA;NA;NA;NA;NA;87;79;"RS";0,5;1;43
42;2023;"0-12";NA;NA;NA;NA;NA;86;100;"RS";0,5;1;43
43;2023;"0-12";NA;NA;NA;NA;NA;86;80;"RS";0,5;1;43
44;2023;"0-12";NA;NA;NA;NA;NA;80;78;"RS";0,5;1;43
45;2023;"0-12";NA;NA;NA;NA;NA;73;82;"RS";0,5;1;43
46;2023;"0-12";NA;NA;NA;NA;NA;67;60;"RS";0,5;1;43
47;2023;"0-12";NA;NA;NA;NA;NA;60;59;"RS";0,5;1;43
48;2023;"0-12";NA;NA;NA;NA;NA;62;62;"RS";0,5;1;43
49;2023;"0-12";NA;NA;NA;NA;NA;67;66;"RS";0,5;1;43
50;2023;"0-12";NA;NA;NA;NA;NA;60;72;"RS";0,5;1;43
51;2023;"0-12";NA;NA;NA;NA;NA;54;42;"RS";0,5;1;43
52;2023;"0-12";NA;NA;NA;NA;NA;41;48;"RS";0,5;1;43
1;2024;"0-12";NA;NA;NA;NA;NA;35;33;"RS";0,5;1;43
2;2024;"0-12";NA;NA;NA;NA;NA;27;25;"RS";0,5;1;43
3;2024;"0-12";NA;NA;NA;NA;NA;24;24;"RS";0,5;1;43
4;2024;"0-12";NA;NA;NA;NA;NA;22;22;"RS";0,5;1;43
5;2024;"0-12";NA;NA;NA;NA;NA;19;20;"RS";0,5;1;43
6;2024;"0-12";NA;NA;NA;NA;NA;19;16;"RS";0,5;1;43
7;2024;"0-12";NA;NA;NA;NA;NA;23;22;"RS";0,5;1;43
8;2024;"0-12";NA;NA;NA;NA;NA;39;31;"RS";0,5;1;43
9;2024;"0-12";NA;NA;NA;NA;NA;54;63;"RS";0,5;1;43
10;2024;"0-12";NA;NA;NA;NA;NA;75;69;"RS";0,5;1;43
11;2024;"0-12";NA;NA;NA;NA;NA;88;94;"RS";0,5;1;43
12;2024;"0-12";NA;NA;NA;NA;NA;99;102;"RS";0,5;1;43
13;2024;"0-12";NA;NA;NA;NA;NA;115;102;"RS";0,5;1;43
14;2024;"0-12";NA;NA;NA;NA;NA;141;142;"RS";0,5;1;43
15;2024;"0-12";NA;NA;NA;NA;NA;174;180;"RS";0,5;1;43
16;2024;"0-12";NA;NA;NA;NA;NA;195;200;"RS";0,5;1;43
17;2024;"0-12";NA;NA;NA;NA;NA;197;206;"RS";0,5;1;43
18;2024;"0-12";NA;NA;NA;NA;NA;179;185;"RS";0,5;1;43
19;2024;"0-12";NA;NA;NA;NA;NA;167;146;"RS";0,5;1;43
20;2024;"0-12";NA;NA;NA;NA;NA;159;169;"RS";0,5;1;43
21;2024;"0-12";NA;NA;NA;NA;NA;165;163;"RS";0,5;1;43
22;2024;"0-12";NA;NA;NA;NA;NA;185;163;"RS";0,5;1;43
23;2024;"0-12";NA;NA;NA;NA;NA;196;229;"RS";0,5;1;43
24;2024;"0-12";NA;NA;NA;NA;NA;206;195;"RS";0,5;1;43
25;2024;"0-12";NA;NA;NA;NA;NA;189;195;"RS";0,5;1;43
26;2024;"0-12";NA;NA;NA;NA;NA;191;178;"RS";0,5;1;43
27;2024;"0-12";NA;NA;NA;NA;NA;174;201;"RS";0,5;1;43
28;2024;"0-12";NA;NA;NA;NA;NA;166;142;"RS";0,5;1;43
29;2024;"0-12";NA;NA;NA;NA;NA;163;155;"RS";0,5;1;43
30;2024;"0-12";NA;NA;NA;NA;NA;171;193;"RS";0,5;1;43
31;2024;"0-12";NA;NA;NA;NA;NA;162;165;"RS";0,5;1;43
32;2024;"0-12";NA;NA;NA;NA;NA;144;127;"RS";0,5;1;43
33;2024;"0-12";NA;NA;NA;NA;NA;136;139;"RS";0,5;1;43
34;2024;"0-12";NA;NA;NA;NA;NA;141;143;"RS";0,5;1;43
35;2024;"0-12";NA;NA;NA;NA;NA;145;142;"RS";0,5;1;43
36;2024;"0-12";NA;NA;NA;NA;NA;142;150;"RS";0,5;1;43
37;2024;"0-12";NA;NA;NA;NA;NA;138;133;"RS";0,5;1;43
38;2024;"0-12";NA;NA;NA;NA;NA;128;130;"RS";0,5;1;43
39;2024;"0-12";NA;NA;NA;NA;NA;121;120;"RS";0,5;1;43
40;2024;"0-12";NA;NA;NA;NA;NA;115;112;"RS";0,5;1;43
41;2024;"0-12";NA;NA;NA;NA;NA;112;113;"RS";0,5;1;43
42;2024;"0-12";NA;NA;NA;NA;NA;101;112;"RS";0,5;1;43
43;2024;"0-12";NA;NA;NA;NA;NA;89;78;"RS";0,5;1;43
44;2024;"0-12";NA;NA;NA;NA;NA;76;78;"RS";0,5;1;43
45;2024;"0-12";NA;NA;NA;NA;NA;76;72;"RS";0,5;1;43
46;2024;"0-12";NA;NA;NA;NA;NA;69;79;"RS";0,5;1;43
47;2024;"0-12";NA;NA;NA;NA;NA;63;55;"RS";0,5;1;43
48;2024;"0-12";NA;NA;NA;NA;NA;55;55;"RS";0,5;1;43
49;2024;"0-12";NA;NA;NA;NA;NA;61;55;"RS";0,5;1;43
50;2024;"0-12";NA;NA;NA;NA;NA;61;73;"RS";0,5;1;43
51;2024;"0-12";NA;NA;NA;NA;NA;58;55;"RS";0,5;1;43
52;2024;"0-12";NA;NA;NA;NA;NA;45;46;"RS";0,5;1;43
1;2025;"0-12";NA;NA;NA;NA;NA;35;35;"RS";0,5;1;43
2;2025;"0-12";NA;NA;NA;NA;NA;29;25;"RS";0,5;1;43
3;2025;"0-12";NA;NA;NA;NA;NA;24;27;"RS";0,5;1;43
4;2025;"0-12";NA;NA;NA;NA;NA;23;21;"RS";0,5;1;43
5;2025;"0-12";NA;NA;NA;NA;NA;19;21;"RS";0,5;1;43
6;2025;"0-12";NA;NA;NA;NA;NA;20;16;"RS";0,5;1;43
7;2025;"0-12";NA;NA;NA;NA;NA;22;22;"RS";0,5;1;43
8;2025;"0-12";NA;NA;NA;NA;NA;30;28;"RS";0,5;1;43
9;2025;"0-12";NA;NA;NA;NA;NA;38;41;"RS";0,5;1;43
10;2025;"0-12";NA;NA;NA;NA;NA;48;45;"RS";0,5;1;43
11;2025;"0-12";NA;NA;NA;NA;NA;53;59;"RS";0,5;1;43
12;2025;"0-12";NA;NA;NA;NA;NA;61;56;"RS";0,5;1;43
13;2025;"0-12";NA;NA;NA;NA;NA;69;69;"RS";0,5;1;43
14;2025;"0-12";NA;NA;NA;NA;NA;81;83;"RS";0,5;1;43
15;2025;"0-12";NA;NA;NA;NA;NA;102;90;"RS";0,5;1;43
16;2025;"0-12";NA;NA;NA;NA;NA;119;134;"RS";0,5;1;43
17;2025;"0-12";NA;NA;NA;NA;NA;141;133;"RS";0,5;1;43
18;2025;"0-12";NA;NA;NA;NA;NA;181;156;"RS";0,5;1;43
19;2025;"0-12";NA;NA;NA;NA;NA;227;254;"RS";0,5;1;43
20;2025;"0-12";NA;NA;NA;NA;NA;278;272;"RS";0,5;1;43
21;2025;"0-12";NA;NA;NA;NA;NA;301;309;"RS";0,5;1;43
22;2025;"0-12";NA;NA;NA;NA;NA;336;323;"RS";0,5;1;43
23;2025;"0-12";NA;NA;NA;NA;NA;371;375;"RS";0,5;1;43
24;2025;"0-12";NA;NA;NA;NA;NA;365;415;"RS";0,5;1;43
25;2025;"0-12";NA;NA;NA;NA;NA;339;305;"RS";0,5;1;43
26;2025;"0-12";NA;NA;NA;NA;NA;299;297;"RS";0,5;1;43
27;2025;"0-12";NA;NA;NA;NA;NA;307;295;"RS";0,5;1;43
28;2025;"0-12";NA;NA;NA;NA;NA;308;329;"RS";0,5;1;43
29;2025;"0-12";NA;NA;NA;NA;NA;300;300;"RS";0,5;1;43
30;2025;"0-12";NA;NA;NA;NA;NA;268;272;"RS";0,5;1;43
31;2025;"0-12";NA;NA;NA;NA;NA;223;233;"RS";0,5;1;43
32;2025;"0-12";NA;NA;NA;NA;NA;192;164;"RS";0,5;1;43
33;2025;"0-12";NA;NA;NA;NA;NA;181;178;"RS";0,5;1;43
34;2025;"0-12";NA;NA;NA;NA;NA;181;202;"RS";0,5;1;43
35;2025;"0-12";NA;NA;NA;NA;NA;177;163;"RS";0,5;1;43
36;2025;"0-12";NA;NA;NA;NA;NA;166;166;"RS";0,5;1;43
37;2025;"0-12";NA;NA;NA;NA;NA;166;169;"RS";0,5;1;43
38;2025;"0-12";NA;NA;NA;NA;NA;163;163;"RS";0,5;1;43
39;2025;"0-12";NA;NA;NA;NA;NA;156;158;"RS";0,5;1;43
40;2025;"0-12";NA;NA;NA;NA;NA;150;146;"RS";0,5;1;43
41;2025;"0-12";NA;NA;NA;NA;NA;153;147;"RS";0,5;1;43
42;2025;"0-12";NA;NA;NA;NA;NA;153;167;"RS";0,5;1;43
43;2025;"0-12";NA;NA;NA;NA;NA;151;144;"RS";0,5;1;43
44;2025;"0-12";NA;NA;NA;NA;NA;127;141;"RS";0,5;1;43
45;2025;"0-12";NA;NA;NA;NA;NA;115;95;"RS";0,5;1;43
46;2025;"0-12";NA;NA;NA;NA;NA;109;109;"RS";0,5;1;43
47;2025;"0-12";NA;NA;NA;NA;NA;108;122;"RS";0,5;1;43
48;2025;"0-12";NA;NA;NA;NA;NA;101;94;"RS";0,5;1;43
49;2025;"0-12";NA;NA;NA;NA;NA;80;88;"RS";0,5;1;43
50;2025;"0-12";NA;NA;NA;NA;NA;70;58;"RS";0,5;1;43
51;2025;"0-12";NA;NA;NA;NA;NA;56;63;"RS";0,5;1;43
52;2025;"0-12";NA;NA;NA;NA;NA;48;48;"RS";0,5;1;43
53;2025;"0-12";NA;NA;NA;NA;NA;35;33;"RS";0,5;1;43
1;2026;"0-12";NA;NA;NA;NA;NA;25;23;"RS";0,5;1;43
2;2026;"0-12";NA;NA;NA;NA;NA;23;18;"RS";0,5;1;43
3;2026;"0-12";NA;NA;NA;NA;NA;22;29;"RS";0,5;1;43
4;2026;"0-12";NA;NA;NA;NA;NA;25;19;"RS";0,5;1;43
5;2026;"0-12";NA;NA;NA;NA;NA;22;27;"RS";0,5;1;43
6;2026;"0-12";NA;NA;NA;NA;NA;24;21;"RS";0,5;1;43
7;2026;"0-12";NA;NA;NA;NA;NA;30;25;"RS";0,5;1;43
8;2026;"0-12";NA;NA;NA;NA;NA;47;45;"RS";0,5;1;43
9;2026;"0-12";72;73;72;72;72;65;72;"RS";0,5;1;43
10;2026;"0-12";77;78;77;77;77;73;80;"RS";0,5;1;43
11;2026;"0-12";70;72;70;71;70;68;71;"RS";0,5;1;43
12;2026;"0-12";57;60;57;58;57;70;57;"RS";0,5;1;43
13;2026;"0-12";84;86;83;84;83;73;83;"RS";0,5;1;43
14;2026;"0-12";78;81;77;79;77;88;78;"RS";0,5;1;43
15;2026;"0-12";102;107;100;104;101;98;100;"RS";0,5;1;43
16;2026;"0-12";114;121;110;116;112;118;109;"RS";0,5;1;43
17;2026;"0-12";139;150;131;142;136;132;129;"RS";0,5;1;43
18;2026;"0-12";144;178;125;154;137;146;116;"RS";0,5;1;43
19;2026;"0-12";154;277,025;90;187;126;NA;122;"RS";0,5;1;43
1;2022;"0-12";NA;NA;NA;NA;NA;NA;62;"SC";0;1;42
2;2022;"0-12";NA;NA;NA;NA;NA;50;48;"SC";0;1;42
3;2022;"0-12";NA;NA;NA;NA;NA;41;40;"SC";0;1;42
4;2022;"0-12";NA;NA;NA;NA;NA;33;36;"SC";0;1;42
5;2022;"0-12";NA;NA;NA;NA;NA;28;23;"SC";0;1;42
6;2022;"0-12";NA;NA;NA;NA;NA;30;25;"SC";0;1;42
7;2022;"0-12";NA;NA;NA;NA;NA;38;42;"SC";0;1;42
8;2022;"0-12";NA;NA;NA;NA;NA;50;48;"SC";0;1;42
9;2022;"0-12";NA;NA;NA;NA;NA;55;59;"SC";0;1;42
10;2022;"0-12";NA;NA;NA;NA;NA;60;58;"SC";0;1;42
11;2022;"0-12";NA;NA;NA;NA;NA;63;63;"SC";0;1;42
12;2022;"0-12";NA;NA;NA;NA;NA;72;67;"SC";0;1;42
13;2022;"0-12";NA;NA;NA;NA;NA;88;87;"SC";0;1;42
14;2022;"0-12";NA;NA;NA;NA;NA;101;110;"SC";0;1;42
15;2022;"0-12";NA;NA;NA;NA;NA;112;105;"SC";0;1;42
16;2022;"0-12";NA;NA;NA;NA;NA;115;120;"SC";0;1;42
17;2022;"0-12";NA;NA;NA;NA;NA;127;120;"SC";0;1;42
18;2022;"0-12";NA;NA;NA;NA;NA;130;141;"SC";0;1;42
19;2022;"0-12";NA;NA;NA;NA;NA;137;129;"SC";0;1;42
20;2022;"0-12";NA;NA;NA;NA;NA;136;141;"SC";0;1;42
21;2022;"0-12";NA;NA;NA;NA;NA;132;138;"SC";0;1;42
22;2022;"0-12";NA;NA;NA;NA;NA;123;118;"SC";0;1;42
23;2022;"0-12";NA;NA;NA;NA;NA;116;112;"SC";0;1;42
24;2022;"0-12";NA;NA;NA;NA;NA;124;118;"SC";0;1;42
25;2022;"0-12";NA;NA;NA;NA;NA;125;143;"SC";0;1;42
26;2022;"0-12";NA;NA;NA;NA;NA;130;113;"SC";0;1;42
27;2022;"0-12";NA;NA;NA;NA;NA;118;133;"SC";0;1;42
28;2022;"0-12";NA;NA;NA;NA;NA;119;109;"SC";0;1;42
29;2022;"0-12";NA;NA;NA;NA;NA;102;114;"SC";0;1;42
30;2022;"0-12";NA;NA;NA;NA;NA;88;84;"SC";0;1;42
31;2022;"0-12";NA;NA;NA;NA;NA;76;67;"SC";0;1;42
32;2022;"0-12";NA;NA;NA;NA;NA;84;78;"SC";0;1;42
33;2022;"0-12";NA;NA;NA;NA;NA;89;107;"SC";0;1;42
34;2022;"0-12";NA;NA;NA;NA;NA;86;81;"SC";0;1;42
35;2022;"0-12";NA;NA;NA;NA;NA;72;71;"SC";0;1;42
36;2022;"0-12";NA;NA;NA;NA;NA;71;65;"SC";0;1;42
37;2022;"0-12";NA;NA;NA;NA;NA;71;78;"SC";0;1;42
38;2022;"0-12";NA;NA;NA;NA;NA;70;70;"SC";0;1;42
39;2022;"0-12";NA;NA;NA;NA;NA;65;63;"SC";0;1;42
40;2022;"0-12";NA;NA;NA;NA;NA;60;61;"SC";0;1;42
41;2022;"0-12";NA;NA;NA;NA;NA;63;57;"SC";0;1;42
42;2022;"0-12";NA;NA;NA;NA;NA;65;70;"SC";0;1;42
43;2022;"0-12";NA;NA;NA;NA;NA;71;67;"SC";0;1;42
44;2022;"0-12";NA;NA;NA;NA;NA;78;75;"SC";0;1;42
45;2022;"0-12";NA;NA;NA;NA;NA;77;93;"SC";0;1;42
46;2022;"0-12";NA;NA;NA;NA;NA;77;64;"SC";0;1;42
47;2022;"0-12";NA;NA;NA;NA;NA;71;73;"SC";0;1;42
48;2022;"0-12";NA;NA;NA;NA;NA;69;76;"SC";0;1;42
49;2022;"0-12";NA;NA;NA;NA;NA;61;58;"SC";0;1;42
50;2022;"0-12";NA;NA;NA;NA;NA;55;49;"SC";0;1;42
51;2022;"0-12";NA;NA;NA;NA;NA;49;58;"SC";0;1;42
52;2022;"0-12";NA;NA;NA;NA;NA;44;40;"SC";0;1;42
1;2023;"0-12";NA;NA;NA;NA;NA;31;33;"SC";0;1;42
2;2023;"0-12";NA;NA;NA;NA;NA;22;19;"SC";0;1;42
3;2023;"0-12";NA;NA;NA;NA;NA;20;15;"SC";0;1;42
4;2023;"0-12";NA;NA;NA;NA;NA;23;26;"SC";0;1;42
5;2023;"0-12";NA;NA;NA;NA;NA;31;28;"SC";0;1;42
6;2023;"0-12";NA;NA;NA;NA;NA;42;38;"SC";0;1;42
7;2023;"0-12";NA;NA;NA;NA;NA;58;60;"SC";0;1;42
8;2023;"0-12";NA;NA;NA;NA;NA;70;77;"SC";0;1;42
9;2023;"0-12";NA;NA;NA;NA;NA;76;74;"SC";0;1;42
10;2023;"0-12";NA;NA;NA;NA;NA;76;76;"SC";0;1;42
11;2023;"0-12";NA;NA;NA;NA;NA;89;79;"SC";0;1;42
12;2023;"0-12";NA;NA;NA;NA;NA;105;111;"SC";0;1;42
13;2023;"0-12";NA;NA;NA;NA;NA;115;124;"SC";0;1;42
14;2023;"0-12";NA;NA;NA;NA;NA;122;111;"SC";0;1;42
15;2023;"0-12";NA;NA;NA;NA;NA;122;132;"SC";0;1;42
16;2023;"0-12";NA;NA;NA;NA;NA;128;122;"SC";0;1;42
17;2023;"0-12";NA;NA;NA;NA;NA;142;130;"SC";0;1;42
18;2023;"0-12";NA;NA;NA;NA;NA;165;175;"SC";0;1;42
19;2023;"0-12";NA;NA;NA;NA;NA;178;189;"SC";0;1;42
20;2023;"0-12";NA;NA;NA;NA;NA;173;171;"SC";0;1;42
21;2023;"0-12";NA;NA;NA;NA;NA;160;158;"SC";0;1;42
22;2023;"0-12";NA;NA;NA;NA;NA;148;150;"SC";0;1;42
23;2023;"0-12";NA;NA;NA;NA;NA;139;137;"SC";0;1;42
24;2023;"0-12";NA;NA;NA;NA;NA;139;129;"SC";0;1;42
25;2023;"0-12";NA;NA;NA;NA;NA;142;152;"SC";0;1;42
26;2023;"0-12";NA;NA;NA;NA;NA;142;145;"SC";0;1;42
27;2023;"0-12";NA;NA;NA;NA;NA;138;130;"SC";0;1;42
28;2023;"0-12";NA;NA;NA;NA;NA;128;138;"SC";0;1;42
29;2023;"0-12";NA;NA;NA;NA;NA;115;116;"SC";0;1;42
30;2023;"0-12";NA;NA;NA;NA;NA;95;91;"SC";0;1;42
31;2023;"0-12";NA;NA;NA;NA;NA;91;77;"SC";0;1;42
32;2023;"0-12";NA;NA;NA;NA;NA;98;105;"SC";0;1;42
33;2023;"0-12";NA;NA;NA;NA;NA;107;111;"SC";0;1;42
34;2023;"0-12";NA;NA;NA;NA;NA;101;106;"SC";0;1;42
35;2023;"0-12";NA;NA;NA;NA;NA;89;86;"SC";0;1;42
36;2023;"0-12";NA;NA;NA;NA;NA;79;75;"SC";0;1;42
37;2023;"0-12";NA;NA;NA;NA;NA;75;77;"SC";0;1;42
38;2023;"0-12";NA;NA;NA;NA;NA;73;73;"SC";0;1;42
39;2023;"0-12";NA;NA;NA;NA;NA;78;70;"SC";0;1;42
40;2023;"0-12";NA;NA;NA;NA;NA;79;92;"SC";0;1;42
41;2023;"0-12";NA;NA;NA;NA;NA;78;74;"SC";0;1;42
42;2023;"0-12";NA;NA;NA;NA;NA;81;69;"SC";0;1;42
43;2023;"0-12";NA;NA;NA;NA;NA;83;101;"SC";0;1;42
44;2023;"0-12";NA;NA;NA;NA;NA;85;79;"SC";0;1;42
45;2023;"0-12";NA;NA;NA;NA;NA;73;76;"SC";0;1;42
46;2023;"0-12";NA;NA;NA;NA;NA;69;64;"SC";0;1;42
47;2023;"0-12";NA;NA;NA;NA;NA;67;66;"SC";0;1;42
48;2023;"0-12";NA;NA;NA;NA;NA;72;72;"SC";0;1;42
49;2023;"0-12";NA;NA;NA;NA;NA;73;79;"SC";0;1;42
50;2023;"0-12";NA;NA;NA;NA;NA;69;68;"SC";0;1;42
51;2023;"0-12";NA;NA;NA;NA;NA;60;61;"SC";0;1;42
52;2023;"0-12";NA;NA;NA;NA;NA;51;51;"SC";0;1;42
1;2024;"0-12";NA;NA;NA;NA;NA;42;42;"SC";0;1;42
2;2024;"0-12";NA;NA;NA;NA;NA;37;34;"SC";0;1;42
3;2024;"0-12";NA;NA;NA;NA;NA;32;35;"SC";0;1;42
4;2024;"0-12";NA;NA;NA;NA;NA;34;26;"SC";0;1;42
5;2024;"0-12";NA;NA;NA;NA;NA;33;40;"SC";0;1;42
6;2024;"0-12";NA;NA;NA;NA;NA;41;34;"SC";0;1;42
7;2024;"0-12";NA;NA;NA;NA;NA;51;48;"SC";0;1;42
8;2024;"0-12";NA;NA;NA;NA;NA;69;70;"SC";0;1;42
9;2024;"0-12";NA;NA;NA;NA;NA;87;88;"SC";0;1;42
10;2024;"0-12";NA;NA;NA;NA;NA;107;103;"SC";0;1;42
11;2024;"0-12";NA;NA;NA;NA;NA;118;131;"SC";0;1;42
12;2024;"0-12";NA;NA;NA;NA;NA;134;120;"SC";0;1;42
13;2024;"0-12";NA;NA;NA;NA;NA;137;152;"SC";0;1;42
14;2024;"0-12";NA;NA;NA;NA;NA;155;139;"SC";0;1;42
15;2024;"0-12";NA;NA;NA;NA;NA;169;174;"SC";0;1;42
16;2024;"0-12";NA;NA;NA;NA;NA;189;194;"SC";0;1;42
17;2024;"0-12";NA;NA;NA;NA;NA;203;200;"SC";0;1;42
18;2024;"0-12";NA;NA;NA;NA;NA;208;214;"SC";0;1;42
19;2024;"0-12";NA;NA;NA;NA;NA;206;210;"SC";0;1;42
20;2024;"0-12";NA;NA;NA;NA;NA;202;194;"SC";0;1;42
21;2024;"0-12";NA;NA;NA;NA;NA;198;201;"SC";0;1;42
22;2024;"0-12";NA;NA;NA;NA;NA;194;200;"SC";0;1;42
23;2024;"0-12";NA;NA;NA;NA;NA;183;182;"SC";0;1;42
24;2024;"0-12";NA;NA;NA;NA;NA;166;167;"SC";0;1;42
25;2024;"0-12";NA;NA;NA;NA;NA;143;150;"SC";0;1;42
26;2024;"0-12";NA;NA;NA;NA;NA;148;113;"SC";0;1;42
27;2024;"0-12";NA;NA;NA;NA;NA;151;180;"SC";0;1;42
28;2024;"0-12";NA;NA;NA;NA;NA;167;159;"SC";0;1;42
29;2024;"0-12";NA;NA;NA;NA;NA;145;162;"SC";0;1;42
30;2024;"0-12";NA;NA;NA;NA;NA;125;114;"SC";0;1;42
31;2024;"0-12";NA;NA;NA;NA;NA;120;100;"SC";0;1;42
32;2024;"0-12";NA;NA;NA;NA;NA;139;146;"SC";0;1;42
33;2024;"0-12";NA;NA;NA;NA;NA;161;170;"SC";0;1;42
34;2024;"0-12";NA;NA;NA;NA;NA;166;167;"SC";0;1;42
35;2024;"0-12";NA;NA;NA;NA;NA;162;161;"SC";0;1;42
36;2024;"0-12";NA;NA;NA;NA;NA;153;157;"SC";0;1;42
37;2024;"0-12";NA;NA;NA;NA;NA;150;140;"SC";0;1;42
38;2024;"0-12";NA;NA;NA;NA;NA;134;154;"SC";0;1;42
39;2024;"0-12";NA;NA;NA;NA;NA;128;109;"SC";0;1;42
40;2024;"0-12";NA;NA;NA;NA;NA;117;120;"SC";0;1;42
41;2024;"0-12";NA;NA;NA;NA;NA;124;121;"SC";0;1;42
42;2024;"0-12";NA;NA;NA;NA;NA;125;131;"SC";0;1;42
43;2024;"0-12";NA;NA;NA;NA;NA;114;123;"SC";0;1;42
44;2024;"0-12";NA;NA;NA;NA;NA;89;88;"SC";0;1;42
45;2024;"0-12";NA;NA;NA;NA;NA;70;57;"SC";0;1;42
46;2024;"0-12";NA;NA;NA;NA;NA;67;65;"SC";0;1;42
47;2024;"0-12";NA;NA;NA;NA;NA;73;78;"SC";0;1;42
48;2024;"0-12";NA;NA;NA;NA;NA;77;77;"SC";0;1;42
49;2024;"0-12";NA;NA;NA;NA;NA;66;76;"SC";0;1;42
50;2024;"0-12";NA;NA;NA;NA;NA;55;46;"SC";0;1;42
51;2024;"0-12";NA;NA;NA;NA;NA;40;43;"SC";0;1;42
52;2024;"0-12";NA;NA;NA;NA;NA;37;30;"SC";0;1;42
1;2025;"0-12";NA;NA;NA;NA;NA;33;37;"SC";0;1;42
2;2025;"0-12";NA;NA;NA;NA;NA;34;32;"SC";0;1;42
3;2025;"0-12";NA;NA;NA;NA;NA;32;34;"SC";0;1;42
4;2025;"0-12";NA;NA;NA;NA;NA;29;30;"SC";0;1;42
5;2025;"0-12";NA;NA;NA;NA;NA;27;22;"SC";0;1;42
6;2025;"0-12";NA;NA;NA;NA;NA;34;30;"SC";0;1;42
7;2025;"0-12";NA;NA;NA;NA;NA;42;49;"SC";0;1;42
8;2025;"0-12";NA;NA;NA;NA;NA;58;46;"SC";0;1;42
9;2025;"0-12";NA;NA;NA;NA;NA;66;78;"SC";0;1;42
10;2025;"0-12";NA;NA;NA;NA;NA;74;73;"SC";0;1;42
11;2025;"0-12";NA;NA;NA;NA;NA;78;70;"SC";0;1;42
12;2025;"0-12";NA;NA;NA;NA;NA;97;91;"SC";0;1;42
13;2025;"0-12";NA;NA;NA;NA;NA;117;130;"SC";0;1;42
14;2025;"0-12";NA;NA;NA;NA;NA;139;131;"SC";0;1;42
15;2025;"0-12";NA;NA;NA;NA;NA;158;156;"SC";0;1;42
16;2025;"0-12";NA;NA;NA;NA;NA;173;186;"SC";0;1;42
17;2025;"0-12";NA;NA;NA;NA;NA;208;177;"SC";0;1;42
18;2025;"0-12";NA;NA;NA;NA;NA;236;260;"SC";0;1;42
19;2025;"0-12";NA;NA;NA;NA;NA;256;270;"SC";0;1;42
20;2025;"0-12";NA;NA;NA;NA;NA;263;237;"SC";0;1;42
21;2025;"0-12";NA;NA;NA;NA;NA;267;283;"SC";0;1;42
22;2025;"0-12";NA;NA;NA;NA;NA;292;282;"SC";0;1;42
23;2025;"0-12";NA;NA;NA;NA;NA;294;312;"SC";0;1;42
24;2025;"0-12";NA;NA;NA;NA;NA;288;288;"SC";0;1;42
25;2025;"0-12";NA;NA;NA;NA;NA;253;265;"SC";0;1;42
26;2025;"0-12";NA;NA;NA;NA;NA;225;207;"SC";0;1;42
27;2025;"0-12";NA;NA;NA;NA;NA;221;204;"SC";0;1;42
28;2025;"0-12";NA;NA;NA;NA;NA;218;253;"SC";0;1;42
29;2025;"0-12";NA;NA;NA;NA;NA;205;197;"SC";0;1;42
30;2025;"0-12";NA;NA;NA;NA;NA;163;166;"SC";0;1;42
31;2025;"0-12";NA;NA;NA;NA;NA;132;125;"SC";0;1;42
32;2025;"0-12";NA;NA;NA;NA;NA;125;106;"SC";0;1;42
33;2025;"0-12";NA;NA;NA;NA;NA;134;144;"SC";0;1;42
34;2025;"0-12";NA;NA;NA;NA;NA;141;152;"SC";0;1;42
35;2025;"0-12";NA;NA;NA;NA;NA;135;128;"SC";0;1;42
36;2025;"0-12";NA;NA;NA;NA;NA;139;125;"SC";0;1;42
37;2025;"0-12";NA;NA;NA;NA;NA;143;163;"SC";0;1;42
38;2025;"0-12";NA;NA;NA;NA;NA;152;140;"SC";0;1;42
39;2025;"0-12";NA;NA;NA;NA;NA;150;152;"SC";0;1;42
40;2025;"0-12";NA;NA;NA;NA;NA;149;158;"SC";0;1;42
41;2025;"0-12";NA;NA;NA;NA;NA;156;138;"SC";0;1;42
42;2025;"0-12";NA;NA;NA;NA;NA;152;173;"SC";0;1;42
43;2025;"0-12";NA;NA;NA;NA;NA;148;144;"SC";0;1;42
44;2025;"0-12";NA;NA;NA;NA;NA;122;127;"SC";0;1;42
45;2025;"0-12";NA;NA;NA;NA;NA;115;96;"SC";0;1;42
46;2025;"0-12";NA;NA;NA;NA;NA;105;122;"SC";0;1;42
47;2025;"0-12";NA;NA;NA;NA;NA;99;96;"SC";0;1;42
48;2025;"0-12";NA;NA;NA;NA;NA;86;80;"SC";0;1;42
49;2025;"0-12";NA;NA;NA;NA;NA;76;82;"SC";0;1;42
50;2025;"0-12";NA;NA;NA;NA;NA;65;67;"SC";0;1;42
51;2025;"0-12";NA;NA;NA;NA;NA;50;47;"SC";0;1;42
52;2025;"0-12";NA;NA;NA;NA;NA;37;35;"SC";0;1;42
53;2025;"0-12";NA;NA;NA;NA;NA;30;30;"SC";0;1;42
1;2026;"0-12";NA;NA;NA;NA;NA;23;25;"SC";0;1;42
2;2026;"0-12";NA;NA;NA;NA;NA;22;15;"SC";0;1;42
3;2026;"0-12";NA;NA;NA;NA;NA;22;25;"SC";0;1;42
4;2026;"0-12";NA;NA;NA;NA;NA;26;25;"SC";0;1;42
5;2026;"0-12";NA;NA;NA;NA;NA;29;28;"SC";0;1;42
6;2026;"0-12";35;37;35;36;35;35;36;"SC";0;1;42
7;2026;"0-12";42;45;42;43;42;46;44;"SC";0;1;42
8;2026;"0-12";60;62;59;60;59;62;59;"SC";0;1;42
9;2026;"0-12";84;87;83;85;83;72;83;"SC";0;1;42
10;2026;"0-12";71;75;70;72;71;76;70;"SC";0;1;42
11;2026;"0-12";74;78;72;75;73;74;72;"SC";0;1;42
12;2026;"0-12";76;81;73;77;75;76;73;"SC";0;1;42
13;2026;"0-12";78;83,025;75;80;77;88;75;"SC";0;1;42
14;2026;"0-12";110;116;106;112;108;104;107;"SC";0;1;42
15;2026;"0-12";123;130;118;125;121;118;122;"SC";0;1;42
16;2026;"0-12";122;131;116;125;120;129;124;"SC";0;1;42
17;2026;"0-12";142,5;152;135;146;140;134;141;"SC";0;1;42
18;2026;"0-12";139;156;127;145;135;142;122;"SC";0;1;42
19;2026;"0-12";144,5;194,025;105,975;160;130,75;NA;131;"SC";0;1;42
1;2022;"0-12";NA;NA;NA;NA;NA;NA;30;"SE";1;1;28
2;2022;"0-12";NA;NA;NA;NA;NA;23;20;"SE";1;1;28
3;2022;"0-12";NA;NA;NA;NA;NA;20;19;"SE";1;1;28
4;2022;"0-12";NA;NA;NA;NA;NA;18;22;"SE";1;1;28
5;2022;"0-12";NA;NA;NA;NA;NA;18;13;"SE";1;1;28
6;2022;"0-12";NA;NA;NA;NA;NA;14;19;"SE";1;1;28
7;2022;"0-12";NA;NA;NA;NA;NA;22;11;"SE";1;1;28
8;2022;"0-12";NA;NA;NA;NA;NA;36;35;"SE";1;1;28
9;2022;"0-12";NA;NA;NA;NA;NA;53;61;"SE";1;1;28
10;2022;"0-12";NA;NA;NA;NA;NA;65;62;"SE";1;1;28
11;2022;"0-12";NA;NA;NA;NA;NA;60;73;"SE";1;1;28
12;2022;"0-12";NA;NA;NA;NA;NA;59;45;"SE";1;1;28
13;2022;"0-12";NA;NA;NA;NA;NA;51;59;"SE";1;1;28
14;2022;"0-12";NA;NA;NA;NA;NA;49;49;"SE";1;1;28
15;2022;"0-12";NA;NA;NA;NA;NA;45;40;"SE";1;1;28
16;2022;"0-12";NA;NA;NA;NA;NA;36;46;"SE";1;1;28
17;2022;"0-12";NA;NA;NA;NA;NA;36;23;"SE";1;1;28
18;2022;"0-12";NA;NA;NA;NA;NA;40;39;"SE";1;1;28
19;2022;"0-12";NA;NA;NA;NA;NA;49;58;"SE";1;1;28
20;2022;"0-12";NA;NA;NA;NA;NA;51;49;"SE";1;1;28
21;2022;"0-12";NA;NA;NA;NA;NA;47;46;"SE";1;1;28
22;2022;"0-12";NA;NA;NA;NA;NA;47;46;"SE";1;1;28
23;2022;"0-12";NA;NA;NA;NA;NA;44;48;"SE";1;1;28
24;2022;"0-12";NA;NA;NA;NA;NA;37;38;"SE";1;1;28
25;2022;"0-12";NA;NA;NA;NA;NA;29;24;"SE";1;1;28
26;2022;"0-12";NA;NA;NA;NA;NA;27;24;"SE";1;1;28
27;2022;"0-12";NA;NA;NA;NA;NA;26;33;"SE";1;1;28
28;2022;"0-12";NA;NA;NA;NA;NA;28;20;"SE";1;1;28
29;2022;"0-12";NA;NA;NA;NA;NA;24;30;"SE";1;1;28
30;2022;"0-12";NA;NA;NA;NA;NA;27;22;"SE";1;1;28
31;2022;"0-12";NA;NA;NA;NA;NA;28;28;"SE";1;1;28
32;2022;"0-12";NA;NA;NA;NA;NA;29;35;"SE";1;1;28
33;2022;"0-12";NA;NA;NA;NA;NA;29;24;"SE";1;1;28
34;2022;"0-12";NA;NA;NA;NA;NA;25;29;"SE";1;1;28
35;2022;"0-12";NA;NA;NA;NA;NA;24;21;"SE";1;1;28
36;2022;"0-12";NA;NA;NA;NA;NA;20;21;"SE";1;1;28
37;2022;"0-12";NA;NA;NA;NA;NA;24;19;"SE";1;1;28
38;2022;"0-12";NA;NA;NA;NA;NA;27;32;"SE";1;1;28
39;2022;"0-12";NA;NA;NA;NA;NA;30;31;"SE";1;1;28
40;2022;"0-12";NA;NA;NA;NA;NA;27;27;"SE";1;1;28
41;2022;"0-12";NA;NA;NA;NA;NA;25;22;"SE";1;1;28
42;2022;"0-12";NA;NA;NA;NA;NA;23;26;"SE";1;1;28
43;2022;"0-12";NA;NA;NA;NA;NA;20;20;"SE";1;1;28
44;2022;"0-12";NA;NA;NA;NA;NA;19;14;"SE";1;1;28
45;2022;"0-12";NA;NA;NA;NA;NA;17;24;"SE";1;1;28
46;2022;"0-12";NA;NA;NA;NA;NA;18;13;"SE";1;1;28
47;2022;"0-12";NA;NA;NA;NA;NA;15;16;"SE";1;1;28
48;2022;"0-12";NA;NA;NA;NA;NA;17;17;"SE";1;1;28
49;2022;"0-12";NA;NA;NA;NA;NA;16;19;"SE";1;1;28
50;2022;"0-12";NA;NA;NA;NA;NA;15;12;"SE";1;1;28
51;2022;"0-12";NA;NA;NA;NA;NA;12;15;"SE";1;1;28
52;2022;"0-12";NA;NA;NA;NA;NA;11;10;"SE";1;1;28
1;2023;"0-12";NA;NA;NA;NA;NA;10;7;"SE";1;1;28
2;2023;"0-12";NA;NA;NA;NA;NA;10;14;"SE";1;1;28
3;2023;"0-12";NA;NA;NA;NA;NA;9;8;"SE";1;1;28
4;2023;"0-12";NA;NA;NA;NA;NA;8;5;"SE";1;1;28
5;2023;"0-12";NA;NA;NA;NA;NA;8;11;"SE";1;1;28
6;2023;"0-12";NA;NA;NA;NA;NA;8;7;"SE";1;1;28
7;2023;"0-12";NA;NA;NA;NA;NA;7;5;"SE";1;1;28
8;2023;"0-12";NA;NA;NA;NA;NA;10;10;"SE";1;1;28
9;2023;"0-12";NA;NA;NA;NA;NA;19;14;"SE";1;1;28
10;2023;"0-12";NA;NA;NA;NA;NA;24;32;"SE";1;1;28
11;2023;"0-12";NA;NA;NA;NA;NA;29;26;"SE";1;1;28
12;2023;"0-12";NA;NA;NA;NA;NA;31;28;"SE";1;1;28
13;2023;"0-12";NA;NA;NA;NA;NA;41;40;"SE";1;1;28
14;2023;"0-12";NA;NA;NA;NA;NA;46;54;"SE";1;1;28
15;2023;"0-12";NA;NA;NA;NA;NA;51;45;"SE";1;1;28
16;2023;"0-12";NA;NA;NA;NA;NA;48;55;"SE";1;1;28
17;2023;"0-12";NA;NA;NA;NA;NA;53;44;"SE";1;1;28
18;2023;"0-12";NA;NA;NA;NA;NA;54;60;"SE";1;1;28
19;2023;"0-12";NA;NA;NA;NA;NA;72;58;"SE";1;1;28
20;2023;"0-12";NA;NA;NA;NA;NA;79;98;"SE";1;1;28
21;2023;"0-12";NA;NA;NA;NA;NA;86;82;"SE";1;1;28
22;2023;"0-12";NA;NA;NA;NA;NA;79;77;"SE";1;1;28
23;2023;"0-12";NA;NA;NA;NA;NA;81;79;"SE";1;1;28
24;2023;"0-12";NA;NA;NA;NA;NA;77;86;"SE";1;1;28
25;2023;"0-12";NA;NA;NA;NA;NA;76;65;"SE";1;1;28
26;2023;"0-12";NA;NA;NA;NA;NA;68;76;"SE";1;1;28
27;2023;"0-12";NA;NA;NA;NA;NA;65;64;"SE";1;1;28
28;2023;"0-12";NA;NA;NA;NA;NA;57;55;"SE";1;1;28
29;2023;"0-12";NA;NA;NA;NA;NA;56;52;"SE";1;1;28
30;2023;"0-12";NA;NA;NA;NA;NA;49;60;"SE";1;1;28
31;2023;"0-12";NA;NA;NA;NA;NA;45;36;"SE";1;1;28
32;2023;"0-12";NA;NA;NA;NA;NA;41;39;"SE";1;1;28
33;2023;"0-12";NA;NA;NA;NA;NA;54;49;"SE";1;1;28
34;2023;"0-12";NA;NA;NA;NA;NA;56;74;"SE";1;1;28
35;2023;"0-12";NA;NA;NA;NA;NA;59;44;"SE";1;1;28
36;2023;"0-12";NA;NA;NA;NA;NA;52;59;"SE";1;1;28
37;2023;"0-12";NA;NA;NA;NA;NA;56;53;"SE";1;1;28
38;2023;"0-12";NA;NA;NA;NA;NA;55;56;"SE";1;1;28
39;2023;"0-12";NA;NA;NA;NA;NA;51;57;"SE";1;1;28
40;2023;"0-12";NA;NA;NA;NA;NA;40;39;"SE";1;1;28
41;2023;"0-12";NA;NA;NA;NA;NA;29;24;"SE";1;1;28
42;2023;"0-12";NA;NA;NA;NA;NA;24;23;"SE";1;1;28
43;2023;"0-12";NA;NA;NA;NA;NA;22;24;"SE";1;1;28
44;2023;"0-12";NA;NA;NA;NA;NA;21;19;"SE";1;1;28
45;2023;"0-12";NA;NA;NA;NA;NA;15;19;"SE";1;1;28
46;2023;"0-12";NA;NA;NA;NA;NA;14;8;"SE";1;1;28
47;2023;"0-12";NA;NA;NA;NA;NA;11;16;"SE";1;1;28
48;2023;"0-12";NA;NA;NA;NA;NA;13;10;"SE";1;1;28
49;2023;"0-12";NA;NA;NA;NA;NA;13;14;"SE";1;1;28
50;2023;"0-12";NA;NA;NA;NA;NA;12;14;"SE";1;1;28
51;2023;"0-12";NA;NA;NA;NA;NA;10;7;"SE";1;1;28
52;2023;"0-12";NA;NA;NA;NA;NA;8;10;"SE";1;1;28
1;2024;"0-12";NA;NA;NA;NA;NA;10;8;"SE";1;1;28
2;2024;"0-12";NA;NA;NA;NA;NA;8;12;"SE";1;1;28
3;2024;"0-12";NA;NA;NA;NA;NA;9;5;"SE";1;1;28
4;2024;"0-12";NA;NA;NA;NA;NA;8;10;"SE";1;1;28
5;2024;"0-12";NA;NA;NA;NA;NA;8;8;"SE";1;1;28
6;2024;"0-12";NA;NA;NA;NA;NA;9;6;"SE";1;1;28
7;2024;"0-12";NA;NA;NA;NA;NA;12;13;"SE";1;1;28
8;2024;"0-12";NA;NA;NA;NA;NA;22;16;"SE";1;1;28
9;2024;"0-12";NA;NA;NA;NA;NA;33;38;"SE";1;1;28
10;2024;"0-12";NA;NA;NA;NA;NA;36;46;"SE";1;1;28
11;2024;"0-12";NA;NA;NA;NA;NA;33;23;"SE";1;1;28
12;2024;"0-12";NA;NA;NA;NA;NA;26;31;"SE";1;1;28
13;2024;"0-12";NA;NA;NA;NA;NA;34;24;"SE";1;1;28
14;2024;"0-12";NA;NA;NA;NA;NA;40;46;"SE";1;1;28
15;2024;"0-12";NA;NA;NA;NA;NA;55;50;"SE";1;1;28
16;2024;"0-12";NA;NA;NA;NA;NA;66;69;"SE";1;1;28
17;2024;"0-12";NA;NA;NA;NA;NA;80;79;"SE";1;1;28
18;2024;"0-12";NA;NA;NA;NA;NA;88;91;"SE";1;1;28
19;2024;"0-12";NA;NA;NA;NA;NA;104;95;"SE";1;1;28
20;2024;"0-12";NA;NA;NA;NA;NA;118;126;"SE";1;1;28
21;2024;"0-12";NA;NA;NA;NA;NA;130;133;"SE";1;1;28
22;2024;"0-12";NA;NA;NA;NA;NA;131;130;"SE";1;1;28
23;2024;"0-12";NA;NA;NA;NA;NA;114;129;"SE";1;1;28
24;2024;"0-12";NA;NA;NA;NA;NA;96;83;"SE";1;1;28
25;2024;"0-12";NA;NA;NA;NA;NA;77;77;"SE";1;1;28
26;2024;"0-12";NA;NA;NA;NA;NA;68;71;"SE";1;1;28
27;2024;"0-12";NA;NA;NA;NA;NA;55;57;"SE";1;1;28
28;2024;"0-12";NA;NA;NA;NA;NA;44;38;"SE";1;1;28
29;2024;"0-12";NA;NA;NA;NA;NA;36;38;"SE";1;1;28
30;2024;"0-12";NA;NA;NA;NA;NA;35;33;"SE";1;1;28
31;2024;"0-12";NA;NA;NA;NA;NA;47;33;"SE";1;1;28
32;2024;"0-12";NA;NA;NA;NA;NA;59;76;"SE";1;1;28
33;2024;"0-12";NA;NA;NA;NA;NA;73;69;"SE";1;1;28
34;2024;"0-12";NA;NA;NA;NA;NA;70;74;"SE";1;1;28
35;2024;"0-12";NA;NA;NA;NA;NA;62;66;"SE";1;1;28
36;2024;"0-12";NA;NA;NA;NA;NA;64;45;"SE";1;1;28
37;2024;"0-12";NA;NA;NA;NA;NA;61;80;"SE";1;1;28
38;2024;"0-12";NA;NA;NA;NA;NA;63;58;"SE";1;1;28
39;2024;"0-12";NA;NA;NA;NA;NA;52;50;"SE";1;1;28
40;2024;"0-12";NA;NA;NA;NA;NA;50;47;"SE";1;1;28
41;2024;"0-12";NA;NA;NA;NA;NA;48;52;"SE";1;1;28
42;2024;"0-12";NA;NA;NA;NA;NA;45;45;"SE";1;1;28
43;2024;"0-12";NA;NA;NA;NA;NA;43;37;"SE";1;1;28
44;2024;"0-12";NA;NA;NA;NA;NA;40;47;"SE";1;1;28
45;2024;"0-12";NA;NA;NA;NA;NA;36;35;"SE";1;1;28
46;2024;"0-12";NA;NA;NA;NA;NA;32;25;"SE";1;1;28
47;2024;"0-12";NA;NA;NA;NA;NA;34;35;"SE";1;1;28
48;2024;"0-12";NA;NA;NA;NA;NA;39;42;"SE";1;1;28
49;2024;"0-12";NA;NA;NA;NA;NA;41;40;"SE";1;1;28
50;2024;"0-12";NA;NA;NA;NA;NA;36;40;"SE";1;1;28
51;2024;"0-12";NA;NA;NA;NA;NA;31;28;"SE";1;1;28
52;2024;"0-12";NA;NA;NA;NA;NA;24;26;"SE";1;1;28
1;2025;"0-12";NA;NA;NA;NA;NA;22;18;"SE";1;1;28
2;2025;"0-12";NA;NA;NA;NA;NA;16;21;"SE";1;1;28
3;2025;"0-12";NA;NA;NA;NA;NA;16;9;"SE";1;1;28
4;2025;"0-12";NA;NA;NA;NA;NA;17;17;"SE";1;1;28
5;2025;"0-12";NA;NA;NA;NA;NA;24;25;"SE";1;1;28
6;2025;"0-12";NA;NA;NA;NA;NA;38;31;"SE";1;1;28
7;2025;"0-12";NA;NA;NA;NA;NA;48;58;"SE";1;1;28
8;2025;"0-12";NA;NA;NA;NA;NA;52;54;"SE";1;1;28
9;2025;"0-12";NA;NA;NA;NA;NA;45;43;"SE";1;1;28
10;2025;"0-12";NA;NA;NA;NA;NA;39;39;"SE";1;1;28
11;2025;"0-12";NA;NA;NA;NA;NA;40;34;"SE";1;1;28
12;2025;"0-12";NA;NA;NA;NA;NA;41;46;"SE";1;1;28
13;2025;"0-12";NA;NA;NA;NA;NA;51;42;"SE";1;1;28
14;2025;"0-12";NA;NA;NA;NA;NA;53;66;"SE";1;1;28
15;2025;"0-12";NA;NA;NA;NA;NA;53;51;"SE";1;1;28
16;2025;"0-12";NA;NA;NA;NA;NA;42;41;"SE";1;1;28
17;2025;"0-12";NA;NA;NA;NA;NA;47;34;"SE";1;1;28
18;2025;"0-12";NA;NA;NA;NA;NA;51;65;"SE";1;1;28
19;2025;"0-12";NA;NA;NA;NA;NA;61;55;"SE";1;1;28
20;2025;"0-12";NA;NA;NA;NA;NA;64;62;"SE";1;1;28
21;2025;"0-12";NA;NA;NA;NA;NA;79;76;"SE";1;1;28
22;2025;"0-12";NA;NA;NA;NA;NA;88;98;"SE";1;1;28
23;2025;"0-12";NA;NA;NA;NA;NA;96;91;"SE";1;1;28
24;2025;"0-12";NA;NA;NA;NA;NA;93;100;"SE";1;1;28
25;2025;"0-12";NA;NA;NA;NA;NA;97;89;"SE";1;1;28
26;2025;"0-12";NA;NA;NA;NA;NA;90;102;"SE";1;1;28
27;2025;"0-12";NA;NA;NA;NA;NA;77;80;"SE";1;1;28
28;2025;"0-12";NA;NA;NA;NA;NA;62;49;"SE";1;1;28
29;2025;"0-12";NA;NA;NA;NA;NA;58;57;"SE";1;1;28
30;2025;"0-12";NA;NA;NA;NA;NA;69;69;"SE";1;1;28
31;2025;"0-12";NA;NA;NA;NA;NA;77;80;"SE";1;1;28
32;2025;"0-12";NA;NA;NA;NA;NA;77;83;"SE";1;1;28
33;2025;"0-12";NA;NA;NA;NA;NA;70;67;"SE";1;1;28
34;2025;"0-12";NA;NA;NA;NA;NA;59;59;"SE";1;1;28
35;2025;"0-12";NA;NA;NA;NA;NA;53;52;"SE";1;1;28
36;2025;"0-12";NA;NA;NA;NA;NA;48;48;"SE";1;1;28
37;2025;"0-12";NA;NA;NA;NA;NA;48;45;"SE";1;1;28
38;2025;"0-12";NA;NA;NA;NA;NA;52;51;"SE";1;1;28
39;2025;"0-12";NA;NA;NA;NA;NA;54;59;"SE";1;1;28
40;2025;"0-12";NA;NA;NA;NA;NA;57;52;"SE";1;1;28
41;2025;"0-12";NA;NA;NA;NA;NA;54;59;"SE";1;1;28
42;2025;"0-12";NA;NA;NA;NA;NA;58;50;"SE";1;1;28
43;2025;"0-12";NA;NA;NA;NA;NA;59;64;"SE";1;1;28
44;2025;"0-12";NA;NA;NA;NA;NA;62;64;"SE";1;1;28
45;2025;"0-12";NA;NA;NA;NA;NA;55;57;"SE";1;1;28
46;2025;"0-12";NA;NA;NA;NA;NA;51;45;"SE";1;1;28
47;2025;"0-12";NA;NA;NA;NA;NA;46;52;"SE";1;1;28
48;2025;"0-12";NA;NA;NA;NA;NA;48;41;"SE";1;1;28
49;2025;"0-12";NA;NA;NA;NA;NA;45;52;"SE";1;1;28
50;2025;"0-12";NA;NA;NA;NA;NA;45;41;"SE";1;1;28
51;2025;"0-12";NA;NA;NA;NA;NA;39;41;"SE";1;1;28
52;2025;"0-12";NA;NA;NA;NA;NA;34;34;"SE";1;1;28
53;2025;"0-12";NA;NA;NA;NA;NA;30;27;"SE";1;1;28
1;2026;"0-12";NA;NA;NA;NA;NA;26;28;"SE";1;1;28
2;2026;"0-12";NA;NA;NA;NA;NA;26;23;"SE";1;1;28
3;2026;"0-12";NA;NA;NA;NA;NA;25;27;"SE";1;1;28
4;2026;"0-12";NA;NA;NA;NA;NA;33;25;"SE";1;1;28
5;2026;"0-12";NA;NA;NA;NA;NA;36;46;"SE";1;1;28
6;2026;"0-12";NA;NA;NA;NA;NA;45;37;"SE";1;1;28
7;2026;"0-12";NA;NA;NA;NA;NA;43;52;"SE";1;1;28
8;2026;"0-12";NA;NA;NA;NA;NA;50;40;"SE";1;1;28
9;2026;"0-12";NA;NA;NA;NA;NA;52;57;"SE";1;1;28
10;2026;"0-12";NA;NA;NA;NA;NA;58;60;"SE";1;1;28
11;2026;"0-12";NA;NA;NA;NA;NA;57;57;"SE";1;1;28
12;2026;"0-12";NA;NA;NA;NA;NA;60;53;"SE";1;1;28
13;2026;"0-12";71;73;71;71;71;58;71;"SE";1;1;28
14;2026;"0-12";50;53;50;51;50;55;50;"SE";1;1;28
15;2026;"0-12";44;48;43;45;44;50;44;"SE";1;1;28
16;2026;"0-12";56;61;52;57;54;52;58;"SE";1;1;28
17;2026;"0-12";56;66;50;59;54;65;59;"SE";1;1;28
18;2026;"0-12";84;97,025;74;88,25;80;73;75;"SE";1;1;28
19;2026;"0-12";80;129,025;51;95;68;NA;80;"SE";1;1;28
1;2022;"0-12";NA;NA;NA;NA;NA;NA;602;"SP";0;1;35
2;2022;"0-12";NA;NA;NA;NA;NA;500;487;"SP";0;1;35
3;2022;"0-12";NA;NA;NA;NA;NA;398;410;"SP";0;1;35
4;2022;"0-12";NA;NA;NA;NA;NA;340;297;"SP";0;1;35
5;2022;"0-12";NA;NA;NA;NA;NA;332;314;"SP";0;1;35
6;2022;"0-12";NA;NA;NA;NA;NA;448;384;"SP";0;1;35
7;2022;"0-12";NA;NA;NA;NA;NA;588;647;"SP";0;1;35
8;2022;"0-12";NA;NA;NA;NA;NA;687;732;"SP";0;1;35
9;2022;"0-12";NA;NA;NA;NA;NA;675;683;"SP";0;1;35
10;2022;"0-12";NA;NA;NA;NA;NA;649;611;"SP";0;1;35
11;2022;"0-12";NA;NA;NA;NA;NA;725;653;"SP";0;1;35
12;2022;"0-12";NA;NA;NA;NA;NA;799;910;"SP";0;1;35
13;2022;"0-12";NA;NA;NA;NA;NA;875;834;"SP";0;1;35
14;2022;"0-12";NA;NA;NA;NA;NA;856;880;"SP";0;1;35
15;2022;"0-12";NA;NA;NA;NA;NA;880;855;"SP";0;1;35
16;2022;"0-12";NA;NA;NA;NA;NA;834;906;"SP";0;1;35
17;2022;"0-12";NA;NA;NA;NA;NA;847;742;"SP";0;1;35
18;2022;"0-12";NA;NA;NA;NA;NA;839;894;"SP";0;1;35
19;2022;"0-12";NA;NA;NA;NA;NA;879;881;"SP";0;1;35
20;2022;"0-12";NA;NA;NA;NA;NA;875;862;"SP";0;1;35
21;2022;"0-12";NA;NA;NA;NA;NA;833;883;"SP";0;1;35
22;2022;"0-12";NA;NA;NA;NA;NA;780;755;"SP";0;1;35
23;2022;"0-12";NA;NA;NA;NA;NA;713;703;"SP";0;1;35
24;2022;"0-12";NA;NA;NA;NA;NA;686;682;"SP";0;1;35
25;2022;"0-12";NA;NA;NA;NA;NA;664;673;"SP";0;1;35
26;2022;"0-12";NA;NA;NA;NA;NA;636;638;"SP";0;1;35
27;2022;"0-12";NA;NA;NA;NA;NA;573;598;"SP";0;1;35
28;2022;"0-12";NA;NA;NA;NA;NA;469;483;"SP";0;1;35
29;2022;"0-12";NA;NA;NA;NA;NA;376;325;"SP";0;1;35
30;2022;"0-12";NA;NA;NA;NA;NA;390;319;"SP";0;1;35
31;2022;"0-12";NA;NA;NA;NA;NA;466;527;"SP";0;1;35
32;2022;"0-12";NA;NA;NA;NA;NA;545;552;"SP";0;1;35
33;2022;"0-12";NA;NA;NA;NA;NA;519;556;"SP";0;1;35
34;2022;"0-12";NA;NA;NA;NA;NA;482;449;"SP";0;1;35
35;2022;"0-12";NA;NA;NA;NA;NA;452;442;"SP";0;1;35
36;2022;"0-12";NA;NA;NA;NA;NA;443;464;"SP";0;1;35
37;2022;"0-12";NA;NA;NA;NA;NA;465;423;"SP";0;1;35
38;2022;"0-12";NA;NA;NA;NA;NA;495;507;"SP";0;1;35
39;2022;"0-12";NA;NA;NA;NA;NA;548;554;"SP";0;1;35
40;2022;"0-12";NA;NA;NA;NA;NA;584;582;"SP";0;1;35
41;2022;"0-12";NA;NA;NA;NA;NA;615;617;"SP";0;1;35
42;2022;"0-12";NA;NA;NA;NA;NA;624;646;"SP";0;1;35
43;2022;"0-12";NA;NA;NA;NA;NA;618;608;"SP";0;1;35
44;2022;"0-12";NA;NA;NA;NA;NA;655;600;"SP";0;1;35
45;2022;"0-12";NA;NA;NA;NA;NA;678;758;"SP";0;1;35
46;2022;"0-12";NA;NA;NA;NA;NA;680;676;"SP";0;1;35
47;2022;"0-12";NA;NA;NA;NA;NA;610;605;"SP";0;1;35
48;2022;"0-12";NA;NA;NA;NA;NA;585;548;"SP";0;1;35
49;2022;"0-12";NA;NA;NA;NA;NA;554;602;"SP";0;1;35
50;2022;"0-12";NA;NA;NA;NA;NA;544;512;"SP";0;1;35
51;2022;"0-12";NA;NA;NA;NA;NA;471;519;"SP";0;1;35
52;2022;"0-12";NA;NA;NA;NA;NA;407;382;"SP";0;1;35
1;2023;"0-12";NA;NA;NA;NA;NA;329;321;"SP";0;1;35
2;2023;"0-12";NA;NA;NA;NA;NA;314;283;"SP";0;1;35
3;2023;"0-12";NA;NA;NA;NA;NA;320;337;"SP";0;1;35
4;2023;"0-12";NA;NA;NA;NA;NA;392;340;"SP";0;1;35
5;2023;"0-12";NA;NA;NA;NA;NA;573;498;"SP";0;1;35
6;2023;"0-12";NA;NA;NA;NA;NA;820;882;"SP";0;1;35
7;2023;"0-12";NA;NA;NA;NA;NA;896;1080;"SP";0;1;35
8;2023;"0-12";NA;NA;NA;NA;NA;852;727;"SP";0;1;35
9;2023;"0-12";NA;NA;NA;NA;NA;812;750;"SP";0;1;35
10;2023;"0-12";NA;NA;NA;NA;NA;913;958;"SP";0;1;35
11;2023;"0-12";NA;NA;NA;NA;NA;1000;1030;"SP";0;1;35
12;2023;"0-12";NA;NA;NA;NA;NA;974;1011;"SP";0;1;35
13;2023;"0-12";NA;NA;NA;NA;NA;891;881;"SP";0;1;35
14;2023;"0-12";NA;NA;NA;NA;NA;831;781;"SP";0;1;35
15;2023;"0-12";NA;NA;NA;NA;NA;761;831;"SP";0;1;35
16;2023;"0-12";NA;NA;NA;NA;NA;725;672;"SP";0;1;35
17;2023;"0-12";NA;NA;NA;NA;NA;696;672;"SP";0;1;35
18;2023;"0-12";NA;NA;NA;NA;NA;695;745;"SP";0;1;35
19;2023;"0-12";NA;NA;NA;NA;NA;705;668;"SP";0;1;35
20;2023;"0-12";NA;NA;NA;NA;NA;700;701;"SP";0;1;35
21;2023;"0-12";NA;NA;NA;NA;NA;700;730;"SP";0;1;35
22;2023;"0-12";NA;NA;NA;NA;NA;651;670;"SP";0;1;35
23;2023;"0-12";NA;NA;NA;NA;NA;583;553;"SP";0;1;35
24;2023;"0-12";NA;NA;NA;NA;NA;573;527;"SP";0;1;35
25;2023;"0-12";NA;NA;NA;NA;NA;600;639;"SP";0;1;35
26;2023;"0-12";NA;NA;NA;NA;NA;618;633;"SP";0;1;35
27;2023;"0-12";NA;NA;NA;NA;NA;547;583;"SP";0;1;35
28;2023;"0-12";NA;NA;NA;NA;NA;438;425;"SP";0;1;35
29;2023;"0-12";NA;NA;NA;NA;NA;355;306;"SP";0;1;35
30;2023;"0-12";NA;NA;NA;NA;NA;384;334;"SP";0;1;35
31;2023;"0-12";NA;NA;NA;NA;NA;474;512;"SP";0;1;35
32;2023;"0-12";NA;NA;NA;NA;NA;549;575;"SP";0;1;35
33;2023;"0-12";NA;NA;NA;NA;NA;527;560;"SP";0;1;35
34;2023;"0-12";NA;NA;NA;NA;NA;468;445;"SP";0;1;35
35;2023;"0-12";NA;NA;NA;NA;NA;407;399;"SP";0;1;35
36;2023;"0-12";NA;NA;NA;NA;NA;403;377;"SP";0;1;35
37;2023;"0-12";NA;NA;NA;NA;NA;411;434;"SP";0;1;35
38;2023;"0-12";NA;NA;NA;NA;NA;415;422;"SP";0;1;35
39;2023;"0-12";NA;NA;NA;NA;NA;399;390;"SP";0;1;35
40;2023;"0-12";NA;NA;NA;NA;NA;421;384;"SP";0;1;35
41;2023;"0-12";NA;NA;NA;NA;NA;447;489;"SP";0;1;35
42;2023;"0-12";NA;NA;NA;NA;NA;486;468;"SP";0;1;35
43;2023;"0-12";NA;NA;NA;NA;NA;458;500;"SP";0;1;35
44;2023;"0-12";NA;NA;NA;NA;NA;433;405;"SP";0;1;35
45;2023;"0-12";NA;NA;NA;NA;NA;385;393;"SP";0;1;35
46;2023;"0-12";NA;NA;NA;NA;NA;359;356;"SP";0;1;35
47;2023;"0-12";NA;NA;NA;NA;NA;345;328;"SP";0;1;35
48;2023;"0-12";NA;NA;NA;NA;NA;339;351;"SP";0;1;35
49;2023;"0-12";NA;NA;NA;NA;NA;339;337;"SP";0;1;35
50;2023;"0-12";NA;NA;NA;NA;NA;297;328;"SP";0;1;35
51;2023;"0-12";NA;NA;NA;NA;NA;242;225;"SP";0;1;35
52;2023;"0-12";NA;NA;NA;NA;NA;201;173;"SP";0;1;35
1;2024;"0-12";NA;NA;NA;NA;NA;170;204;"SP";0;1;35
2;2024;"0-12";NA;NA;NA;NA;NA;157;133;"SP";0;1;35
3;2024;"0-12";NA;NA;NA;NA;NA;133;135;"SP";0;1;35
4;2024;"0-12";NA;NA;NA;NA;NA;150;131;"SP";0;1;35
5;2024;"0-12";NA;NA;NA;NA;NA;192;185;"SP";0;1;35
6;2024;"0-12";NA;NA;NA;NA;NA;260;261;"SP";0;1;35
7;2024;"0-12";NA;NA;NA;NA;NA;347;335;"SP";0;1;35
8;2024;"0-12";NA;NA;NA;NA;NA;431;445;"SP";0;1;35
9;2024;"0-12";NA;NA;NA;NA;NA;498;512;"SP";0;1;35
10;2024;"0-12";NA;NA;NA;NA;NA;555;536;"SP";0;1;35
11;2024;"0-12";NA;NA;NA;NA;NA;586;616;"SP";0;1;35
12;2024;"0-12";NA;NA;NA;NA;NA;649;605;"SP";0;1;35
13;2024;"0-12";NA;NA;NA;NA;NA;754;725;"SP";0;1;35
14;2024;"0-12";NA;NA;NA;NA;NA;856;931;"SP";0;1;35
15;2024;"0-12";NA;NA;NA;NA;NA;916;913;"SP";0;1;35
16;2024;"0-12";NA;NA;NA;NA;NA;893;905;"SP";0;1;35
17;2024;"0-12";NA;NA;NA;NA;NA;848;862;"SP";0;1;35
18;2024;"0-12";NA;NA;NA;NA;NA;779;778;"SP";0;1;35
19;2024;"0-12";NA;NA;NA;NA;NA;723;697;"SP";0;1;35
20;2024;"0-12";NA;NA;NA;NA;NA;673;694;"SP";0;1;35
21;2024;"0-12";NA;NA;NA;NA;NA;641;627;"SP";0;1;35
22;2024;"0-12";NA;NA;NA;NA;NA;640;602;"SP";0;1;35
23;2024;"0-12";NA;NA;NA;NA;NA;675;690;"SP";0;1;35
24;2024;"0-12";NA;NA;NA;NA;NA;705;733;"SP";0;1;35
25;2024;"0-12";NA;NA;NA;NA;NA;662;693;"SP";0;1;35
26;2024;"0-12";NA;NA;NA;NA;NA;594;560;"SP";0;1;35
27;2024;"0-12";NA;NA;NA;NA;NA;501;528;"SP";0;1;35
28;2024;"0-12";NA;NA;NA;NA;NA;441;414;"SP";0;1;35
29;2024;"0-12";NA;NA;NA;NA;NA;393;381;"SP";0;1;35
30;2024;"0-12";NA;NA;NA;NA;NA;397;384;"SP";0;1;35
31;2024;"0-12";NA;NA;NA;NA;NA;486;425;"SP";0;1;35
32;2024;"0-12";NA;NA;NA;NA;NA;566;650;"SP";0;1;35
33;2024;"0-12";NA;NA;NA;NA;NA;629;624;"SP";0;1;35
34;2024;"0-12";NA;NA;NA;NA;NA;578;614;"SP";0;1;35
35;2024;"0-12";NA;NA;NA;NA;NA;527;496;"SP";0;1;35
36;2024;"0-12";NA;NA;NA;NA;NA;483;470;"SP";0;1;35
37;2024;"0-12";NA;NA;NA;NA;NA;461;482;"SP";0;1;35
38;2024;"0-12";NA;NA;NA;NA;NA;444;431;"SP";0;1;35
39;2024;"0-12";NA;NA;NA;NA;NA;419;418;"SP";0;1;35
40;2024;"0-12";NA;NA;NA;NA;NA;402;409;"SP";0;1;35
41;2024;"0-12";NA;NA;NA;NA;NA;398;380;"SP";0;1;35
42;2024;"0-12";NA;NA;NA;NA;NA;395;404;"SP";0;1;35
43;2024;"0-12";NA;NA;NA;NA;NA;412;400;"SP";0;1;35
44;2024;"0-12";NA;NA;NA;NA;NA;434;431;"SP";0;1;35
45;2024;"0-12";NA;NA;NA;NA;NA;458;471;"SP";0;1;35
46;2024;"0-12";NA;NA;NA;NA;NA;456;473;"SP";0;1;35
47;2024;"0-12";NA;NA;NA;NA;NA;444;424;"SP";0;1;35
48;2024;"0-12";NA;NA;NA;NA;NA;417;434;"SP";0;1;35
49;2024;"0-12";NA;NA;NA;NA;NA;412;394;"SP";0;1;35
50;2024;"0-12";NA;NA;NA;NA;NA;368;408;"SP";0;1;35
51;2024;"0-12";NA;NA;NA;NA;NA;310;303;"SP";0;1;35
52;2024;"0-12";NA;NA;NA;NA;NA;246;220;"SP";0;1;35
1;2025;"0-12";NA;NA;NA;NA;NA;201;216;"SP";0;1;35
2;2025;"0-12";NA;NA;NA;NA;NA;190;166;"SP";0;1;35
3;2025;"0-12";NA;NA;NA;NA;NA;171;188;"SP";0;1;35
4;2025;"0-12";NA;NA;NA;NA;NA;165;159;"SP";0;1;35
5;2025;"0-12";NA;NA;NA;NA;NA;179;148;"SP";0;1;35
6;2025;"0-12";NA;NA;NA;NA;NA;262;230;"SP";0;1;35
7;2025;"0-12";NA;NA;NA;NA;NA;375;408;"SP";0;1;35
8;2025;"0-12";NA;NA;NA;NA;NA;465;487;"SP";0;1;35
9;2025;"0-12";NA;NA;NA;NA;NA;493;499;"SP";0;1;35
10;2025;"0-12";NA;NA;NA;NA;NA;484;493;"SP";0;1;35
11;2025;"0-12";NA;NA;NA;NA;NA;529;459;"SP";0;1;35
12;2025;"0-12";NA;NA;NA;NA;NA;633;634;"SP";0;1;35
13;2025;"0-12";NA;NA;NA;NA;NA;761;805;"SP";0;1;35
14;2025;"0-12";NA;NA;NA;NA;NA;868;845;"SP";0;1;35
15;2025;"0-12";NA;NA;NA;NA;NA;938;953;"SP";0;1;35
16;2025;"0-12";NA;NA;NA;NA;NA;1002;1015;"SP";0;1;35
17;2025;"0-12";NA;NA;NA;NA;NA;1048;1039;"SP";0;1;35
18;2025;"0-12";NA;NA;NA;NA;NA;1071;1090;"SP";0;1;35
19;2025;"0-12";NA;NA;NA;NA;NA;1117;1083;"SP";0;1;35
20;2025;"0-12";NA;NA;NA;NA;NA;1125;1179;"SP";0;1;35
21;2025;"0-12";NA;NA;NA;NA;NA;1089;1113;"SP";0;1;35
22;2025;"0-12";NA;NA;NA;NA;NA;1005;976;"SP";0;1;35
23;2025;"0-12";NA;NA;NA;NA;NA;897;927;"SP";0;1;35
24;2025;"0-12";NA;NA;NA;NA;NA;884;787;"SP";0;1;35
25;2025;"0-12";NA;NA;NA;NA;NA;819;937;"SP";0;1;35
26;2025;"0-12";NA;NA;NA;NA;NA;775;732;"SP";0;1;35
27;2025;"0-12";NA;NA;NA;NA;NA;656;656;"SP";0;1;35
28;2025;"0-12";NA;NA;NA;NA;NA;543;580;"SP";0;1;35
29;2025;"0-12";NA;NA;NA;NA;NA;453;394;"SP";0;1;35
30;2025;"0-12";NA;NA;NA;NA;NA;398;384;"SP";0;1;35
31;2025;"0-12";NA;NA;NA;NA;NA;457;416;"SP";0;1;35
32;2025;"0-12";NA;NA;NA;NA;NA;525;571;"SP";0;1;35
33;2025;"0-12";NA;NA;NA;NA;NA;562;587;"SP";0;1;35
34;2025;"0-12";NA;NA;NA;NA;NA;530;528;"SP";0;1;35
35;2025;"0-12";NA;NA;NA;NA;NA;486;474;"SP";0;1;35
36;2025;"0-12";NA;NA;NA;NA;NA;471;457;"SP";0;1;35
37;2025;"0-12";NA;NA;NA;NA;NA;498;483;"SP";0;1;35
38;2025;"0-12";NA;NA;NA;NA;NA;508;555;"SP";0;1;35
39;2025;"0-12";NA;NA;NA;NA;NA;529;487;"SP";0;1;35
40;2025;"0-12";NA;NA;NA;NA;NA;526;544;"SP";0;1;35
41;2025;"0-12";NA;NA;NA;NA;NA;554;547;"SP";0;1;35
42;2025;"0-12";NA;NA;NA;NA;NA;554;570;"SP";0;1;35
43;2025;"0-12";NA;NA;NA;NA;NA;564;544;"SP";0;1;35
44;2025;"0-12";NA;NA;NA;NA;NA;544;577;"SP";0;1;35
45;2025;"0-12";NA;NA;NA;NA;NA;556;510;"SP";0;1;35
46;2025;"0-12";NA;NA;NA;NA;NA;542;580;"SP";0;1;35
47;2025;"0-12";NA;NA;NA;NA;NA;497;535;"SP";0;1;35
48;2025;"0-12";NA;NA;NA;NA;NA;457;376;"SP";0;1;35
49;2025;"0-12";NA;NA;NA;NA;NA;388;459;"SP";0;1;35
50;2025;"0-12";NA;NA;NA;NA;NA;341;330;"SP";0;1;35
51;2025;"0-12";NA;NA;NA;NA;NA;244;235;"SP";0;1;35
52;2025;"0-12";NA;NA;NA;NA;NA;185;168;"SP";0;1;35
53;2025;"0-12";NA;NA;NA;NA;NA;150;152;"SP";0;1;35
1;2026;"0-12";NA;NA;NA;NA;NA;132;129;"SP";0;1;35
2;2026;"0-12";NA;NA;NA;NA;NA;119;115;"SP";0;1;35
3;2026;"0-12";NA;NA;NA;NA;NA;108;113;"SP";0;1;35
4;2026;"0-12";NA;NA;NA;NA;NA;142;95;"SP";0;1;35
5;2026;"0-12";NA;NA;NA;NA;NA;222;218;"SP";0;1;35
6;2026;"0-12";353;355;353;354;353;309;354;"SP";0;1;35
7;2026;"0-12";355;357;354;355;354;341;354;"SP";0;1;35
8;2026;"0-12";315;318,025;314;316;315;373;315;"SP";0;1;35
9;2026;"0-12";449;453;447;450;448;404;447;"SP";0;1;35
10;2026;"0-12";447;451;443;448;445;470;444;"SP";0;1;35
11;2026;"0-12";514;521;510;516;512;498;508;"SP";0;1;35
12;2026;"0-12";532;541;526;535;529;543;526;"SP";0;1;35
13;2026;"0-12";583;596;573,975;587;579;584;568;"SP";0;1;35
14;2026;"0-12";637,5;655;623;643;632;654;624;"SP";0;1;35
15;2026;"0-12";743;768;724;750;736;720;707;"SP";0;1;35
16;2026;"0-12";781;817;756;791,25;771;757;739;"SP";0;1;35
17;2026;"0-12";746,5;808;703;765;728;776;668;"SP";0;1;35
18;2026;"0-12";801;943;710,975;842;766;804;691;"SP";0;1;35
19;2026;"0-12";864;1323,05;570,975;1007,25;735,75;NA;773;"SP";0;1;35
1;2022;"0-12";NA;NA;NA;NA;NA;NA;7;"TO";-0,5;0,5;17
2;2022;"0-12";NA;NA;NA;NA;NA;6;6;"TO";-0,5;0,5;17
3;2022;"0-12";NA;NA;NA;NA;NA;5;5;"TO";-0,5;0,5;17
4;2022;"0-12";NA;NA;NA;NA;NA;4;3;"TO";-0,5;0,5;17
5;2022;"0-12";NA;NA;NA;NA;NA;3;4;"TO";-0,5;0,5;17
6;2022;"0-12";NA;NA;NA;NA;NA;5;2;"TO";-0,5;0,5;17
7;2022;"0-12";NA;NA;NA;NA;NA;5;9;"TO";-0,5;0,5;17
8;2022;"0-12";NA;NA;NA;NA;NA;8;4;"TO";-0,5;0,5;17
9;2022;"0-12";NA;NA;NA;NA;NA;9;11;"TO";-0,5;0,5;17
10;2022;"0-12";NA;NA;NA;NA;NA;13;13;"TO";-0,5;0,5;17
11;2022;"0-12";NA;NA;NA;NA;NA;16;16;"TO";-0,5;0,5;17
12;2022;"0-12";NA;NA;NA;NA;NA;15;18;"TO";-0,5;0,5;17
13;2022;"0-12";NA;NA;NA;NA;NA;14;10;"TO";-0,5;0,5;17
14;2022;"0-12";NA;NA;NA;NA;NA;11;13;"TO";-0,5;0,5;17
15;2022;"0-12";NA;NA;NA;NA;NA;9;11;"TO";-0,5;0,5;17
16;2022;"0-12";NA;NA;NA;NA;NA;7;3;"TO";-0,5;0,5;17
17;2022;"0-12";NA;NA;NA;NA;NA;8;8;"TO";-0,5;0,5;17
18;2022;"0-12";NA;NA;NA;NA;NA;10;14;"TO";-0,5;0,5;17
19;2022;"0-12";NA;NA;NA;NA;NA;9;9;"TO";-0,5;0,5;17
20;2022;"0-12";NA;NA;NA;NA;NA;6;5;"TO";-0,5;0,5;17
21;2022;"0-12";NA;NA;NA;NA;NA;4;3;"TO";-0,5;0,5;17
22;2022;"0-12";NA;NA;NA;NA;NA;3;3;"TO";-0,5;0,5;17
23;2022;"0-12";NA;NA;NA;NA;NA;5;4;"TO";-0,5;0,5;17
24;2022;"0-12";NA;NA;NA;NA;NA;5;7;"TO";-0,5;0,5;17
25;2022;"0-12";NA;NA;NA;NA;NA;7;3;"TO";-0,5;0,5;17
26;2022;"0-12";NA;NA;NA;NA;NA;6;10;"TO";-0,5;0,5;17
27;2022;"0-12";NA;NA;NA;NA;NA;6;6;"TO";-0,5;0,5;17
28;2022;"0-12";NA;NA;NA;NA;NA;4;2;"TO";-0,5;0,5;17
29;2022;"0-12";NA;NA;NA;NA;NA;2;4;"TO";-0,5;0,5;17
30;2022;"0-12";NA;NA;NA;NA;NA;2;1;"TO";-0,5;0,5;17
31;2022;"0-12";NA;NA;NA;NA;NA;2;1;"TO";-0,5;0,5;17
32;2022;"0-12";NA;NA;NA;NA;NA;2;4;"TO";-0,5;0,5;17
33;2022;"0-12";NA;NA;NA;NA;NA;2;1;"TO";-0,5;0,5;17
34;2022;"0-12";NA;NA;NA;NA;NA;2;1;"TO";-0,5;0,5;17
35;2022;"0-12";NA;NA;NA;NA;NA;2;4;"TO";-0,5;0,5;17
36;2022;"0-12";NA;NA;NA;NA;NA;2;1;"TO";-0,5;0,5;17
37;2022;"0-12";NA;NA;NA;NA;NA;2;1;"TO";-0,5;0,5;17
38;2022;"0-12";NA;NA;NA;NA;NA;2;3;"TO";-0,5;0,5;17
39;2022;"0-12";NA;NA;NA;NA;NA;2;1;"TO";-0,5;0,5;17
40;2022;"0-12";NA;NA;NA;NA;NA;1;2;"TO";-0,5;0,5;17
43;2022;"0-12";NA;NA;NA;NA;NA;2;1;"TO";-0,5;0,5;17
44;2022;"0-12";NA;NA;NA;NA;NA;2;2;"TO";-0,5;0,5;17
48;2022;"0-12";NA;NA;NA;NA;NA;2;2;"TO";-0,5;0,5;17
49;2022;"0-12";NA;NA;NA;NA;NA;1;1;"TO";-0,5;0,5;17
50;2022;"0-12";NA;NA;NA;NA;NA;2;1;"TO";-0,5;0,5;17
51;2022;"0-12";NA;NA;NA;NA;NA;2;4;"TO";-0,5;0,5;17
4;2023;"0-12";NA;NA;NA;NA;NA;2;2;"TO";-0,5;0,5;17
5;2023;"0-12";NA;NA;NA;NA;NA;2;1;"TO";-0,5;0,5;17
8;2023;"0-12";NA;NA;NA;NA;NA;2;2;"TO";-0,5;0,5;17
9;2023;"0-12";NA;NA;NA;NA;NA;3;3;"TO";-0,5;0,5;17
10;2023;"0-12";NA;NA;NA;NA;NA;2;3;"TO";-0,5;0,5;17
11;2023;"0-12";NA;NA;NA;NA;NA;4;1;"TO";-0,5;0,5;17
12;2023;"0-12";NA;NA;NA;NA;NA;4;8;"TO";-0,5;0,5;17
13;2023;"0-12";NA;NA;NA;NA;NA;4;3;"TO";-0,5;0,5;17
15;2023;"0-12";NA;NA;NA;NA;NA;3;2;"TO";-0,5;0,5;17
16;2023;"0-12";NA;NA;NA;NA;NA;4;5;"TO";-0,5;0,5;17
18;2023;"0-12";NA;NA;NA;NA;NA;6;5;"TO";-0,5;0,5;17
19;2023;"0-12";NA;NA;NA;NA;NA;4;7;"TO";-0,5;0,5;17
20;2023;"0-12";NA;NA;NA;NA;NA;5;1;"TO";-0,5;0,5;17
21;2023;"0-12";NA;NA;NA;NA;NA;4;8;"TO";-0,5;0,5;17
22;2023;"0-12";NA;NA;NA;NA;NA;5;3;"TO";-0,5;0,5;17
23;2023;"0-12";NA;NA;NA;NA;NA;3;3;"TO";-0,5;0,5;17
24;2023;"0-12";NA;NA;NA;NA;NA;3;2;"TO";-0,5;0,5;17
25;2023;"0-12";NA;NA;NA;NA;NA;2;3;"TO";-0,5;0,5;17
26;2023;"0-12";NA;NA;NA;NA;NA;2;1;"TO";-0,5;0,5;17
29;2023;"0-12";NA;NA;NA;NA;NA;1;1;"TO";-0,5;0,5;17
33;2023;"0-12";NA;NA;NA;NA;NA;1;1;"TO";-0,5;0,5;17
34;2023;"0-12";NA;NA;NA;NA;NA;2;2;"TO";-0,5;0,5;17
35;2023;"0-12";NA;NA;NA;NA;NA;2;2;"TO";-0,5;0,5;17
36;2023;"0-12";NA;NA;NA;NA;NA;2;1;"TO";-0,5;0,5;17
37;2023;"0-12";NA;NA;NA;NA;NA;2;2;"TO";-0,5;0,5;17
38;2023;"0-12";NA;NA;NA;NA;NA;2;2;"TO";-0,5;0,5;17
43;2023;"0-12";NA;NA;NA;NA;NA;2;1;"TO";-0,5;0,5;17
45;2023;"0-12";NA;NA;NA;NA;NA;1;2;"TO";-0,5;0,5;17
46;2023;"0-12";NA;NA;NA;NA;NA;1;1;"TO";-0,5;0,5;17
47;2023;"0-12";NA;NA;NA;NA;NA;1;1;"TO";-0,5;0,5;17
49;2023;"0-12";NA;NA;NA;NA;NA;1;2;"TO";-0,5;0,5;17
1;2024;"0-12";NA;NA;NA;NA;NA;2;1;"TO";-0,5;0,5;17
2;2024;"0-12";NA;NA;NA;NA;NA;1;2;"TO";-0,5;0,5;17
3;2024;"0-12";NA;NA;NA;NA;NA;3;1;"TO";-0,5;0,5;17
5;2024;"0-12";NA;NA;NA;NA;NA;2;5;"TO";-0,5;0,5;17
6;2024;"0-12";NA;NA;NA;NA;NA;3;1;"TO";-0,5;0,5;17
7;2024;"0-12";NA;NA;NA;NA;NA;2;2;"TO";-0,5;0,5;17
8;2024;"0-12";NA;NA;NA;NA;NA;3;2;"TO";-0,5;0,5;17
9;2024;"0-12";NA;NA;NA;NA;NA;5;6;"TO";-0,5;0,5;17
10;2024;"0-12";NA;NA;NA;NA;NA;8;8;"TO";-0,5;0,5;17
11;2024;"0-12";NA;NA;NA;NA;NA;7;11;"TO";-0,5;0,5;17
12;2024;"0-12";NA;NA;NA;NA;NA;9;2;"TO";-0,5;0,5;17
13;2024;"0-12";NA;NA;NA;NA;NA;9;13;"TO";-0,5;0,5;17
14;2024;"0-12";NA;NA;NA;NA;NA;11;12;"TO";-0,5;0,5;17
15;2024;"0-12";NA;NA;NA;NA;NA;13;9;"TO";-0,5;0,5;17
16;2024;"0-12";NA;NA;NA;NA;NA;16;18;"TO";-0,5;0,5;17
17;2024;"0-12";NA;NA;NA;NA;NA;17;21;"TO";-0,5;0,5;17
18;2024;"0-12";NA;NA;NA;NA;NA;14;13;"TO";-0,5;0,5;17
19;2024;"0-12";NA;NA;NA;NA;NA;9;9;"TO";-0,5;0,5;17
20;2024;"0-12";NA;NA;NA;NA;NA;8;6;"TO";-0,5;0,5;17
21;2024;"0-12";NA;NA;NA;NA;NA;10;10;"TO";-0,5;0,5;17
22;2024;"0-12";NA;NA;NA;NA;NA;11;15;"TO";-0,5;0,5;17
23;2024;"0-12";NA;NA;NA;NA;NA;8;7;"TO";-0,5;0,5;17
24;2024;"0-12";NA;NA;NA;NA;NA;4;3;"TO";-0,5;0,5;17
25;2024;"0-12";NA;NA;NA;NA;NA;3;1;"TO";-0,5;0,5;17
26;2024;"0-12";NA;NA;NA;NA;NA;3;5;"TO";-0,5;0,5;17
27;2024;"0-12";NA;NA;NA;NA;NA;4;3;"TO";-0,5;0,5;17
28;2024;"0-12";NA;NA;NA;NA;NA;3;4;"TO";-0,5;0,5;17
29;2024;"0-12";NA;NA;NA;NA;NA;2;1;"TO";-0,5;0,5;17
30;2024;"0-12";NA;NA;NA;NA;NA;1;1;"TO";-0,5;0,5;17
31;2024;"0-12";NA;NA;NA;NA;NA;1;2;"TO";-0,5;0,5;17
32;2024;"0-12";NA;NA;NA;NA;NA;2;1;"TO";-0,5;0,5;17
33;2024;"0-12";NA;NA;NA;NA;NA;2;4;"TO";-0,5;0,5;17
34;2024;"0-12";NA;NA;NA;NA;NA;3;1;"TO";-0,5;0,5;17
35;2024;"0-12";NA;NA;NA;NA;NA;4;5;"TO";-0,5;0,5;17
36;2024;"0-12";NA;NA;NA;NA;NA;4;6;"TO";-0,5;0,5;17
37;2024;"0-12";NA;NA;NA;NA;NA;3;2;"TO";-0,5;0,5;17
38;2024;"0-12";NA;NA;NA;NA;NA;3;2;"TO";-0,5;0,5;17
39;2024;"0-12";NA;NA;NA;NA;NA;5;6;"TO";-0,5;0,5;17
40;2024;"0-12";NA;NA;NA;NA;NA;5;6;"TO";-0,5;0,5;17
41;2024;"0-12";NA;NA;NA;NA;NA;5;4;"TO";-0,5;0,5;17
42;2024;"0-12";NA;NA;NA;NA;NA;5;5;"TO";-0,5;0,5;17
43;2024;"0-12";NA;NA;NA;NA;NA;5;5;"TO";-0,5;0,5;17
44;2024;"0-12";NA;NA;NA;NA;NA;4;5;"TO";-0,5;0,5;17
45;2024;"0-12";NA;NA;NA;NA;NA;4;3;"TO";-0,5;0,5;17
46;2024;"0-12";NA;NA;NA;NA;NA;3;3;"TO";-0,5;0,5;17
47;2024;"0-12";NA;NA;NA;NA;NA;3;2;"TO";-0,5;0,5;17
48;2024;"0-12";NA;NA;NA;NA;NA;3;4;"TO";-0,5;0,5;17
50;2024;"0-12";NA;NA;NA;NA;NA;3;3;"TO";-0,5;0,5;17
51;2024;"0-12";NA;NA;NA;NA;NA;3;1;"TO";-0,5;0,5;17
1;2025;"0-12";NA;NA;NA;NA;NA;2;4;"TO";-0,5;0,5;17
2;2025;"0-12";NA;NA;NA;NA;NA;3;1;"TO";-0,5;0,5;17
3;2025;"0-12";NA;NA;NA;NA;NA;3;3;"TO";-0,5;0,5;17
4;2025;"0-12";NA;NA;NA;NA;NA;3;4;"TO";-0,5;0,5;17
5;2025;"0-12";NA;NA;NA;NA;NA;3;3;"TO";-0,5;0,5;17
6;2025;"0-12";NA;NA;NA;NA;NA;6;3;"TO";-0,5;0,5;17
7;2025;"0-12";NA;NA;NA;NA;NA;8;11;"TO";-0,5;0,5;17
8;2025;"0-12";NA;NA;NA;NA;NA;8;11;"TO";-0,5;0,5;17
9;2025;"0-12";NA;NA;NA;NA;NA;7;3;"TO";-0,5;0,5;17
10;2025;"0-12";NA;NA;NA;NA;NA;5;6;"TO";-0,5;0,5;17
11;2025;"0-12";NA;NA;NA;NA;NA;6;6;"TO";-0,5;0,5;17
12;2025;"0-12";NA;NA;NA;NA;NA;6;6;"TO";-0,5;0,5;17
13;2025;"0-12";NA;NA;NA;NA;NA;5;6;"TO";-0,5;0,5;17
14;2025;"0-12";NA;NA;NA;NA;NA;4;2;"TO";-0,5;0,5;17
15;2025;"0-12";NA;NA;NA;NA;NA;7;5;"TO";-0,5;0,5;17
16;2025;"0-12";NA;NA;NA;NA;NA;9;14;"TO";-0,5;0,5;17
17;2025;"0-12";NA;NA;NA;NA;NA;12;7;"TO";-0,5;0,5;17
18;2025;"0-12";NA;NA;NA;NA;NA;14;16;"TO";-0,5;0,5;17
19;2025;"0-12";NA;NA;NA;NA;NA;19;20;"TO";-0,5;0,5;17
20;2025;"0-12";NA;NA;NA;NA;NA;18;20;"TO";-0,5;0,5;17
21;2025;"0-12";NA;NA;NA;NA;NA;17;14;"TO";-0,5;0,5;17
22;2025;"0-12";NA;NA;NA;NA;NA;14;17;"TO";-0,5;0,5;17
23;2025;"0-12";NA;NA;NA;NA;NA;12;11;"TO";-0,5;0,5;17
24;2025;"0-12";NA;NA;NA;NA;NA;9;7;"TO";-0,5;0,5;17
25;2025;"0-12";NA;NA;NA;NA;NA;7;10;"TO";-0,5;0,5;17
26;2025;"0-12";NA;NA;NA;NA;NA;7;5;"TO";-0,5;0,5;17
27;2025;"0-12";NA;NA;NA;NA;NA;5;6;"TO";-0,5;0,5;17
28;2025;"0-12";NA;NA;NA;NA;NA;3;3;"TO";-0,5;0,5;17
29;2025;"0-12";NA;NA;NA;NA;NA;2;1;"TO";-0,5;0,5;17
30;2025;"0-12";NA;NA;NA;NA;NA;1;1;"TO";-0,5;0,5;17
31;2025;"0-12";NA;NA;NA;NA;NA;2;2;"TO";-0,5;0,5;17
32;2025;"0-12";NA;NA;NA;NA;NA;3;3;"TO";-0,5;0,5;17
34;2025;"0-12";NA;NA;NA;NA;NA;6;4;"TO";-0,5;0,5;17
35;2025;"0-12";NA;NA;NA;NA;NA;7;10;"TO";-0,5;0,5;17
36;2025;"0-12";NA;NA;NA;NA;NA;7;7;"TO";-0,5;0,5;17
37;2025;"0-12";NA;NA;NA;NA;NA;6;4;"TO";-0,5;0,5;17
38;2025;"0-12";NA;NA;NA;NA;NA;5;7;"TO";-0,5;0,5;17
39;2025;"0-12";NA;NA;NA;NA;NA;7;5;"TO";-0,5;0,5;17
40;2025;"0-12";NA;NA;NA;NA;NA;6;9;"TO";-0,5;0,5;17
41;2025;"0-12";NA;NA;NA;NA;NA;6;4;"TO";-0,5;0,5;17
42;2025;"0-12";NA;NA;NA;NA;NA;4;6;"TO";-0,5;0,5;17
43;2025;"0-12";NA;NA;NA;NA;NA;4;2;"TO";-0,5;0,5;17
44;2025;"0-12";NA;NA;NA;NA;NA;4;5;"TO";-0,5;0,5;17
45;2025;"0-12";NA;NA;NA;NA;NA;4;5;"TO";-0,5;0,5;17
46;2025;"0-12";NA;NA;NA;NA;NA;4;3;"TO";-0,5;0,5;17
47;2025;"0-12";NA;NA;NA;NA;NA;4;4;"TO";-0,5;0,5;17
48;2025;"0-12";NA;NA;NA;NA;NA;5;4;"TO";-0,5;0,5;17
49;2025;"0-12";NA;NA;NA;NA;NA;4;6;"TO";-0,5;0,5;17
50;2025;"0-12";NA;NA;NA;NA;NA;4;3;"TO";-0,5;0,5;17
51;2025;"0-12";NA;NA;NA;NA;NA;3;3;"TO";-0,5;0,5;17
52;2025;"0-12";NA;NA;NA;NA;NA;4;4;"TO";-0,5;0,5;17
53;2025;"0-12";NA;NA;NA;NA;NA;4;4;"TO";-0,5;0,5;17
1;2026;"0-12";NA;NA;NA;NA;NA;3;3;"TO";-0,5;0,5;17
4;2026;"0-12";NA;NA;NA;NA;NA;2;2;"TO";-0,5;0,5;17
5;2026;"0-12";NA;NA;NA;NA;NA;2;1;"TO";-0,5;0,5;17
6;2026;"0-12";NA;NA;NA;NA;NA;3;3;"TO";-0,5;0,5;17
7;2026;"0-12";NA;NA;NA;NA;NA;3;5;"TO";-0,5;0,5;17
8;2026;"0-12";NA;NA;NA;NA;NA;5;2;"TO";-0,5;0,5;17
9;2026;"0-12";NA;NA;NA;NA;NA;6;7;"TO";-0,5;0,5;17
10;2026;"0-12";NA;NA;NA;NA;NA;7;9;"TO";-0,5;0,5;17
11;2026;"0-12";NA;NA;NA;NA;NA;10;6;"TO";-0,5;0,5;17
12;2026;"0-12";NA;NA;NA;NA;NA;11;16;"TO";-0,5;0,5;17
13;2026;"0-12";11;11,025;11;11;11;12;11;"TO";-0,5;0,5;17
14;2026;"0-12";8;9;8;8;8;9;8;"TO";-0,5;0,5;17
15;2026;"0-12";7;8;7;7;7;9;7;"TO";-0,5;0,5;17
16;2026;"0-12";11;12;11;11;11;9;11;"TO";-0,5;0,5;17
17;2026;"0-12";8;10;8;9;8;9;8;"TO";-0,5;0,5;17
18;2026;"0-12";9;11;8;9;8;7;8;"TO";-0,5;0,5;17
19;2026;"0-12";4;12;0;7;3;NA;4;"TO";-0,5;0,5;17
1;2022;"0-12";NA;NA;NA;NA;NA;NA;2127;"BR";0,5;1;0
2;2022;"0-12";NA;NA;NA;NA;NA;1822;1803;"BR";0,5;1;0
3;2022;"0-12";NA;NA;NA;NA;NA;1527;1535;"BR";0,5;1;0
4;2022;"0-12";NA;NA;NA;NA;NA;1289;1243;"BR";0,5;1;0
5;2022;"0-12";NA;NA;NA;NA;NA;1171;1090;"BR";0,5;1;0
6;2022;"0-12";NA;NA;NA;NA;NA;1337;1180;"BR";0,5;1;0
7;2022;"0-12";NA;NA;NA;NA;NA;1658;1740;"BR";0,5;1;0
8;2022;"0-12";NA;NA;NA;NA;NA;2047;2055;"BR";0,5;1;0
9;2022;"0-12";NA;NA;NA;NA;NA;2254;2347;"BR";0,5;1;0
10;2022;"0-12";NA;NA;NA;NA;NA;2402;2360;"BR";0,5;1;0
11;2022;"0-12";NA;NA;NA;NA;NA;2523;2499;"BR";0,5;1;0
12;2022;"0-12";NA;NA;NA;NA;NA;2637;2710;"BR";0,5;1;0
13;2022;"0-12";NA;NA;NA;NA;NA;2728;2702;"BR";0,5;1;0
14;2022;"0-12";NA;NA;NA;NA;NA;2754;2771;"BR";0,5;1;0
15;2022;"0-12";NA;NA;NA;NA;NA;2820;2789;"BR";0,5;1;0
16;2022;"0-12";NA;NA;NA;NA;NA;2762;2901;"BR";0,5;1;0
17;2022;"0-12";NA;NA;NA;NA;NA;2839;2597;"BR";0,5;1;0
18;2022;"0-12";NA;NA;NA;NA;NA;2933;3018;"BR";0,5;1;0
19;2022;"0-12";NA;NA;NA;NA;NA;3145;3183;"BR";0,5;1;0
20;2022;"0-12";NA;NA;NA;NA;NA;3151;3233;"BR";0,5;1;0
21;2022;"0-12";NA;NA;NA;NA;NA;3055;3036;"BR";0,5;1;0
22;2022;"0-12";NA;NA;NA;NA;NA;2911;2895;"BR";0,5;1;0
23;2022;"0-12";NA;NA;NA;NA;NA;2770;2801;"BR";0,5;1;0
24;2022;"0-12";NA;NA;NA;NA;NA;2650;2614;"BR";0,5;1;0
25;2022;"0-12";NA;NA;NA;NA;NA;2551;2536;"BR";0,5;1;0
26;2022;"0-12";NA;NA;NA;NA;NA;2445;2502;"BR";0,5;1;0
27;2022;"0-12";NA;NA;NA;NA;NA;2246;2296;"BR";0,5;1;0
28;2022;"0-12";NA;NA;NA;NA;NA;1932;1941;"BR";0,5;1;0
29;2022;"0-12";NA;NA;NA;NA;NA;1602;1560;"BR";0,5;1;0
30;2022;"0-12";NA;NA;NA;NA;NA;1543;1304;"BR";0,5;1;0
31;2022;"0-12";NA;NA;NA;NA;NA;1633;1764;"BR";0,5;1;0
32;2022;"0-12";NA;NA;NA;NA;NA;1841;1831;"BR";0,5;1;0
33;2022;"0-12";NA;NA;NA;NA;NA;1785;1929;"BR";0,5;1;0
34;2022;"0-12";NA;NA;NA;NA;NA;1690;1596;"BR";0,5;1;0
35;2022;"0-12";NA;NA;NA;NA;NA;1520;1544;"BR";0,5;1;0
36;2022;"0-12";NA;NA;NA;NA;NA;1431;1420;"BR";0,5;1;0
37;2022;"0-12";NA;NA;NA;NA;NA;1390;1330;"BR";0,5;1;0
38;2022;"0-12";NA;NA;NA;NA;NA;1421;1419;"BR";0,5;1;0
39;2022;"0-12";NA;NA;NA;NA;NA;1487;1513;"BR";0,5;1;0
40;2022;"0-12";NA;NA;NA;NA;NA;1562;1530;"BR";0,5;1;0
41;2022;"0-12";NA;NA;NA;NA;NA;1606;1644;"BR";0,5;1;0
42;2022;"0-12";NA;NA;NA;NA;NA;1599;1645;"BR";0,5;1;0
43;2022;"0-12";NA;NA;NA;NA;NA;1575;1508;"BR";0,5;1;0
44;2022;"0-12";NA;NA;NA;NA;NA;1627;1572;"BR";0,5;1;0
45;2022;"0-12";NA;NA;NA;NA;NA;1694;1802;"BR";0,5;1;0
46;2022;"0-12";NA;NA;NA;NA;NA;1694;1708;"BR";0,5;1;0
47;2022;"0-12";NA;NA;NA;NA;NA;1588;1572;"BR";0,5;1;0
48;2022;"0-12";NA;NA;NA;NA;NA;1537;1485;"BR";0,5;1;0
49;2022;"0-12";NA;NA;NA;NA;NA;1486;1555;"BR";0,5;1;0
50;2022;"0-12";NA;NA;NA;NA;NA;1494;1419;"BR";0,5;1;0
51;2022;"0-12";NA;NA;NA;NA;NA;1378;1508;"BR";0,5;1;0
52;2022;"0-12";NA;NA;NA;NA;NA;1289;1206;"BR";0,5;1;0
1;2023;"0-12";NA;NA;NA;NA;NA;1098;1153;"BR";0,5;1;0
2;2023;"0-12";NA;NA;NA;NA;NA;1016;934;"BR";0,5;1;0
3;2023;"0-12";NA;NA;NA;NA;NA;958;961;"BR";0,5;1;0
4;2023;"0-12";NA;NA;NA;NA;NA;1088;979;"BR";0,5;1;0
5;2023;"0-12";NA;NA;NA;NA;NA;1431;1324;"BR";0,5;1;0
6;2023;"0-12";NA;NA;NA;NA;NA;1956;1991;"BR";0,5;1;0
7;2023;"0-12";NA;NA;NA;NA;NA;2257;2552;"BR";0,5;1;0
8;2023;"0-12";NA;NA;NA;NA;NA;2373;2228;"BR";0,5;1;0
9;2023;"0-12";NA;NA;NA;NA;NA;2407;2338;"BR";0,5;1;0
10;2023;"0-12";NA;NA;NA;NA;NA;2670;2655;"BR";0,5;1;0
11;2023;"0-12";NA;NA;NA;NA;NA;2978;3016;"BR";0,5;1;0
12;2023;"0-12";NA;NA;NA;NA;NA;3125;3262;"BR";0,5;1;0
13;2023;"0-12";NA;NA;NA;NA;NA;3115;3096;"BR";0,5;1;0
14;2023;"0-12";NA;NA;NA;NA;NA;3115;2987;"BR";0,5;1;0
15;2023;"0-12";NA;NA;NA;NA;NA;3130;3263;"BR";0,5;1;0
16;2023;"0-12";NA;NA;NA;NA;NA;3101;3140;"BR";0,5;1;0
17;2023;"0-12";NA;NA;NA;NA;NA;3198;2899;"BR";0,5;1;0
18;2023;"0-12";NA;NA;NA;NA;NA;3306;3554;"BR";0,5;1;0
19;2023;"0-12";NA;NA;NA;NA;NA;3602;3465;"BR";0,5;1;0
20;2023;"0-12";NA;NA;NA;NA;NA;3591;3786;"BR";0,5;1;0
21;2023;"0-12";NA;NA;NA;NA;NA;3509;3521;"BR";0,5;1;0
22;2023;"0-12";NA;NA;NA;NA;NA;3237;3219;"BR";0,5;1;0
23;2023;"0-12";NA;NA;NA;NA;NA;2964;2970;"BR";0,5;1;0
24;2023;"0-12";NA;NA;NA;NA;NA;2852;2704;"BR";0,5;1;0
25;2023;"0-12";NA;NA;NA;NA;NA;2819;2883;"BR";0,5;1;0
26;2023;"0-12";NA;NA;NA;NA;NA;2775;2870;"BR";0,5;1;0
27;2023;"0-12";NA;NA;NA;NA;NA;2576;2572;"BR";0,5;1;0
28;2023;"0-12";NA;NA;NA;NA;NA;2248;2286;"BR";0,5;1;0
29;2023;"0-12";NA;NA;NA;NA;NA;1931;1886;"BR";0,5;1;0
30;2023;"0-12";NA;NA;NA;NA;NA;1798;1621;"BR";0,5;1;0
31;2023;"0-12";NA;NA;NA;NA;NA;1840;1887;"BR";0,5;1;0
32;2023;"0-12";NA;NA;NA;NA;NA;1997;2012;"BR";0,5;1;0
33;2023;"0-12";NA;NA;NA;NA;NA;2048;2092;"BR";0,5;1;0
34;2023;"0-12";NA;NA;NA;NA;NA;1981;2041;"BR";0,5;1;0
35;2023;"0-12";NA;NA;NA;NA;NA;1845;1811;"BR";0,5;1;0
36;2023;"0-12";NA;NA;NA;NA;NA;1732;1683;"BR";0,5;1;0
37;2023;"0-12";NA;NA;NA;NA;NA;1693;1702;"BR";0,5;1;0
38;2023;"0-12";NA;NA;NA;NA;NA;1650;1695;"BR";0,5;1;0
39;2023;"0-12";NA;NA;NA;NA;NA;1599;1553;"BR";0,5;1;0
40;2023;"0-12";NA;NA;NA;NA;NA;1554;1550;"BR";0,5;1;0
41;2023;"0-12";NA;NA;NA;NA;NA;1561;1559;"BR";0,5;1;0
42;2023;"0-12";NA;NA;NA;NA;NA;1600;1574;"BR";0,5;1;0
43;2023;"0-12";NA;NA;NA;NA;NA;1554;1667;"BR";0,5;1;0
44;2023;"0-12";NA;NA;NA;NA;NA;1508;1422;"BR";0,5;1;0
45;2023;"0-12";NA;NA;NA;NA;NA;1393;1434;"BR";0,5;1;0
46;2023;"0-12";NA;NA;NA;NA;NA;1338;1322;"BR";0,5;1;0
47;2023;"0-12";NA;NA;NA;NA;NA;1288;1259;"BR";0,5;1;0
48;2023;"0-12";NA;NA;NA;NA;NA;1278;1282;"BR";0,5;1;0
49;2023;"0-12";NA;NA;NA;NA;NA;1283;1292;"BR";0,5;1;0
50;2023;"0-12";NA;NA;NA;NA;NA;1169;1275;"BR";0,5;1;0
51;2023;"0-12";NA;NA;NA;NA;NA;998;940;"BR";0,5;1;0
52;2023;"0-12";NA;NA;NA;NA;NA;835;780;"BR";0,5;1;0
1;2024;"0-12";NA;NA;NA;NA;NA;728;784;"BR";0,5;1;0
2;2024;"0-12";NA;NA;NA;NA;NA;672;620;"BR";0,5;1;0
3;2024;"0-12";NA;NA;NA;NA;NA;612;613;"BR";0,5;1;0
4;2024;"0-12";NA;NA;NA;NA;NA;645;602;"BR";0,5;1;0
5;2024;"0-12";NA;NA;NA;NA;NA;705;720;"BR";0,5;1;0
6;2024;"0-12";NA;NA;NA;NA;NA;844;792;"BR";0,5;1;0
7;2024;"0-12";NA;NA;NA;NA;NA;1081;1020;"BR";0,5;1;0
8;2024;"0-12";NA;NA;NA;NA;NA;1465;1431;"BR";0,5;1;0
9;2024;"0-12";NA;NA;NA;NA;NA;1829;1945;"BR";0,5;1;0
10;2024;"0-12";NA;NA;NA;NA;NA;2167;2110;"BR";0,5;1;0
11;2024;"0-12";NA;NA;NA;NA;NA;2319;2447;"BR";0,5;1;0
12;2024;"0-12";NA;NA;NA;NA;NA;2510;2400;"BR";0,5;1;0
13;2024;"0-12";NA;NA;NA;NA;NA;2827;2684;"BR";0,5;1;0
14;2024;"0-12";NA;NA;NA;NA;NA;3227;3398;"BR";0,5;1;0
15;2024;"0-12";NA;NA;NA;NA;NA;3611;3598;"BR";0,5;1;0
16;2024;"0-12";NA;NA;NA;NA;NA;3748;3836;"BR";0,5;1;0
17;2024;"0-12";NA;NA;NA;NA;NA;3795;3811;"BR";0,5;1;0
18;2024;"0-12";NA;NA;NA;NA;NA;3667;3739;"BR";0,5;1;0
19;2024;"0-12";NA;NA;NA;NA;NA;3587;3452;"BR";0,5;1;0
20;2024;"0-12";NA;NA;NA;NA;NA;3509;3570;"BR";0,5;1;0
21;2024;"0-12";NA;NA;NA;NA;NA;3473;3506;"BR";0,5;1;0
22;2024;"0-12";NA;NA;NA;NA;NA;3372;3343;"BR";0,5;1;0
23;2024;"0-12";NA;NA;NA;NA;NA;3298;3267;"BR";0,5;1;0
24;2024;"0-12";NA;NA;NA;NA;NA;3210;3285;"BR";0,5;1;0
25;2024;"0-12";NA;NA;NA;NA;NA;3005;3079;"BR";0,5;1;0
26;2024;"0-12";NA;NA;NA;NA;NA;2785;2651;"BR";0,5;1;0
27;2024;"0-12";NA;NA;NA;NA;NA;2471;2624;"BR";0,5;1;0
28;2024;"0-12";NA;NA;NA;NA;NA;2235;2138;"BR";0,5;1;0
29;2024;"0-12";NA;NA;NA;NA;NA;1930;1942;"BR";0,5;1;0
30;2024;"0-12";NA;NA;NA;NA;NA;1814;1711;"BR";0,5;1;0
31;2024;"0-12";NA;NA;NA;NA;NA;1864;1790;"BR";0,5;1;0
32;2024;"0-12";NA;NA;NA;NA;NA;2063;2092;"BR";0,5;1;0
33;2024;"0-12";NA;NA;NA;NA;NA;2253;2306;"BR";0,5;1;0
34;2024;"0-12";NA;NA;NA;NA;NA;2222;2361;"BR";0,5;1;0
35;2024;"0-12";NA;NA;NA;NA;NA;2179;2000;"BR";0,5;1;0
36;2024;"0-12";NA;NA;NA;NA;NA;2070;2177;"BR";0,5;1;0
37;2024;"0-12";NA;NA;NA;NA;NA;2055;2033;"BR";0,5;1;0
38;2024;"0-12";NA;NA;NA;NA;NA;1899;1954;"BR";0,5;1;0
39;2024;"0-12";NA;NA;NA;NA;NA;1803;1710;"BR";0,5;1;0
40;2024;"0-12";NA;NA;NA;NA;NA;1712;1744;"BR";0,5;1;0
41;2024;"0-12";NA;NA;NA;NA;NA;1711;1681;"BR";0,5;1;0
42;2024;"0-12";NA;NA;NA;NA;NA;1704;1709;"BR";0,5;1;0
43;2024;"0-12";NA;NA;NA;NA;NA;1726;1722;"BR";0,5;1;0
44;2024;"0-12";NA;NA;NA;NA;NA;1707;1747;"BR";0,5;1;0
45;2024;"0-12";NA;NA;NA;NA;NA;1676;1652;"BR";0,5;1;0
46;2024;"0-12";NA;NA;NA;NA;NA;1617;1630;"BR";0,5;1;0
47;2024;"0-12";NA;NA;NA;NA;NA;1568;1569;"BR";0,5;1;0
48;2024;"0-12";NA;NA;NA;NA;NA;1564;1506;"BR";0,5;1;0
49;2024;"0-12";NA;NA;NA;NA;NA;1532;1617;"BR";0,5;1;0
50;2024;"0-12";NA;NA;NA;NA;NA;1423;1474;"BR";0,5;1;0
51;2024;"0-12";NA;NA;NA;NA;NA;1200;1177;"BR";0,5;1;0
52;2024;"0-12";NA;NA;NA;NA;NA;1029;949;"BR";0,5;1;0
1;2025;"0-12";NA;NA;NA;NA;NA;916;961;"BR";0,5;1;0
2;2025;"0-12";NA;NA;NA;NA;NA;881;839;"BR";0,5;1;0
3;2025;"0-12";NA;NA;NA;NA;NA;832;844;"BR";0,5;1;0
4;2025;"0-12";NA;NA;NA;NA;NA;843;814;"BR";0,5;1;0
5;2025;"0-12";NA;NA;NA;NA;NA;907;872;"BR";0,5;1;0
6;2025;"0-12";NA;NA;NA;NA;NA;1152;1034;"BR";0,5;1;0
7;2025;"0-12";NA;NA;NA;NA;NA;1486;1551;"BR";0,5;1;0
8;2025;"0-12";NA;NA;NA;NA;NA;1809;1872;"BR";0,5;1;0
9;2025;"0-12";NA;NA;NA;NA;NA;1972;2004;"BR";0,5;1;0
10;2025;"0-12";NA;NA;NA;NA;NA;2028;2040;"BR";0,5;1;0
11;2025;"0-12";NA;NA;NA;NA;NA;2231;2040;"BR";0,5;1;0
12;2025;"0-12";NA;NA;NA;NA;NA;2545;2613;"BR";0,5;1;0
13;2025;"0-12";NA;NA;NA;NA;NA;3023;2981;"BR";0,5;1;0
14;2025;"0-12";NA;NA;NA;NA;NA;3380;3475;"BR";0,5;1;0
15;2025;"0-12";NA;NA;NA;NA;NA;3663;3685;"BR";0,5;1;0
16;2025;"0-12";NA;NA;NA;NA;NA;3879;3829;"BR";0,5;1;0
17;2025;"0-12";NA;NA;NA;NA;NA;4248;4123;"BR";0,5;1;0
18;2025;"0-12";NA;NA;NA;NA;NA;4735;4792;"BR";0,5;1;0
19;2025;"0-12";NA;NA;NA;NA;NA;5240;5289;"BR";0,5;1;0
20;2025;"0-12";NA;NA;NA;NA;NA;5594;5640;"BR";0,5;1;0
21;2025;"0-12";NA;NA;NA;NA;NA;5622;5853;"BR";0,5;1;0
22;2025;"0-12";NA;NA;NA;NA;NA;5614;5373;"BR";0,5;1;0
23;2025;"0-12";NA;NA;NA;NA;NA;5299;5617;"BR";0,5;1;0
24;2025;"0-12";NA;NA;NA;NA;NA;5061;4908;"BR";0,5;1;0
25;2025;"0-12";NA;NA;NA;NA;NA;4512;4659;"BR";0,5;1;0
26;2025;"0-12";NA;NA;NA;NA;NA;4138;3968;"BR";0,5;1;0
27;2025;"0-12";NA;NA;NA;NA;NA;3765;3788;"BR";0,5;1;0
28;2025;"0-12";NA;NA;NA;NA;NA;3442;3540;"BR";0,5;1;0
29;2025;"0-12";NA;NA;NA;NA;NA;3060;2997;"BR";0,5;1;0
30;2025;"0-12";NA;NA;NA;NA;NA;2653;2644;"BR";0,5;1;0
31;2025;"0-12";NA;NA;NA;NA;NA;2444;2318;"BR";0,5;1;0
32;2025;"0-12";NA;NA;NA;NA;NA;2443;2371;"BR";0,5;1;0
33;2025;"0-12";NA;NA;NA;NA;NA;2551;2640;"BR";0,5;1;0
34;2025;"0-12";NA;NA;NA;NA;NA;2561;2642;"BR";0,5;1;0
35;2025;"0-12";NA;NA;NA;NA;NA;2486;2402;"BR";0,5;1;0
36;2025;"0-12";NA;NA;NA;NA;NA;2420;2414;"BR";0,5;1;0
37;2025;"0-12";NA;NA;NA;NA;NA;2425;2443;"BR";0,5;1;0
38;2025;"0-12";NA;NA;NA;NA;NA;2357;2418;"BR";0,5;1;0
39;2025;"0-12";NA;NA;NA;NA;NA;2375;2211;"BR";0,5;1;0
40;2025;"0-12";NA;NA;NA;NA;NA;2354;2496;"BR";0,5;1;0
41;2025;"0-12";NA;NA;NA;NA;NA;2410;2354;"BR";0,5;1;0
42;2025;"0-12";NA;NA;NA;NA;NA;2330;2379;"BR";0,5;1;0
43;2025;"0-12";NA;NA;NA;NA;NA;2327;2257;"BR";0,5;1;0
44;2025;"0-12";NA;NA;NA;NA;NA;2213;2345;"BR";0,5;1;0
45;2025;"0-12";NA;NA;NA;NA;NA;2178;2037;"BR";0,5;1;0
46;2025;"0-12";NA;NA;NA;NA;NA;2089;2152;"BR";0,5;1;0
47;2025;"0-12";NA;NA;NA;NA;NA;2010;2078;"BR";0,5;1;0
48;2025;"0-12";NA;NA;NA;NA;NA;1926;1801;"BR";0,5;1;0
49;2025;"0-12";NA;NA;NA;NA;NA;1801;1899;"BR";0,5;1;0
50;2025;"0-12";NA;NA;NA;NA;NA;1667;1703;"BR";0,5;1;0
51;2025;"0-12";NA;NA;NA;NA;NA;1378;1400;"BR";0,5;1;0
52;2025;"0-12";NA;NA;NA;NA;NA;1142;1030;"BR";0,5;1;0
53;2025;"0-12";NA;NA;NA;NA;NA;985;997;"BR";0,5;1;0
1;2026;"0-12";NA;NA;NA;NA;NA;903;927;"BR";0,5;1;0
2;2026;"0-12";NA;NA;NA;NA;NA;838;786;"BR";0,5;1;0
3;2026;"0-12";NA;NA;NA;NA;NA;782;800;"BR";0,5;1;0
4;2026;"0-12";NA;NA;NA;NA;NA;889;760;"BR";0,5;1;0
5;2026;"0-12";NA;NA;NA;NA;NA;1113;1107;"BR";0,5;1;0
6;2026;"0-12";NA;NA;NA;NA;NA;1503;1472;"BR";0,5;1;0
7;2026;"0-12";NA;NA;NA;NA;NA;1751;1929;"BR";0,5;1;0
8;2026;"0-12";1852;1858;1848;1854;1850;2168;1849;"BR";0,5;1;0
9;2026;"0-12";2723;2733;2716;2726;2720;2426;2720;"BR";0,5;1;0
10;2026;"0-12";2703;2717;2693;2708;2699;2720;2691;"BR";0,5;1;0
11;2026;"0-12";2735,5;2755;2721;2741;2730;2718;2712;"BR";0,5;1;0
12;2026;"0-12";2716;2739;2697,975;2723;2709;2814;2676;"BR";0,5;1;0
13;2026;"0-12";2991;3022;2963;3000;2980;3010;2929;"BR";0,5;1;0
14;2026;"0-12";3322;3377,025;3280,975;3338;3306;3311;3220;"BR";0,5;1;0
15;2026;"0-12";3621;3709,075;3555,975;3645;3596;3600;3458;"BR";0,5;1;0
16;2026;"0-12";3857,5;3993,025;3745,9;3896;3818;3772;3622;"BR";0,5;1;0
17;2026;"0-12";3838;4054,125;3660;3905,25;3779;3906;3414;"BR";0,5;1;0
18;2026;"0-12";4023,5;4545,225;3633,925;4188,25;3872,75;4053;3295;"BR";0,5;1;0
19;2026;"0-12";4297;6265,3;3110,675;4820,25;3783;NA;3297;"BR";0,5;1;0
1;2022;"> 12";NA;NA;NA;NA;NA;NA;44;"AC";0;0;12
2;2022;"> 12";NA;NA;NA;NA;NA;45;45;"AC";0;0;12
3;2022;"> 12";NA;NA;NA;NA;NA;43;45;"AC";0;0;12
4;2022;"> 12";NA;NA;NA;NA;NA;42;39;"AC";0;0;12
5;2022;"> 12";NA;NA;NA;NA;NA;35;43;"AC";0;0;12
6;2022;"> 12";NA;NA;NA;NA;NA;29;23;"AC";0;0;12
7;2022;"> 12";NA;NA;NA;NA;NA;17;21;"AC";0;0;12
8;2022;"> 12";NA;NA;NA;NA;NA;10;6;"AC";0;0;12
9;2022;"> 12";NA;NA;NA;NA;NA;7;4;"AC";0;0;12
10;2022;"> 12";NA;NA;NA;NA;NA;8;11;"AC";0;0;12
11;2022;"> 12";NA;NA;NA;NA;NA;9;10;"AC";0;0;12
12;2022;"> 12";NA;NA;NA;NA;NA;10;7;"AC";0;0;12
13;2022;"> 12";NA;NA;NA;NA;NA;13;12;"AC";0;0;12
14;2022;"> 12";NA;NA;NA;NA;NA;16;21;"AC";0;0;12
15;2022;"> 12";NA;NA;NA;NA;NA;18;14;"AC";0;0;12
16;2022;"> 12";NA;NA;NA;NA;NA;16;18;"AC";0;0;12
17;2022;"> 12";NA;NA;NA;NA;NA;20;16;"AC";0;0;12
18;2022;"> 12";NA;NA;NA;NA;NA;20;26;"AC";0;0;12
19;2022;"> 12";NA;NA;NA;NA;NA;21;19;"AC";0;0;12
20;2022;"> 12";NA;NA;NA;NA;NA;16;19;"AC";0;0;12
21;2022;"> 12";NA;NA;NA;NA;NA;14;11;"AC";0;0;12
22;2022;"> 12";NA;NA;NA;NA;NA;19;13;"AC";0;0;12
23;2022;"> 12";NA;NA;NA;NA;NA;22;32;"AC";0;0;12
24;2022;"> 12";NA;NA;NA;NA;NA;24;22;"AC";0;0;12
25;2022;"> 12";NA;NA;NA;NA;NA;22;19;"AC";0;0;12
26;2022;"> 12";NA;NA;NA;NA;NA;20;24;"AC";0;0;12
27;2022;"> 12";NA;NA;NA;NA;NA;21;16;"AC";0;0;12
28;2022;"> 12";NA;NA;NA;NA;NA;18;22;"AC";0;0;12
29;2022;"> 12";NA;NA;NA;NA;NA;16;16;"AC";0;0;12
30;2022;"> 12";NA;NA;NA;NA;NA;16;11;"AC";0;0;12
31;2022;"> 12";NA;NA;NA;NA;NA;14;21;"AC";0;0;12
32;2022;"> 12";NA;NA;NA;NA;NA;14;10;"AC";0;0;12
33;2022;"> 12";NA;NA;NA;NA;NA;13;11;"AC";0;0;12
34;2022;"> 12";NA;NA;NA;NA;NA;12;18;"AC";0;0;12
35;2022;"> 12";NA;NA;NA;NA;NA;16;8;"AC";0;0;12
36;2022;"> 12";NA;NA;NA;NA;NA;15;23;"AC";0;0;12
37;2022;"> 12";NA;NA;NA;NA;NA;17;14;"AC";0;0;12
38;2022;"> 12";NA;NA;NA;NA;NA;12;13;"AC";0;0;12
39;2022;"> 12";NA;NA;NA;NA;NA;12;9;"AC";0;0;12
40;2022;"> 12";NA;NA;NA;NA;NA;12;13;"AC";0;0;12
41;2022;"> 12";NA;NA;NA;NA;NA;11;13;"AC";0;0;12
42;2022;"> 12";NA;NA;NA;NA;NA;9;8;"AC";0;0;12
43;2022;"> 12";NA;NA;NA;NA;NA;9;7;"AC";0;0;12
44;2022;"> 12";NA;NA;NA;NA;NA;10;11;"AC";0;0;12
45;2022;"> 12";NA;NA;NA;NA;NA;11;11;"AC";0;0;12
46;2022;"> 12";NA;NA;NA;NA;NA;11;12;"AC";0;0;12
47;2022;"> 12";NA;NA;NA;NA;NA;12;11;"AC";0;0;12
48;2022;"> 12";NA;NA;NA;NA;NA;14;13;"AC";0;0;12
49;2022;"> 12";NA;NA;NA;NA;NA;15;18;"AC";0;0;12
50;2022;"> 12";NA;NA;NA;NA;NA;16;13;"AC";0;0;12
51;2022;"> 12";NA;NA;NA;NA;NA;16;17;"AC";0;0;12
52;2022;"> 12";NA;NA;NA;NA;NA;16;18;"AC";0;0;12
1;2023;"> 12";NA;NA;NA;NA;NA;16;14;"AC";0;0;12
2;2023;"> 12";NA;NA;NA;NA;NA;15;16;"AC";0;0;12
3;2023;"> 12";NA;NA;NA;NA;NA;16;15;"AC";0;0;12
4;2023;"> 12";NA;NA;NA;NA;NA;15;17;"AC";0;0;12
5;2023;"> 12";NA;NA;NA;NA;NA;15;14;"AC";0;0;12
6;2023;"> 12";NA;NA;NA;NA;NA;13;14;"AC";0;0;12
7;2023;"> 12";NA;NA;NA;NA;NA;12;10;"AC";0;0;12
8;2023;"> 12";NA;NA;NA;NA;NA;11;13;"AC";0;0;12
9;2023;"> 12";NA;NA;NA;NA;NA;10;9;"AC";0;0;12
10;2023;"> 12";NA;NA;NA;NA;NA;9;8;"AC";0;0;12
11;2023;"> 12";NA;NA;NA;NA;NA;11;10;"AC";0;0;12
12;2023;"> 12";NA;NA;NA;NA;NA;10;14;"AC";0;0;12
13;2023;"> 12";NA;NA;NA;NA;NA;10;7;"AC";0;0;12
14;2023;"> 12";NA;NA;NA;NA;NA;11;9;"AC";0;0;12
15;2023;"> 12";NA;NA;NA;NA;NA;17;18;"AC";0;0;12
16;2023;"> 12";NA;NA;NA;NA;NA;17;24;"AC";0;0;12
17;2023;"> 12";NA;NA;NA;NA;NA;15;9;"AC";0;0;12
18;2023;"> 12";NA;NA;NA;NA;NA;13;13;"AC";0;0;12
19;2023;"> 12";NA;NA;NA;NA;NA;15;17;"AC";0;0;12
20;2023;"> 12";NA;NA;NA;NA;NA;18;16;"AC";0;0;12
21;2023;"> 12";NA;NA;NA;NA;NA;15;20;"AC";0;0;12
22;2023;"> 12";NA;NA;NA;NA;NA;15;9;"AC";0;0;12
23;2023;"> 12";NA;NA;NA;NA;NA;12;15;"AC";0;0;12
24;2023;"> 12";NA;NA;NA;NA;NA;13;12;"AC";0;0;12
25;2023;"> 12";NA;NA;NA;NA;NA;14;12;"AC";0;0;12
26;2023;"> 12";NA;NA;NA;NA;NA;15;18;"AC";0;0;12
27;2023;"> 12";NA;NA;NA;NA;NA;17;14;"AC";0;0;12
28;2023;"> 12";NA;NA;NA;NA;NA;19;20;"AC";0;0;12
29;2023;"> 12";NA;NA;NA;NA;NA;17;22;"AC";0;0;12
30;2023;"> 12";NA;NA;NA;NA;NA;16;10;"AC";0;0;12
31;2023;"> 12";NA;NA;NA;NA;NA;13;15;"AC";0;0;12
32;2023;"> 12";NA;NA;NA;NA;NA;12;13;"AC";0;0;12
33;2023;"> 12";NA;NA;NA;NA;NA;12;9;"AC";0;0;12
34;2023;"> 12";NA;NA;NA;NA;NA;13;15;"AC";0;0;12
35;2023;"> 12";NA;NA;NA;NA;NA;15;14;"AC";0;0;12
36;2023;"> 12";NA;NA;NA;NA;NA;12;15;"AC";0;0;12
37;2023;"> 12";NA;NA;NA;NA;NA;11;8;"AC";0;0;12
38;2023;"> 12";NA;NA;NA;NA;NA;11;10;"AC";0;0;12
39;2023;"> 12";NA;NA;NA;NA;NA;12;14;"AC";0;0;12
40;2023;"> 12";NA;NA;NA;NA;NA;15;12;"AC";0;0;12
41;2023;"> 12";NA;NA;NA;NA;NA;15;18;"AC";0;0;12
42;2023;"> 12";NA;NA;NA;NA;NA;15;14;"AC";0;0;12
43;2023;"> 12";NA;NA;NA;NA;NA;14;14;"AC";0;0;12
44;2023;"> 12";NA;NA;NA;NA;NA;13;14;"AC";0;0;12
45;2023;"> 12";NA;NA;NA;NA;NA;13;10;"AC";0;0;12
46;2023;"> 12";NA;NA;NA;NA;NA;12;16;"AC";0;0;12
47;2023;"> 12";NA;NA;NA;NA;NA;14;11;"AC";0;0;12
48;2023;"> 12";NA;NA;NA;NA;NA;15;16;"AC";0;0;12
49;2023;"> 12";NA;NA;NA;NA;NA;15;17;"AC";0;0;12
50;2023;"> 12";NA;NA;NA;NA;NA;11;13;"AC";0;0;12
51;2023;"> 12";NA;NA;NA;NA;NA;10;4;"AC";0;0;12
52;2023;"> 12";NA;NA;NA;NA;NA;12;12;"AC";0;0;12
1;2024;"> 12";NA;NA;NA;NA;NA;15;19;"AC";0;0;12
2;2024;"> 12";NA;NA;NA;NA;NA;15;15;"AC";0;0;12
3;2024;"> 12";NA;NA;NA;NA;NA;12;11;"AC";0;0;12
4;2024;"> 12";NA;NA;NA;NA;NA;12;10;"AC";0;0;12
5;2024;"> 12";NA;NA;NA;NA;NA;16;16;"AC";0;0;12
6;2024;"> 12";NA;NA;NA;NA;NA;16;22;"AC";0;0;12
7;2024;"> 12";NA;NA;NA;NA;NA;14;9;"AC";0;0;12
8;2024;"> 12";NA;NA;NA;NA;NA;12;11;"AC";0;0;12
9;2024;"> 12";NA;NA;NA;NA;NA;14;16;"AC";0;0;12
10;2024;"> 12";NA;NA;NA;NA;NA;14;15;"AC";0;0;12
11;2024;"> 12";NA;NA;NA;NA;NA;15;12;"AC";0;0;12
12;2024;"> 12";NA;NA;NA;NA;NA;14;18;"AC";0;0;12
13;2024;"> 12";NA;NA;NA;NA;NA;15;13;"AC";0;0;12
14;2024;"> 12";NA;NA;NA;NA;NA;14;14;"AC";0;0;12
15;2024;"> 12";NA;NA;NA;NA;NA;22;16;"AC";0;0;12
16;2024;"> 12";NA;NA;NA;NA;NA;25;36;"AC";0;0;12
17;2024;"> 12";NA;NA;NA;NA;NA;34;23;"AC";0;0;12
18;2024;"> 12";NA;NA;NA;NA;NA;35;43;"AC";0;0;12
19;2024;"> 12";NA;NA;NA;NA;NA;40;38;"AC";0;0;12
20;2024;"> 12";NA;NA;NA;NA;NA;36;40;"AC";0;0;12
21;2024;"> 12";NA;NA;NA;NA;NA;33;30;"AC";0;0;12
22;2024;"> 12";NA;NA;NA;NA;NA;27;30;"AC";0;0;12
23;2024;"> 12";NA;NA;NA;NA;NA;22;21;"AC";0;0;12
24;2024;"> 12";NA;NA;NA;NA;NA;19;15;"AC";0;0;12
25;2024;"> 12";NA;NA;NA;NA;NA;18;20;"AC";0;0;12
26;2024;"> 12";NA;NA;NA;NA;NA;21;20;"AC";0;0;12
27;2024;"> 12";NA;NA;NA;NA;NA;21;22;"AC";0;0;12
28;2024;"> 12";NA;NA;NA;NA;NA;20;20;"AC";0;0;12
29;2024;"> 12";NA;NA;NA;NA;NA;17;18;"AC";0;0;12
30;2024;"> 12";NA;NA;NA;NA;NA;14;14;"AC";0;0;12
31;2024;"> 12";NA;NA;NA;NA;NA;13;10;"AC";0;0;12
32;2024;"> 12";NA;NA;NA;NA;NA;12;15;"AC";0;0;12
33;2024;"> 12";NA;NA;NA;NA;NA;13;10;"AC";0;0;12
34;2024;"> 12";NA;NA;NA;NA;NA;12;13;"AC";0;0;12
35;2024;"> 12";NA;NA;NA;NA;NA;12;12;"AC";0;0;12
36;2024;"> 12";NA;NA;NA;NA;NA;11;11;"AC";0;0;12
37;2024;"> 12";NA;NA;NA;NA;NA;11;10;"AC";0;0;12
38;2024;"> 12";NA;NA;NA;NA;NA;12;12;"AC";0;0;12
39;2024;"> 12";NA;NA;NA;NA;NA;13;14;"AC";0;0;12
40;2024;"> 12";NA;NA;NA;NA;NA;12;13;"AC";0;0;12
41;2024;"> 12";NA;NA;NA;NA;NA;10;10;"AC";0;0;12
42;2024;"> 12";NA;NA;NA;NA;NA;6;7;"AC";0;0;12
43;2024;"> 12";NA;NA;NA;NA;NA;8;2;"AC";0;0;12
44;2024;"> 12";NA;NA;NA;NA;NA;7;14;"AC";0;0;12
45;2024;"> 12";NA;NA;NA;NA;NA;9;6;"AC";0;0;12
46;2024;"> 12";NA;NA;NA;NA;NA;5;6;"AC";0;0;12
47;2024;"> 12";NA;NA;NA;NA;NA;4;4;"AC";0;0;12
48;2024;"> 12";NA;NA;NA;NA;NA;7;2;"AC";0;0;12
49;2024;"> 12";NA;NA;NA;NA;NA;11;16;"AC";0;0;12
50;2024;"> 12";NA;NA;NA;NA;NA;14;14;"AC";0;0;12
51;2024;"> 12";NA;NA;NA;NA;NA;12;11;"AC";0;0;12
52;2024;"> 12";NA;NA;NA;NA;NA;12;10;"AC";0;0;12
1;2025;"> 12";NA;NA;NA;NA;NA;13;14;"AC";0;0;12
2;2025;"> 12";NA;NA;NA;NA;NA;15;15;"AC";0;0;12
3;2025;"> 12";NA;NA;NA;NA;NA;15;17;"AC";0;0;12
4;2025;"> 12";NA;NA;NA;NA;NA;15;14;"AC";0;0;12
5;2025;"> 12";NA;NA;NA;NA;NA;12;13;"AC";0;0;12
6;2025;"> 12";NA;NA;NA;NA;NA;12;10;"AC";0;0;12
7;2025;"> 12";NA;NA;NA;NA;NA;11;12;"AC";0;0;12
8;2025;"> 12";NA;NA;NA;NA;NA;12;11;"AC";0;0;12
9;2025;"> 12";NA;NA;NA;NA;NA;11;13;"AC";0;0;12
10;2025;"> 12";NA;NA;NA;NA;NA;12;8;"AC";0;0;12
11;2025;"> 12";NA;NA;NA;NA;NA;12;15;"AC";0;0;12
12;2025;"> 12";NA;NA;NA;NA;NA;13;12;"AC";0;0;12
13;2025;"> 12";NA;NA;NA;NA;NA;11;12;"AC";0;0;12
14;2025;"> 12";NA;NA;NA;NA;NA;9;8;"AC";0;0;12
15;2025;"> 12";NA;NA;NA;NA;NA;10;8;"AC";0;0;12
16;2025;"> 12";NA;NA;NA;NA;NA;9;14;"AC";0;0;12
17;2025;"> 12";NA;NA;NA;NA;NA;9;4;"AC";0;0;12
18;2025;"> 12";NA;NA;NA;NA;NA;11;9;"AC";0;0;12
19;2025;"> 12";NA;NA;NA;NA;NA;14;20;"AC";0;0;12
20;2025;"> 12";NA;NA;NA;NA;NA;17;14;"AC";0;0;12
21;2025;"> 12";NA;NA;NA;NA;NA;15;17;"AC";0;0;12
22;2025;"> 12";NA;NA;NA;NA;NA;17;15;"AC";0;0;12
23;2025;"> 12";NA;NA;NA;NA;NA;15;20;"AC";0;0;12
24;2025;"> 12";NA;NA;NA;NA;NA;15;9;"AC";0;0;12
25;2025;"> 12";NA;NA;NA;NA;NA;15;16;"AC";0;0;12
26;2025;"> 12";NA;NA;NA;NA;NA;15;21;"AC";0;0;12
27;2025;"> 12";NA;NA;NA;NA;NA;14;9;"AC";0;0;12
28;2025;"> 12";NA;NA;NA;NA;NA;13;13;"AC";0;0;12
29;2025;"> 12";NA;NA;NA;NA;NA;13;18;"AC";0;0;12
30;2025;"> 12";NA;NA;NA;NA;NA;13;8;"AC";0;0;12
31;2025;"> 12";NA;NA;NA;NA;NA;11;14;"AC";0;0;12
32;2025;"> 12";NA;NA;NA;NA;NA;13;10;"AC";0;0;12
33;2025;"> 12";NA;NA;NA;NA;NA;12;14;"AC";0;0;12
34;2025;"> 12";NA;NA;NA;NA;NA;12;13;"AC";0;0;12
35;2025;"> 12";NA;NA;NA;NA;NA;11;10;"AC";0;0;12
36;2025;"> 12";NA;NA;NA;NA;NA;10;11;"AC";0;0;12
37;2025;"> 12";NA;NA;NA;NA;NA;11;10;"AC";0;0;12
38;2025;"> 12";NA;NA;NA;NA;NA;8;12;"AC";0;0;12
39;2025;"> 12";NA;NA;NA;NA;NA;6;1;"AC";0;0;12
40;2025;"> 12";NA;NA;NA;NA;NA;7;6;"AC";0;0;12
41;2025;"> 12";NA;NA;NA;NA;NA;10;14;"AC";0;0;12
42;2025;"> 12";NA;NA;NA;NA;NA;11;9;"AC";0;0;12
43;2025;"> 12";NA;NA;NA;NA;NA;9;11;"AC";0;0;12
44;2025;"> 12";NA;NA;NA;NA;NA;8;6;"AC";0;0;12
45;2025;"> 12";NA;NA;NA;NA;NA;7;6;"AC";0;0;12
46;2025;"> 12";NA;NA;NA;NA;NA;9;8;"AC";0;0;12
47;2025;"> 12";NA;NA;NA;NA;NA;12;12;"AC";0;0;12
48;2025;"> 12";NA;NA;NA;NA;NA;15;15;"AC";0;0;12
49;2025;"> 12";NA;NA;NA;NA;NA;17;19;"AC";0;0;12
50;2025;"> 12";NA;NA;NA;NA;NA;16;17;"AC";0;0;12
51;2025;"> 12";NA;NA;NA;NA;NA;14;11;"AC";0;0;12
52;2025;"> 12";NA;NA;NA;NA;NA;14;14;"AC";0;0;12
53;2025;"> 12";NA;NA;NA;NA;NA;17;16;"AC";0;0;12
1;2026;"> 12";NA;NA;NA;NA;NA;19;21;"AC";0;0;12
2;2026;"> 12";NA;NA;NA;NA;NA;18;21;"AC";0;0;12
3;2026;"> 12";NA;NA;NA;NA;NA;19;11;"AC";0;0;12
4;2026;"> 12";NA;NA;NA;NA;NA;19;24;"AC";0;0;12
5;2026;"> 12";NA;NA;NA;NA;NA;17;21;"AC";0;0;12
6;2026;"> 12";NA;NA;NA;NA;NA;13;7;"AC";0;0;12
7;2026;"> 12";NA;NA;NA;NA;NA;11;10;"AC";0;0;12
8;2026;"> 12";NA;NA;NA;NA;NA;14;17;"AC";0;0;12
9;2026;"> 12";NA;NA;NA;NA;NA;17;16;"AC";0;0;12
10;2026;"> 12";NA;NA;NA;NA;NA;17;18;"AC";0;0;12
11;2026;"> 12";NA;NA;NA;NA;NA;16;16;"AC";0;0;12
12;2026;"> 12";NA;NA;NA;NA;NA;15;14;"AC";0;0;12
13;2026;"> 12";NA;NA;NA;NA;NA;16;15;"AC";0;0;12
14;2026;"> 12";18;19;18;18;18;14;18;"AC";0;0;12
15;2026;"> 12";8;10;8;9;8;13;8;"AC";0;0;12
16;2026;"> 12";13;16;13;14;13;12;14;"AC";0;0;12
17;2026;"> 12";15;17,025;14;16;14;13;19;"AC";0;0;12
18;2026;"> 12";12;17;9;13;11;13;12;"AC";0;0;12
19;2026;"> 12";11;24;4;15;8;NA;9;"AC";0;0;12
1;2022;"> 12";NA;NA;NA;NA;NA;NA;150;"AL";0,5;0;27
2;2022;"> 12";NA;NA;NA;NA;NA;161;156;"AL";0,5;0;27
3;2022;"> 12";NA;NA;NA;NA;NA;168;176;"AL";0,5;0;27
4;2022;"> 12";NA;NA;NA;NA;NA;172;171;"AL";0,5;0;27
5;2022;"> 12";NA;NA;NA;NA;NA;138;168;"AL";0,5;0;27
6;2022;"> 12";NA;NA;NA;NA;NA;92;76;"AL";0,5;0;27
7;2022;"> 12";NA;NA;NA;NA;NA;44;33;"AL";0,5;0;27
8;2022;"> 12";NA;NA;NA;NA;NA;22;23;"AL";0,5;0;27
9;2022;"> 12";NA;NA;NA;NA;NA;17;11;"AL";0,5;0;27
10;2022;"> 12";NA;NA;NA;NA;NA;12;17;"AL";0,5;0;27
11;2022;"> 12";NA;NA;NA;NA;NA;10;9;"AL";0,5;0;27
12;2022;"> 12";NA;NA;NA;NA;NA;8;3;"AL";0,5;0;27
13;2022;"> 12";NA;NA;NA;NA;NA;7;12;"AL";0,5;0;27
14;2022;"> 12";NA;NA;NA;NA;NA;9;6;"AL";0,5;0;27
15;2022;"> 12";NA;NA;NA;NA;NA;8;9;"AL";0,5;0;27
16;2022;"> 12";NA;NA;NA;NA;NA;9;10;"AL";0,5;0;27
17;2022;"> 12";NA;NA;NA;NA;NA;10;8;"AL";0,5;0;27
18;2022;"> 12";NA;NA;NA;NA;NA;10;13;"AL";0,5;0;27
19;2022;"> 12";NA;NA;NA;NA;NA;12;10;"AL";0,5;0;27
20;2022;"> 12";NA;NA;NA;NA;NA;10;13;"AL";0,5;0;27
21;2022;"> 12";NA;NA;NA;NA;NA;13;8;"AL";0,5;0;27
22;2022;"> 12";NA;NA;NA;NA;NA;16;19;"AL";0,5;0;27
23;2022;"> 12";NA;NA;NA;NA;NA;27;21;"AL";0,5;0;27
24;2022;"> 12";NA;NA;NA;NA;NA;39;41;"AL";0,5;0;27
25;2022;"> 12";NA;NA;NA;NA;NA;61;56;"AL";0,5;0;27
26;2022;"> 12";NA;NA;NA;NA;NA;71;86;"AL";0,5;0;27
27;2022;"> 12";NA;NA;NA;NA;NA;66;72;"AL";0,5;0;27
28;2022;"> 12";NA;NA;NA;NA;NA;46;40;"AL";0,5;0;27
29;2022;"> 12";NA;NA;NA;NA;NA;28;26;"AL";0,5;0;27
30;2022;"> 12";NA;NA;NA;NA;NA;20;17;"AL";0,5;0;27
31;2022;"> 12";NA;NA;NA;NA;NA;15;17;"AL";0,5;0;27
32;2022;"> 12";NA;NA;NA;NA;NA;12;12;"AL";0,5;0;27
33;2022;"> 12";NA;NA;NA;NA;NA;9;7;"AL";0,5;0;27
34;2022;"> 12";NA;NA;NA;NA;NA;7;8;"AL";0,5;0;27
35;2022;"> 12";NA;NA;NA;NA;NA;7;6;"AL";0,5;0;27
36;2022;"> 12";NA;NA;NA;NA;NA;6;7;"AL";0,5;0;27
37;2022;"> 12";NA;NA;NA;NA;NA;4;4;"AL";0,5;0;27
38;2022;"> 12";NA;NA;NA;NA;NA;3;1;"AL";0,5;0;27
39;2022;"> 12";NA;NA;NA;NA;NA;3;5;"AL";0,5;0;27
40;2022;"> 12";NA;NA;NA;NA;NA;4;3;"AL";0,5;0;27
41;2022;"> 12";NA;NA;NA;NA;NA;5;5;"AL";0,5;0;27
42;2022;"> 12";NA;NA;NA;NA;NA;7;8;"AL";0,5;0;27
43;2022;"> 12";NA;NA;NA;NA;NA;9;7;"AL";0,5;0;27
44;2022;"> 12";NA;NA;NA;NA;NA;11;13;"AL";0,5;0;27
45;2022;"> 12";NA;NA;NA;NA;NA;16;12;"AL";0,5;0;27
46;2022;"> 12";NA;NA;NA;NA;NA;26;24;"AL";0,5;0;27
47;2022;"> 12";NA;NA;NA;NA;NA;35;42;"AL";0,5;0;27
48;2022;"> 12";NA;NA;NA;NA;NA;44;38;"AL";0,5;0;27
49;2022;"> 12";NA;NA;NA;NA;NA;44;52;"AL";0,5;0;27
50;2022;"> 12";NA;NA;NA;NA;NA;42;42;"AL";0,5;0;27
51;2022;"> 12";NA;NA;NA;NA;NA;29;33;"AL";0,5;0;27
52;2022;"> 12";NA;NA;NA;NA;NA;17;11;"AL";0,5;0;27
1;2023;"> 12";NA;NA;NA;NA;NA;8;6;"AL";0,5;0;27
2;2023;"> 12";NA;NA;NA;NA;NA;6;7;"AL";0,5;0;27
3;2023;"> 12";NA;NA;NA;NA;NA;5;4;"AL";0,5;0;27
4;2023;"> 12";NA;NA;NA;NA;NA;5;5;"AL";0,5;0;27
5;2023;"> 12";NA;NA;NA;NA;NA;7;5;"AL";0,5;0;27
6;2023;"> 12";NA;NA;NA;NA;NA;10;12;"AL";0,5;0;27
7;2023;"> 12";NA;NA;NA;NA;NA;11;14;"AL";0,5;0;27
8;2023;"> 12";NA;NA;NA;NA;NA;9;8;"AL";0,5;0;27
9;2023;"> 12";NA;NA;NA;NA;NA;7;5;"AL";0,5;0;27
10;2023;"> 12";NA;NA;NA;NA;NA;7;7;"AL";0,5;0;27
11;2023;"> 12";NA;NA;NA;NA;NA;7;8;"AL";0,5;0;27
12;2023;"> 12";NA;NA;NA;NA;NA;9;5;"AL";0,5;0;27
13;2023;"> 12";NA;NA;NA;NA;NA;11;14;"AL";0,5;0;27
14;2023;"> 12";NA;NA;NA;NA;NA;14;15;"AL";0,5;0;27
15;2023;"> 12";NA;NA;NA;NA;NA;15;14;"AL";0,5;0;27
16;2023;"> 12";NA;NA;NA;NA;NA;17;17;"AL";0,5;0;27
17;2023;"> 12";NA;NA;NA;NA;NA;20;19;"AL";0,5;0;27
18;2023;"> 12";NA;NA;NA;NA;NA;21;25;"AL";0,5;0;27
19;2023;"> 12";NA;NA;NA;NA;NA;20;19;"AL";0,5;0;27
20;2023;"> 12";NA;NA;NA;NA;NA;17;17;"AL";0,5;0;27
21;2023;"> 12";NA;NA;NA;NA;NA;15;15;"AL";0,5;0;27
22;2023;"> 12";NA;NA;NA;NA;NA;16;12;"AL";0,5;0;27
23;2023;"> 12";NA;NA;NA;NA;NA;15;22;"AL";0,5;0;27
24;2023;"> 12";NA;NA;NA;NA;NA;14;10;"AL";0,5;0;27
25;2023;"> 12";NA;NA;NA;NA;NA;11;11;"AL";0,5;0;27
26;2023;"> 12";NA;NA;NA;NA;NA;11;11;"AL";0,5;0;27
27;2023;"> 12";NA;NA;NA;NA;NA;11;12;"AL";0,5;0;27
28;2023;"> 12";NA;NA;NA;NA;NA;10;9;"AL";0,5;0;27
29;2023;"> 12";NA;NA;NA;NA;NA;10;9;"AL";0,5;0;27
30;2023;"> 12";NA;NA;NA;NA;NA;9;11;"AL";0,5;0;27
31;2023;"> 12";NA;NA;NA;NA;NA;8;6;"AL";0,5;0;27
32;2023;"> 12";NA;NA;NA;NA;NA;6;7;"AL";0,5;0;27
33;2023;"> 12";NA;NA;NA;NA;NA;8;6;"AL";0,5;0;27
34;2023;"> 12";NA;NA;NA;NA;NA;7;10;"AL";0,5;0;27
35;2023;"> 12";NA;NA;NA;NA;NA;6;5;"AL";0,5;0;27
36;2023;"> 12";NA;NA;NA;NA;NA;3;4;"AL";0,5;0;27
38;2023;"> 12";NA;NA;NA;NA;NA;3;1;"AL";0,5;0;27
39;2023;"> 12";NA;NA;NA;NA;NA;4;4;"AL";0,5;0;27
40;2023;"> 12";NA;NA;NA;NA;NA;4;6;"AL";0,5;0;27
41;2023;"> 12";NA;NA;NA;NA;NA;3;2;"AL";0,5;0;27
42;2023;"> 12";NA;NA;NA;NA;NA;3;2;"AL";0,5;0;27
43;2023;"> 12";NA;NA;NA;NA;NA;4;4;"AL";0,5;0;27
44;2023;"> 12";NA;NA;NA;NA;NA;5;7;"AL";0,5;0;27
45;2023;"> 12";NA;NA;NA;NA;NA;6;5;"AL";0,5;0;27
46;2023;"> 12";NA;NA;NA;NA;NA;5;5;"AL";0,5;0;27
47;2023;"> 12";NA;NA;NA;NA;NA;6;6;"AL";0,5;0;27
48;2023;"> 12";NA;NA;NA;NA;NA;8;6;"AL";0,5;0;27
49;2023;"> 12";NA;NA;NA;NA;NA;10;11;"AL";0,5;0;27
50;2023;"> 12";NA;NA;NA;NA;NA;12;13;"AL";0,5;0;27
51;2023;"> 12";NA;NA;NA;NA;NA;12;12;"AL";0,5;0;27
52;2023;"> 12";NA;NA;NA;NA;NA;11;11;"AL";0,5;0;27
1;2024;"> 12";NA;NA;NA;NA;NA;12;11;"AL";0,5;0;27
2;2024;"> 12";NA;NA;NA;NA;NA;10;13;"AL";0,5;0;27
3;2024;"> 12";NA;NA;NA;NA;NA;8;6;"AL";0,5;0;27
4;2024;"> 12";NA;NA;NA;NA;NA;7;5;"AL";0,5;0;27
5;2024;"> 12";NA;NA;NA;NA;NA;7;9;"AL";0,5;0;27
6;2024;"> 12";NA;NA;NA;NA;NA;8;6;"AL";0,5;0;27
7;2024;"> 12";NA;NA;NA;NA;NA;7;8;"AL";0,5;0;27
8;2024;"> 12";NA;NA;NA;NA;NA;9;8;"AL";0,5;0;27
9;2024;"> 12";NA;NA;NA;NA;NA;14;11;"AL";0,5;0;27
10;2024;"> 12";NA;NA;NA;NA;NA;15;22;"AL";0,5;0;27
11;2024;"> 12";NA;NA;NA;NA;NA;17;13;"AL";0,5;0;27
12;2024;"> 12";NA;NA;NA;NA;NA;13;15;"AL";0,5;0;27
13;2024;"> 12";NA;NA;NA;NA;NA;15;10;"AL";0,5;0;27
14;2024;"> 12";NA;NA;NA;NA;NA;17;20;"AL";0,5;0;27
15;2024;"> 12";NA;NA;NA;NA;NA;20;22;"AL";0,5;0;27
16;2024;"> 12";NA;NA;NA;NA;NA;18;17;"AL";0,5;0;27
17;2024;"> 12";NA;NA;NA;NA;NA;17;16;"AL";0,5;0;27
18;2024;"> 12";NA;NA;NA;NA;NA;17;18;"AL";0,5;0;27
19;2024;"> 12";NA;NA;NA;NA;NA;16;16;"AL";0,5;0;27
20;2024;"> 12";NA;NA;NA;NA;NA;15;15;"AL";0,5;0;27
21;2024;"> 12";NA;NA;NA;NA;NA;13;15;"AL";0,5;0;27
22;2024;"> 12";NA;NA;NA;NA;NA;11;8;"AL";0,5;0;27
23;2024;"> 12";NA;NA;NA;NA;NA;8;9;"AL";0,5;0;27
24;2024;"> 12";NA;NA;NA;NA;NA;8;8;"AL";0,5;0;27
25;2024;"> 12";NA;NA;NA;NA;NA;9;8;"AL";0,5;0;27
26;2024;"> 12";NA;NA;NA;NA;NA;10;11;"AL";0,5;0;27
27;2024;"> 12";NA;NA;NA;NA;NA;10;11;"AL";0,5;0;27
28;2024;"> 12";NA;NA;NA;NA;NA;8;7;"AL";0,5;0;27
29;2024;"> 12";NA;NA;NA;NA;NA;5;5;"AL";0,5;0;27
30;2024;"> 12";NA;NA;NA;NA;NA;6;3;"AL";0,5;0;27
31;2024;"> 12";NA;NA;NA;NA;NA;7;9;"AL";0,5;0;27
32;2024;"> 12";NA;NA;NA;NA;NA;10;8;"AL";0,5;0;27
33;2024;"> 12";NA;NA;NA;NA;NA;9;14;"AL";0,5;0;27
34;2024;"> 12";NA;NA;NA;NA;NA;11;6;"AL";0,5;0;27
35;2024;"> 12";NA;NA;NA;NA;NA;8;12;"AL";0,5;0;27
36;2024;"> 12";NA;NA;NA;NA;NA;11;6;"AL";0,5;0;27
37;2024;"> 12";NA;NA;NA;NA;NA;9;14;"AL";0,5;0;27
38;2024;"> 12";NA;NA;NA;NA;NA;10;8;"AL";0,5;0;27
39;2024;"> 12";NA;NA;NA;NA;NA;8;8;"AL";0,5;0;27
40;2024;"> 12";NA;NA;NA;NA;NA;8;9;"AL";0,5;0;27
41;2024;"> 12";NA;NA;NA;NA;NA;8;7;"AL";0,5;0;27
42;2024;"> 12";NA;NA;NA;NA;NA;9;9;"AL";0,5;0;27
43;2024;"> 12";NA;NA;NA;NA;NA;7;10;"AL";0,5;0;27
44;2024;"> 12";NA;NA;NA;NA;NA;5;2;"AL";0,5;0;27
45;2024;"> 12";NA;NA;NA;NA;NA;3;2;"AL";0,5;0;27
46;2024;"> 12";NA;NA;NA;NA;NA;3;5;"AL";0,5;0;27
47;2024;"> 12";NA;NA;NA;NA;NA;2;1;"AL";0,5;0;27
48;2024;"> 12";NA;NA;NA;NA;NA;3;1;"AL";0,5;0;27
49;2024;"> 12";NA;NA;NA;NA;NA;3;6;"AL";0,5;0;27
50;2024;"> 12";NA;NA;NA;NA;NA;4;2;"AL";0,5;0;27
51;2024;"> 12";NA;NA;NA;NA;NA;5;4;"AL";0,5;0;27
52;2024;"> 12";NA;NA;NA;NA;NA;7;8;"AL";0,5;0;27
1;2025;"> 12";NA;NA;NA;NA;NA;8;9;"AL";0,5;0;27
2;2025;"> 12";NA;NA;NA;NA;NA;7;8;"AL";0,5;0;27
3;2025;"> 12";NA;NA;NA;NA;NA;7;5;"AL";0,5;0;27
4;2025;"> 12";NA;NA;NA;NA;NA;7;9;"AL";0,5;0;27
5;2025;"> 12";NA;NA;NA;NA;NA;7;7;"AL";0,5;0;27
6;2025;"> 12";NA;NA;NA;NA;NA;6;6;"AL";0,5;0;27
7;2025;"> 12";NA;NA;NA;NA;NA;5;4;"AL";0,5;0;27
8;2025;"> 12";NA;NA;NA;NA;NA;5;5;"AL";0,5;0;27
9;2025;"> 12";NA;NA;NA;NA;NA;6;7;"AL";0,5;0;27
10;2025;"> 12";NA;NA;NA;NA;NA;5;6;"AL";0,5;0;27
11;2025;"> 12";NA;NA;NA;NA;NA;3;2;"AL";0,5;0;27
12;2025;"> 12";NA;NA;NA;NA;NA;2;1;"AL";0,5;0;27
13;2025;"> 12";NA;NA;NA;NA;NA;2;2;"AL";0,5;0;27
14;2025;"> 12";NA;NA;NA;NA;NA;3;2;"AL";0,5;0;27
15;2025;"> 12";NA;NA;NA;NA;NA;4;6;"AL";0,5;0;27
16;2025;"> 12";NA;NA;NA;NA;NA;5;4;"AL";0,5;0;27
17;2025;"> 12";NA;NA;NA;NA;NA;4;6;"AL";0,5;0;27
18;2025;"> 12";NA;NA;NA;NA;NA;6;3;"AL";0,5;0;27
19;2025;"> 12";NA;NA;NA;NA;NA;10;10;"AL";0,5;0;27
20;2025;"> 12";NA;NA;NA;NA;NA;13;16;"AL";0,5;0;27
21;2025;"> 12";NA;NA;NA;NA;NA;17;13;"AL";0,5;0;27
22;2025;"> 12";NA;NA;NA;NA;NA;20;22;"AL";0,5;0;27
23;2025;"> 12";NA;NA;NA;NA;NA;26;26;"AL";0,5;0;27
24;2025;"> 12";NA;NA;NA;NA;NA;29;29;"AL";0,5;0;27
25;2025;"> 12";NA;NA;NA;NA;NA;26;33;"AL";0,5;0;27
26;2025;"> 12";NA;NA;NA;NA;NA;23;15;"AL";0,5;0;27
27;2025;"> 12";NA;NA;NA;NA;NA;18;22;"AL";0,5;0;27
28;2025;"> 12";NA;NA;NA;NA;NA;17;18;"AL";0,5;0;27
29;2025;"> 12";NA;NA;NA;NA;NA;15;11;"AL";0,5;0;27
30;2025;"> 12";NA;NA;NA;NA;NA;13;15;"AL";0,5;0;27
31;2025;"> 12";NA;NA;NA;NA;NA;11;12;"AL";0,5;0;27
32;2025;"> 12";NA;NA;NA;NA;NA;9;7;"AL";0,5;0;27
33;2025;"> 12";NA;NA;NA;NA;NA;9;7;"AL";0,5;0;27
34;2025;"> 12";NA;NA;NA;NA;NA;8;12;"AL";0,5;0;27
35;2025;"> 12";NA;NA;NA;NA;NA;9;4;"AL";0,5;0;27
36;2025;"> 12";NA;NA;NA;NA;NA;7;11;"AL";0,5;0;27
37;2025;"> 12";NA;NA;NA;NA;NA;8;6;"AL";0,5;0;27
38;2025;"> 12";NA;NA;NA;NA;NA;7;7;"AL";0,5;0;27
39;2025;"> 12";NA;NA;NA;NA;NA;7;9;"AL";0,5;0;27
40;2025;"> 12";NA;NA;NA;NA;NA;5;4;"AL";0,5;0;27
41;2025;"> 12";NA;NA;NA;NA;NA;5;2;"AL";0,5;0;27
42;2025;"> 12";NA;NA;NA;NA;NA;6;8;"AL";0,5;0;27
43;2025;"> 12";NA;NA;NA;NA;NA;8;9;"AL";0,5;0;27
44;2025;"> 12";NA;NA;NA;NA;NA;6;6;"AL";0,5;0;27
45;2025;"> 12";NA;NA;NA;NA;NA;6;4;"AL";0,5;0;27
46;2025;"> 12";NA;NA;NA;NA;NA;4;7;"AL";0,5;0;27
47;2025;"> 12";NA;NA;NA;NA;NA;4;1;"AL";0,5;0;27
48;2025;"> 12";NA;NA;NA;NA;NA;2;3;"AL";0,5;0;27
49;2025;"> 12";NA;NA;NA;NA;NA;3;3;"AL";0,5;0;27
50;2025;"> 12";NA;NA;NA;NA;NA;3;4;"AL";0,5;0;27
51;2025;"> 12";NA;NA;NA;NA;NA;2;2;"AL";0,5;0;27
52;2025;"> 12";NA;NA;NA;NA;NA;2;1;"AL";0,5;0;27
53;2025;"> 12";NA;NA;NA;NA;NA;3;3;"AL";0,5;0;27
2;2026;"> 12";NA;NA;NA;NA;NA;4;5;"AL";0,5;0;27
3;2026;"> 12";NA;NA;NA;NA;NA;4;4;"AL";0,5;0;27
4;2026;"> 12";NA;NA;NA;NA;NA;3;2;"AL";0,5;0;27
5;2026;"> 12";NA;NA;NA;NA;NA;2;2;"AL";0,5;0;27
6;2026;"> 12";NA;NA;NA;NA;NA;2;3;"AL";0,5;0;27
7;2026;"> 12";NA;NA;NA;NA;NA;3;2;"AL";0,5;0;27
8;2026;"> 12";NA;NA;NA;NA;NA;7;5;"AL";0,5;0;27
9;2026;"> 12";NA;NA;NA;NA;NA;8;13;"AL";0,5;0;27
10;2026;"> 12";NA;NA;NA;NA;NA;12;7;"AL";0,5;0;27
11;2026;"> 12";NA;NA;NA;NA;NA;11;16;"AL";0,5;0;27
12;2026;"> 12";NA;NA;NA;NA;NA;14;11;"AL";0,5;0;27
13;2026;"> 12";NA;NA;NA;NA;NA;13;14;"AL";0,5;0;27
14;2026;"> 12";15;17;15;15;15;16;16;"AL";0,5;0;27
15;2026;"> 12";20;23;20;21;20;17;20;"AL";0,5;0;27
16;2026;"> 12";17;20;16;18;16;18;16;"AL";0,5;0;27
17;2026;"> 12";18;21;16;19;17;17;16;"AL";0,5;0;27
18;2026;"> 12";16;23;12;18;14;15;11;"AL";0,5;0;27
19;2026;"> 12";11;26;4;15;8;NA;3;"AL";0,5;0;27
1;2022;"> 12";NA;NA;NA;NA;NA;NA;155;"AM";0;1;13
2;2022;"> 12";NA;NA;NA;NA;NA;277;304;"AM";0;1;13
3;2022;"> 12";NA;NA;NA;NA;NA;300;372;"AM";0;1;13
4;2022;"> 12";NA;NA;NA;NA;NA;245;225;"AM";0;1;13
5;2022;"> 12";NA;NA;NA;NA;NA;141;138;"AM";0;1;13
6;2022;"> 12";NA;NA;NA;NA;NA;80;61;"AM";0;1;13
7;2022;"> 12";NA;NA;NA;NA;NA;47;41;"AM";0;1;13
8;2022;"> 12";NA;NA;NA;NA;NA;40;38;"AM";0;1;13
9;2022;"> 12";NA;NA;NA;NA;NA;35;42;"AM";0;1;13
10;2022;"> 12";NA;NA;NA;NA;NA;30;25;"AM";0;1;13
11;2022;"> 12";NA;NA;NA;NA;NA;23;24;"AM";0;1;13
12;2022;"> 12";NA;NA;NA;NA;NA;22;19;"AM";0;1;13
13;2022;"> 12";NA;NA;NA;NA;NA;19;23;"AM";0;1;13
14;2022;"> 12";NA;NA;NA;NA;NA;22;14;"AM";0;1;13
15;2022;"> 12";NA;NA;NA;NA;NA;22;28;"AM";0;1;13
16;2022;"> 12";NA;NA;NA;NA;NA;22;23;"AM";0;1;13
17;2022;"> 12";NA;NA;NA;NA;NA;22;14;"AM";0;1;13
18;2022;"> 12";NA;NA;NA;NA;NA;19;28;"AM";0;1;13
19;2022;"> 12";NA;NA;NA;NA;NA;22;14;"AM";0;1;13
20;2022;"> 12";NA;NA;NA;NA;NA;22;25;"AM";0;1;13
21;2022;"> 12";NA;NA;NA;NA;NA;25;27;"AM";0;1;13
22;2022;"> 12";NA;NA;NA;NA;NA;23;23;"AM";0;1;13
23;2022;"> 12";NA;NA;NA;NA;NA;22;20;"AM";0;1;13
24;2022;"> 12";NA;NA;NA;NA;NA;29;23;"AM";0;1;13
25;2022;"> 12";NA;NA;NA;NA;NA;43;43;"AM";0;1;13
26;2022;"> 12";NA;NA;NA;NA;NA;58;63;"AM";0;1;13
27;2022;"> 12";NA;NA;NA;NA;NA;66;67;"AM";0;1;13
28;2022;"> 12";NA;NA;NA;NA;NA;64;67;"AM";0;1;13
29;2022;"> 12";NA;NA;NA;NA;NA;56;58;"AM";0;1;13
30;2022;"> 12";NA;NA;NA;NA;NA;43;44;"AM";0;1;13
31;2022;"> 12";NA;NA;NA;NA;NA;30;26;"AM";0;1;13
32;2022;"> 12";NA;NA;NA;NA;NA;22;20;"AM";0;1;13
33;2022;"> 12";NA;NA;NA;NA;NA;18;19;"AM";0;1;13
34;2022;"> 12";NA;NA;NA;NA;NA;16;15;"AM";0;1;13
35;2022;"> 12";NA;NA;NA;NA;NA;13;14;"AM";0;1;13
36;2022;"> 12";NA;NA;NA;NA;NA;12;9;"AM";0;1;13
37;2022;"> 12";NA;NA;NA;NA;NA;12;13;"AM";0;1;13
38;2022;"> 12";NA;NA;NA;NA;NA;14;14;"AM";0;1;13
39;2022;"> 12";NA;NA;NA;NA;NA;15;16;"AM";0;1;13
40;2022;"> 12";NA;NA;NA;NA;NA;19;15;"AM";0;1;13
41;2022;"> 12";NA;NA;NA;NA;NA;26;26;"AM";0;1;13
42;2022;"> 12";NA;NA;NA;NA;NA;29;38;"AM";0;1;13
43;2022;"> 12";NA;NA;NA;NA;NA;29;22;"AM";0;1;13
44;2022;"> 12";NA;NA;NA;NA;NA;23;27;"AM";0;1;13
45;2022;"> 12";NA;NA;NA;NA;NA;22;20;"AM";0;1;13
46;2022;"> 12";NA;NA;NA;NA;NA;18;19;"AM";0;1;13
47;2022;"> 12";NA;NA;NA;NA;NA;14;16;"AM";0;1;13
48;2022;"> 12";NA;NA;NA;NA;NA;9;7;"AM";0;1;13
49;2022;"> 12";NA;NA;NA;NA;NA;7;5;"AM";0;1;13
50;2022;"> 12";NA;NA;NA;NA;NA;8;10;"AM";0;1;13
51;2022;"> 12";NA;NA;NA;NA;NA;10;9;"AM";0;1;13
52;2022;"> 12";NA;NA;NA;NA;NA;11;10;"AM";0;1;13
1;2023;"> 12";NA;NA;NA;NA;NA;12;15;"AM";0;1;13
2;2023;"> 12";NA;NA;NA;NA;NA;13;12;"AM";0;1;13
3;2023;"> 12";NA;NA;NA;NA;NA;19;13;"AM";0;1;13
4;2023;"> 12";NA;NA;NA;NA;NA;24;31;"AM";0;1;13
5;2023;"> 12";NA;NA;NA;NA;NA;37;29;"AM";0;1;13
6;2023;"> 12";NA;NA;NA;NA;NA;41;52;"AM";0;1;13
7;2023;"> 12";NA;NA;NA;NA;NA;44;42;"AM";0;1;13
8;2023;"> 12";NA;NA;NA;NA;NA;38;38;"AM";0;1;13
9;2023;"> 12";NA;NA;NA;NA;NA;33;35;"AM";0;1;13
10;2023;"> 12";NA;NA;NA;NA;NA;27;25;"AM";0;1;13
11;2023;"> 12";NA;NA;NA;NA;NA;23;22;"AM";0;1;13
12;2023;"> 12";NA;NA;NA;NA;NA;19;23;"AM";0;1;13
13;2023;"> 12";NA;NA;NA;NA;NA;15;12;"AM";0;1;13
14;2023;"> 12";NA;NA;NA;NA;NA;12;11;"AM";0;1;13
15;2023;"> 12";NA;NA;NA;NA;NA;13;14;"AM";0;1;13
16;2023;"> 12";NA;NA;NA;NA;NA;13;13;"AM";0;1;13
17;2023;"> 12";NA;NA;NA;NA;NA;14;12;"AM";0;1;13
18;2023;"> 12";NA;NA;NA;NA;NA;18;17;"AM";0;1;13
19;2023;"> 12";NA;NA;NA;NA;NA;21;26;"AM";0;1;13
20;2023;"> 12";NA;NA;NA;NA;NA;20;21;"AM";0;1;13
21;2023;"> 12";NA;NA;NA;NA;NA;18;14;"AM";0;1;13
22;2023;"> 12";NA;NA;NA;NA;NA;17;18;"AM";0;1;13
23;2023;"> 12";NA;NA;NA;NA;NA;18;18;"AM";0;1;13
24;2023;"> 12";NA;NA;NA;NA;NA;20;19;"AM";0;1;13
25;2023;"> 12";NA;NA;NA;NA;NA;23;23;"AM";0;1;13
26;2023;"> 12";NA;NA;NA;NA;NA;21;27;"AM";0;1;13
27;2023;"> 12";NA;NA;NA;NA;NA;19;13;"AM";0;1;13
28;2023;"> 12";NA;NA;NA;NA;NA;14;16;"AM";0;1;13
29;2023;"> 12";NA;NA;NA;NA;NA;12;12;"AM";0;1;13
30;2023;"> 12";NA;NA;NA;NA;NA;13;8;"AM";0;1;13
31;2023;"> 12";NA;NA;NA;NA;NA;17;19;"AM";0;1;13
32;2023;"> 12";NA;NA;NA;NA;NA;19;24;"AM";0;1;13
33;2023;"> 12";NA;NA;NA;NA;NA;19;15;"AM";0;1;13
34;2023;"> 12";NA;NA;NA;NA;NA;15;18;"AM";0;1;13
35;2023;"> 12";NA;NA;NA;NA;NA;15;12;"AM";0;1;13
36;2023;"> 12";NA;NA;NA;NA;NA;12;15;"AM";0;1;13
37;2023;"> 12";NA;NA;NA;NA;NA;12;9;"AM";0;1;13
38;2023;"> 12";NA;NA;NA;NA;NA;10;12;"AM";0;1;13
39;2023;"> 12";NA;NA;NA;NA;NA;10;8;"AM";0;1;13
40;2023;"> 12";NA;NA;NA;NA;NA;9;10;"AM";0;1;13
41;2023;"> 12";NA;NA;NA;NA;NA;8;9;"AM";0;1;13
42;2023;"> 12";NA;NA;NA;NA;NA;9;5;"AM";0;1;13
43;2023;"> 12";NA;NA;NA;NA;NA;9;13;"AM";0;1;13
44;2023;"> 12";NA;NA;NA;NA;NA;9;10;"AM";0;1;13
45;2023;"> 12";NA;NA;NA;NA;NA;8;4;"AM";0;1;13
46;2023;"> 12";NA;NA;NA;NA;NA;8;11;"AM";0;1;13
47;2023;"> 12";NA;NA;NA;NA;NA;11;10;"AM";0;1;13
48;2023;"> 12";NA;NA;NA;NA;NA;10;11;"AM";0;1;13
49;2023;"> 12";NA;NA;NA;NA;NA;9;8;"AM";0;1;13
50;2023;"> 12";NA;NA;NA;NA;NA;8;9;"AM";0;1;13
51;2023;"> 12";NA;NA;NA;NA;NA;11;8;"AM";0;1;13
52;2023;"> 12";NA;NA;NA;NA;NA;15;15;"AM";0;1;13
1;2024;"> 12";NA;NA;NA;NA;NA;25;23;"AM";0;1;13
2;2024;"> 12";NA;NA;NA;NA;NA;30;36;"AM";0;1;13
3;2024;"> 12";NA;NA;NA;NA;NA;30;30;"AM";0;1;13
4;2024;"> 12";NA;NA;NA;NA;NA;26;24;"AM";0;1;13
5;2024;"> 12";NA;NA;NA;NA;NA;20;23;"AM";0;1;13
6;2024;"> 12";NA;NA;NA;NA;NA;18;14;"AM";0;1;13
7;2024;"> 12";NA;NA;NA;NA;NA;15;16;"AM";0;1;13
8;2024;"> 12";NA;NA;NA;NA;NA;14;15;"AM";0;1;13
9;2024;"> 12";NA;NA;NA;NA;NA;14;11;"AM";0;1;13
10;2024;"> 12";NA;NA;NA;NA;NA;15;15;"AM";0;1;13
11;2024;"> 12";NA;NA;NA;NA;NA;18;19;"AM";0;1;13
12;2024;"> 12";NA;NA;NA;NA;NA;15;19;"AM";0;1;13
13;2024;"> 12";NA;NA;NA;NA;NA;16;6;"AM";0;1;13
14;2024;"> 12";NA;NA;NA;NA;NA;18;24;"AM";0;1;13
15;2024;"> 12";NA;NA;NA;NA;NA;28;24;"AM";0;1;13
16;2024;"> 12";NA;NA;NA;NA;NA;27;37;"AM";0;1;13
17;2024;"> 12";NA;NA;NA;NA;NA;27;19;"AM";0;1;13
18;2024;"> 12";NA;NA;NA;NA;NA;22;25;"AM";0;1;13
19;2024;"> 12";NA;NA;NA;NA;NA;24;23;"AM";0;1;13
20;2024;"> 12";NA;NA;NA;NA;NA;24;23;"AM";0;1;13
21;2024;"> 12";NA;NA;NA;NA;NA;24;27;"AM";0;1;13
22;2024;"> 12";NA;NA;NA;NA;NA;24;22;"AM";0;1;13
23;2024;"> 12";NA;NA;NA;NA;NA;27;24;"AM";0;1;13
24;2024;"> 12";NA;NA;NA;NA;NA;32;36;"AM";0;1;13
25;2024;"> 12";NA;NA;NA;NA;NA;36;36;"AM";0;1;13
26;2024;"> 12";NA;NA;NA;NA;NA;39;37;"AM";0;1;13
27;2024;"> 12";NA;NA;NA;NA;NA;42;43;"AM";0;1;13
28;2024;"> 12";NA;NA;NA;NA;NA;40;46;"AM";0;1;13
29;2024;"> 12";NA;NA;NA;NA;NA;30;32;"AM";0;1;13
30;2024;"> 12";NA;NA;NA;NA;NA;22;11;"AM";0;1;13
31;2024;"> 12";NA;NA;NA;NA;NA;19;24;"AM";0;1;13
32;2024;"> 12";NA;NA;NA;NA;NA;21;21;"AM";0;1;13
33;2024;"> 12";NA;NA;NA;NA;NA;19;18;"AM";0;1;13
34;2024;"> 12";NA;NA;NA;NA;NA;19;18;"AM";0;1;13
35;2024;"> 12";NA;NA;NA;NA;NA;19;22;"AM";0;1;13
36;2024;"> 12";NA;NA;NA;NA;NA;19;16;"AM";0;1;13
37;2024;"> 12";NA;NA;NA;NA;NA;17;18;"AM";0;1;13
38;2024;"> 12";NA;NA;NA;NA;NA;15;16;"AM";0;1;13
39;2024;"> 12";NA;NA;NA;NA;NA;13;12;"AM";0;1;13
40;2024;"> 12";NA;NA;NA;NA;NA;11;12;"AM";0;1;13
41;2024;"> 12";NA;NA;NA;NA;NA;11;9;"AM";0;1;13
42;2024;"> 12";NA;NA;NA;NA;NA;15;12;"AM";0;1;13
43;2024;"> 12";NA;NA;NA;NA;NA;19;24;"AM";0;1;13
44;2024;"> 12";NA;NA;NA;NA;NA;19;21;"AM";0;1;13
45;2024;"> 12";NA;NA;NA;NA;NA;16;12;"AM";0;1;13
46;2024;"> 12";NA;NA;NA;NA;NA;17;15;"AM";0;1;13
47;2024;"> 12";NA;NA;NA;NA;NA;18;25;"AM";0;1;13
48;2024;"> 12";NA;NA;NA;NA;NA;18;14;"AM";0;1;13
49;2024;"> 12";NA;NA;NA;NA;NA;16;16;"AM";0;1;13
50;2024;"> 12";NA;NA;NA;NA;NA;17;19;"AM";0;1;13
51;2024;"> 12";NA;NA;NA;NA;NA;18;16;"AM";0;1;13
52;2024;"> 12";NA;NA;NA;NA;NA;24;20;"AM";0;1;13
1;2025;"> 12";NA;NA;NA;NA;NA;30;37;"AM";0;1;13
2;2025;"> 12";NA;NA;NA;NA;NA;35;34;"AM";0;1;13
3;2025;"> 12";NA;NA;NA;NA;NA;32;33;"AM";0;1;13
4;2025;"> 12";NA;NA;NA;NA;NA;28;30;"AM";0;1;13
5;2025;"> 12";NA;NA;NA;NA;NA;26;22;"AM";0;1;13
6;2025;"> 12";NA;NA;NA;NA;NA;22;25;"AM";0;1;13
7;2025;"> 12";NA;NA;NA;NA;NA;22;20;"AM";0;1;13
8;2025;"> 12";NA;NA;NA;NA;NA;24;21;"AM";0;1;13
9;2025;"> 12";NA;NA;NA;NA;NA;23;31;"AM";0;1;13
10;2025;"> 12";NA;NA;NA;NA;NA;23;16;"AM";0;1;13
11;2025;"> 12";NA;NA;NA;NA;NA;18;23;"AM";0;1;13
12;2025;"> 12";NA;NA;NA;NA;NA;20;15;"AM";0;1;13
13;2025;"> 12";NA;NA;NA;NA;NA;23;22;"AM";0;1;13
14;2025;"> 12";NA;NA;NA;NA;NA;30;33;"AM";0;1;13
15;2025;"> 12";NA;NA;NA;NA;NA;38;35;"AM";0;1;13
16;2025;"> 12";NA;NA;NA;NA;NA;44;46;"AM";0;1;13
17;2025;"> 12";NA;NA;NA;NA;NA;45;50;"AM";0;1;13
18;2025;"> 12";NA;NA;NA;NA;NA;43;38;"AM";0;1;13
19;2025;"> 12";NA;NA;NA;NA;NA;38;41;"AM";0;1;13
20;2025;"> 12";NA;NA;NA;NA;NA;36;34;"AM";0;1;13
21;2025;"> 12";NA;NA;NA;NA;NA;38;33;"AM";0;1;13
22;2025;"> 12";NA;NA;NA;NA;NA;38;47;"AM";0;1;13
23;2025;"> 12";NA;NA;NA;NA;NA;37;34;"AM";0;1;13
24;2025;"> 12";NA;NA;NA;NA;NA;31;30;"AM";0;1;13
25;2025;"> 12";NA;NA;NA;NA;NA;28;29;"AM";0;1;13
26;2025;"> 12";NA;NA;NA;NA;NA;26;25;"AM";0;1;13
27;2025;"> 12";NA;NA;NA;NA;NA;30;25;"AM";0;1;13
28;2025;"> 12";NA;NA;NA;NA;NA;33;39;"AM";0;1;13
29;2025;"> 12";NA;NA;NA;NA;NA;32;34;"AM";0;1;13
30;2025;"> 12";NA;NA;NA;NA;NA;28;23;"AM";0;1;13
31;2025;"> 12";NA;NA;NA;NA;NA;27;28;"AM";0;1;13
32;2025;"> 12";NA;NA;NA;NA;NA;27;29;"AM";0;1;13
33;2025;"> 12";NA;NA;NA;NA;NA;24;23;"AM";0;1;13
34;2025;"> 12";NA;NA;NA;NA;NA;20;19;"AM";0;1;13
35;2025;"> 12";NA;NA;NA;NA;NA;18;17;"AM";0;1;13
36;2025;"> 12";NA;NA;NA;NA;NA;20;17;"AM";0;1;13
37;2025;"> 12";NA;NA;NA;NA;NA;24;27;"AM";0;1;13
38;2025;"> 12";NA;NA;NA;NA;NA;24;28;"AM";0;1;13
39;2025;"> 12";NA;NA;NA;NA;NA;23;16;"AM";0;1;13
40;2025;"> 12";NA;NA;NA;NA;NA;21;25;"AM";0;1;13
41;2025;"> 12";NA;NA;NA;NA;NA;19;21;"AM";0;1;13
42;2025;"> 12";NA;NA;NA;NA;NA;19;11;"AM";0;1;13
43;2025;"> 12";NA;NA;NA;NA;NA;20;25;"AM";0;1;13
44;2025;"> 12";NA;NA;NA;NA;NA;21;23;"AM";0;1;13
45;2025;"> 12";NA;NA;NA;NA;NA;20;15;"AM";0;1;13
46;2025;"> 12";NA;NA;NA;NA;NA;17;23;"AM";0;1;13
47;2025;"> 12";NA;NA;NA;NA;NA;18;13;"AM";0;1;13
48;2025;"> 12";NA;NA;NA;NA;NA;22;18;"AM";0;1;13
49;2025;"> 12";NA;NA;NA;NA;NA;26;36;"AM";0;1;13
50;2025;"> 12";NA;NA;NA;NA;NA;29;23;"AM";0;1;13
51;2025;"> 12";NA;NA;NA;NA;NA;27;29;"AM";0;1;13
52;2025;"> 12";NA;NA;NA;NA;NA;33;28;"AM";0;1;13
53;2025;"> 12";NA;NA;NA;NA;NA;41;43;"AM";0;1;13
1;2026;"> 12";NA;NA;NA;NA;NA;48;53;"AM";0;1;13
2;2026;"> 12";NA;NA;NA;NA;NA;51;48;"AM";0;1;13
3;2026;"> 12";NA;NA;NA;NA;NA;46;51;"AM";0;1;13
4;2026;"> 12";NA;NA;NA;NA;NA;41;39;"AM";0;1;13
5;2026;"> 12";32;33;32;32;32;33;32;"AM";0;1;13
6;2026;"> 12";28;29;28;28;28;30;28;"AM";0;1;13
7;2026;"> 12";31;33;31;31;31;34;31;"AM";0;1;13
8;2026;"> 12";43;45;43;44;43;31;43;"AM";0;1;13
9;2026;"> 12";19;22;19;20;19;35;19;"AM";0;1;13
10;2026;"> 12";44;46;44;45;44;27;44;"AM";0;1;13
11;2026;"> 12";18;21;18;19;18;28;18;"AM";0;1;13
12;2026;"> 12";23;25,025;22;24;22;22;22;"AM";0;1;13
13;2026;"> 12";24;27;23;25;23;23;23;"AM";0;1;13
14;2026;"> 12";23;26;22;24;23;24;22;"AM";0;1;13
15;2026;"> 12";25;28;23;26;24;27;23;"AM";0;1;13
16;2026;"> 12";33;37;30;34;32;31;30;"AM";0;1;13
17;2026;"> 12";35;41;31;36;33;34;32;"AM";0;1;13
18;2026;"> 12";34;45,025;28;38;32;32;28;"AM";0;1;13
19;2026;"> 12";28;57;13;36;22;NA;32;"AM";0;1;13
1;2022;"> 12";NA;NA;NA;NA;NA;NA;57;"AP";0;0,5;16
2;2022;"> 12";NA;NA;NA;NA;NA;48;43;"AP";0;0,5;16
3;2022;"> 12";NA;NA;NA;NA;NA;38;44;"AP";0;0,5;16
4;2022;"> 12";NA;NA;NA;NA;NA;35;27;"AP";0;0,5;16
5;2022;"> 12";NA;NA;NA;NA;NA;24;34;"AP";0;0,5;16
6;2022;"> 12";NA;NA;NA;NA;NA;17;10;"AP";0;0,5;16
7;2022;"> 12";NA;NA;NA;NA;NA;6;6;"AP";0;0,5;16
9;2022;"> 12";NA;NA;NA;NA;NA;3;1;"AP";0;0,5;16
10;2022;"> 12";NA;NA;NA;NA;NA;1;1;"AP";0;0,5;16
11;2022;"> 12";NA;NA;NA;NA;NA;4;2;"AP";0;0,5;16
12;2022;"> 12";NA;NA;NA;NA;NA;4;8;"AP";0;0,5;16
13;2022;"> 12";NA;NA;NA;NA;NA;4;3;"AP";0;0,5;16
14;2022;"> 12";NA;NA;NA;NA;NA;3;2;"AP";0;0,5;16
15;2022;"> 12";NA;NA;NA;NA;NA;4;4;"AP";0;0,5;16
16;2022;"> 12";NA;NA;NA;NA;NA;4;5;"AP";0;0,5;16
17;2022;"> 12";NA;NA;NA;NA;NA;5;4;"AP";0;0,5;16
18;2022;"> 12";NA;NA;NA;NA;NA;5;5;"AP";0;0,5;16
19;2022;"> 12";NA;NA;NA;NA;NA;5;6;"AP";0;0,5;16
20;2022;"> 12";NA;NA;NA;NA;NA;5;3;"AP";0;0,5;16
21;2022;"> 12";NA;NA;NA;NA;NA;5;6;"AP";0;0,5;16
22;2022;"> 12";NA;NA;NA;NA;NA;5;6;"AP";0;0,5;16
23;2022;"> 12";NA;NA;NA;NA;NA;4;4;"AP";0;0,5;16
24;2022;"> 12";NA;NA;NA;NA;NA;3;3;"AP";0;0,5;16
25;2022;"> 12";NA;NA;NA;NA;NA;5;3;"AP";0;0,5;16
26;2022;"> 12";NA;NA;NA;NA;NA;7;9;"AP";0;0,5;16
27;2022;"> 12";NA;NA;NA;NA;NA;9;9;"AP";0;0,5;16
28;2022;"> 12";NA;NA;NA;NA;NA;8;9;"AP";0;0,5;16
29;2022;"> 12";NA;NA;NA;NA;NA;5;6;"AP";0;0,5;16
30;2022;"> 12";NA;NA;NA;NA;NA;4;1;"AP";0;0,5;16
31;2022;"> 12";NA;NA;NA;NA;NA;2;4;"AP";0;0,5;16
32;2022;"> 12";NA;NA;NA;NA;NA;3;2;"AP";0;0,5;16
33;2022;"> 12";NA;NA;NA;NA;NA;4;4;"AP";0;0,5;16
34;2022;"> 12";NA;NA;NA;NA;NA;4;5;"AP";0;0,5;16
35;2022;"> 12";NA;NA;NA;NA;NA;4;4;"AP";0;0,5;16
36;2022;"> 12";NA;NA;NA;NA;NA;3;2;"AP";0;0,5;16
37;2022;"> 12";NA;NA;NA;NA;NA;2;4;"AP";0;0,5;16
38;2022;"> 12";NA;NA;NA;NA;NA;3;1;"AP";0;0,5;16
39;2022;"> 12";NA;NA;NA;NA;NA;3;4;"AP";0;0,5;16
40;2022;"> 12";NA;NA;NA;NA;NA;3;5;"AP";0;0,5;16
41;2022;"> 12";NA;NA;NA;NA;NA;3;1;"AP";0;0,5;16
42;2022;"> 12";NA;NA;NA;NA;NA;2;4;"AP";0;0,5;16
43;2022;"> 12";NA;NA;NA;NA;NA;3;2;"AP";0;0,5;16
45;2022;"> 12";NA;NA;NA;NA;NA;2;2;"AP";0;0,5;16
46;2022;"> 12";NA;NA;NA;NA;NA;2;3;"AP";0;0,5;16
47;2022;"> 12";NA;NA;NA;NA;NA;2;1;"AP";0;0,5;16
48;2022;"> 12";NA;NA;NA;NA;NA;2;1;"AP";0;0,5;16
50;2022;"> 12";NA;NA;NA;NA;NA;3;3;"AP";0;0,5;16
1;2023;"> 12";NA;NA;NA;NA;NA;4;6;"AP";0;0,5;16
2;2023;"> 12";NA;NA;NA;NA;NA;4;4;"AP";0;0,5;16
3;2023;"> 12";NA;NA;NA;NA;NA;2;1;"AP";0;0,5;16
4;2023;"> 12";NA;NA;NA;NA;NA;3;1;"AP";0;0,5;16
5;2023;"> 12";NA;NA;NA;NA;NA;3;6;"AP";0;0,5;16
6;2023;"> 12";NA;NA;NA;NA;NA;5;3;"AP";0;0,5;16
7;2023;"> 12";NA;NA;NA;NA;NA;4;5;"AP";0;0,5;16
8;2023;"> 12";NA;NA;NA;NA;NA;5;5;"AP";0;0,5;16
9;2023;"> 12";NA;NA;NA;NA;NA;5;6;"AP";0;0,5;16
10;2023;"> 12";NA;NA;NA;NA;NA;5;3;"AP";0;0,5;16
11;2023;"> 12";NA;NA;NA;NA;NA;3;5;"AP";0;0,5;16
12;2023;"> 12";NA;NA;NA;NA;NA;3;1;"AP";0;0,5;16
13;2023;"> 12";NA;NA;NA;NA;NA;4;4;"AP";0;0,5;16
14;2023;"> 12";NA;NA;NA;NA;NA;5;6;"AP";0;0,5;16
15;2023;"> 12";NA;NA;NA;NA;NA;4;4;"AP";0;0,5;16
16;2023;"> 12";NA;NA;NA;NA;NA;4;2;"AP";0;0,5;16
17;2023;"> 12";NA;NA;NA;NA;NA;5;6;"AP";0;0,5;16
18;2023;"> 12";NA;NA;NA;NA;NA;9;8;"AP";0;0,5;16
19;2023;"> 12";NA;NA;NA;NA;NA;10;12;"AP";0;0,5;16
20;2023;"> 12";NA;NA;NA;NA;NA;9;10;"AP";0;0,5;16
21;2023;"> 12";NA;NA;NA;NA;NA;6;4;"AP";0;0,5;16
22;2023;"> 12";NA;NA;NA;NA;NA;5;3;"AP";0;0,5;16
23;2023;"> 12";NA;NA;NA;NA;NA;6;8;"AP";0;0,5;16
24;2023;"> 12";NA;NA;NA;NA;NA;7;7;"AP";0;0,5;16
25;2023;"> 12";NA;NA;NA;NA;NA;7;7;"AP";0;0,5;16
26;2023;"> 12";NA;NA;NA;NA;NA;7;7;"AP";0;0,5;16
27;2023;"> 12";NA;NA;NA;NA;NA;6;8;"AP";0;0,5;16
28;2023;"> 12";NA;NA;NA;NA;NA;5;4;"AP";0;0,5;16
29;2023;"> 12";NA;NA;NA;NA;NA;4;3;"AP";0;0,5;16
30;2023;"> 12";NA;NA;NA;NA;NA;3;4;"AP";0;0,5;16
31;2023;"> 12";NA;NA;NA;NA;NA;3;3;"AP";0;0,5;16
32;2023;"> 12";NA;NA;NA;NA;NA;6;2;"AP";0;0,5;16
33;2023;"> 12";NA;NA;NA;NA;NA;6;13;"AP";0;0,5;16
34;2023;"> 12";NA;NA;NA;NA;NA;7;3;"AP";0;0,5;16
35;2023;"> 12";NA;NA;NA;NA;NA;4;5;"AP";0;0,5;16
36;2023;"> 12";NA;NA;NA;NA;NA;4;3;"AP";0;0,5;16
37;2023;"> 12";NA;NA;NA;NA;NA;3;4;"AP";0;0,5;16
38;2023;"> 12";NA;NA;NA;NA;NA;4;3;"AP";0;0,5;16
39;2023;"> 12";NA;NA;NA;NA;NA;3;4;"AP";0;0,5;16
40;2023;"> 12";NA;NA;NA;NA;NA;4;2;"AP";0;0,5;16
41;2023;"> 12";NA;NA;NA;NA;NA;4;5;"AP";0;0,5;16
42;2023;"> 12";NA;NA;NA;NA;NA;4;4;"AP";0;0,5;16
43;2023;"> 12";NA;NA;NA;NA;NA;3;2;"AP";0;0,5;16
44;2023;"> 12";NA;NA;NA;NA;NA;4;2;"AP";0;0,5;16
45;2023;"> 12";NA;NA;NA;NA;NA;5;7;"AP";0;0,5;16
47;2023;"> 12";NA;NA;NA;NA;NA;5;6;"AP";0;0,5;16
48;2023;"> 12";NA;NA;NA;NA;NA;4;3;"AP";0;0,5;16
49;2023;"> 12";NA;NA;NA;NA;NA;5;4;"AP";0;0,5;16
50;2023;"> 12";NA;NA;NA;NA;NA;6;8;"AP";0;0,5;16
51;2023;"> 12";NA;NA;NA;NA;NA;5;5;"AP";0;0,5;16
52;2023;"> 12";NA;NA;NA;NA;NA;5;2;"AP";0;0,5;16
1;2024;"> 12";NA;NA;NA;NA;NA;5;7;"AP";0;0,5;16
2;2024;"> 12";NA;NA;NA;NA;NA;6;5;"AP";0;0,5;16
3;2024;"> 12";NA;NA;NA;NA;NA;4;5;"AP";0;0,5;16
4;2024;"> 12";NA;NA;NA;NA;NA;3;3;"AP";0;0,5;16
5;2024;"> 12";NA;NA;NA;NA;NA;4;1;"AP";0;0,5;16
6;2024;"> 12";NA;NA;NA;NA;NA;4;8;"AP";0;0,5;16
7;2024;"> 12";NA;NA;NA;NA;NA;5;4;"AP";0;0,5;16
8;2024;"> 12";NA;NA;NA;NA;NA;3;3;"AP";0;0,5;16
10;2024;"> 12";NA;NA;NA;NA;NA;3;3;"AP";0;0,5;16
11;2024;"> 12";NA;NA;NA;NA;NA;3;2;"AP";0;0,5;16
12;2024;"> 12";NA;NA;NA;NA;NA;4;4;"AP";0;0,5;16
13;2024;"> 12";NA;NA;NA;NA;NA;5;6;"AP";0;0,5;16
14;2024;"> 12";NA;NA;NA;NA;NA;5;4;"AP";0;0,5;16
15;2024;"> 12";NA;NA;NA;NA;NA;5;5;"AP";0;0,5;16
16;2024;"> 12";NA;NA;NA;NA;NA;6;7;"AP";0;0,5;16
17;2024;"> 12";NA;NA;NA;NA;NA;9;5;"AP";0;0,5;16
18;2024;"> 12";NA;NA;NA;NA;NA;7;14;"AP";0;0,5;16
19;2024;"> 12";NA;NA;NA;NA;NA;10;3;"AP";0;0,5;16
20;2024;"> 12";NA;NA;NA;NA;NA;6;12;"AP";0;0,5;16
21;2024;"> 12";NA;NA;NA;NA;NA;7;4;"AP";0;0,5;16
22;2024;"> 12";NA;NA;NA;NA;NA;5;6;"AP";0;0,5;16
23;2024;"> 12";NA;NA;NA;NA;NA;5;4;"AP";0;0,5;16
24;2024;"> 12";NA;NA;NA;NA;NA;6;6;"AP";0;0,5;16
25;2024;"> 12";NA;NA;NA;NA;NA;6;7;"AP";0;0,5;16
26;2024;"> 12";NA;NA;NA;NA;NA;5;6;"AP";0;0,5;16
27;2024;"> 12";NA;NA;NA;NA;NA;5;2;"AP";0;0,5;16
28;2024;"> 12";NA;NA;NA;NA;NA;3;6;"AP";0;0,5;16
29;2024;"> 12";NA;NA;NA;NA;NA;3;1;"AP";0;0,5;16
30;2024;"> 12";NA;NA;NA;NA;NA;2;2;"AP";0;0,5;16
31;2024;"> 12";NA;NA;NA;NA;NA;2;3;"AP";0;0,5;16
32;2024;"> 12";NA;NA;NA;NA;NA;3;2;"AP";0;0,5;16
33;2024;"> 12";NA;NA;NA;NA;NA;3;3;"AP";0;0,5;16
34;2024;"> 12";NA;NA;NA;NA;NA;3;4;"AP";0;0,5;16
35;2024;"> 12";NA;NA;NA;NA;NA;3;2;"AP";0;0,5;16
36;2024;"> 12";NA;NA;NA;NA;NA;4;2;"AP";0;0,5;16
37;2024;"> 12";NA;NA;NA;NA;NA;6;8;"AP";0;0,5;16
38;2024;"> 12";NA;NA;NA;NA;NA;7;9;"AP";0;0,5;16
39;2024;"> 12";NA;NA;NA;NA;NA;5;5;"AP";0;0,5;16
40;2024;"> 12";NA;NA;NA;NA;NA;3;2;"AP";0;0,5;16
41;2024;"> 12";NA;NA;NA;NA;NA;3;3;"AP";0;0,5;16
42;2024;"> 12";NA;NA;NA;NA;NA;4;3;"AP";0;0,5;16
43;2024;"> 12";NA;NA;NA;NA;NA;5;6;"AP";0;0,5;16
44;2024;"> 12";NA;NA;NA;NA;NA;5;5;"AP";0;0,5;16
45;2024;"> 12";NA;NA;NA;NA;NA;3;3;"AP";0;0,5;16
46;2024;"> 12";NA;NA;NA;NA;NA;4;2;"AP";0;0,5;16
47;2024;"> 12";NA;NA;NA;NA;NA;4;6;"AP";0;0,5;16
49;2024;"> 12";NA;NA;NA;NA;NA;4;3;"AP";0;0,5;16
50;2024;"> 12";NA;NA;NA;NA;NA;3;4;"AP";0;0,5;16
51;2024;"> 12";NA;NA;NA;NA;NA;2;2;"AP";0;0,5;16
52;2024;"> 12";NA;NA;NA;NA;NA;2;1;"AP";0;0,5;16
1;2025;"> 12";NA;NA;NA;NA;NA;3;2;"AP";0;0,5;16
2;2025;"> 12";NA;NA;NA;NA;NA;5;6;"AP";0;0,5;16
3;2025;"> 12";NA;NA;NA;NA;NA;6;7;"AP";0;0,5;16
4;2025;"> 12";NA;NA;NA;NA;NA;6;5;"AP";0;0,5;16
5;2025;"> 12";NA;NA;NA;NA;NA;4;6;"AP";0;0,5;16
6;2025;"> 12";NA;NA;NA;NA;NA;3;1;"AP";0;0,5;16
7;2025;"> 12";NA;NA;NA;NA;NA;3;1;"AP";0;0,5;16
8;2025;"> 12";NA;NA;NA;NA;NA;4;7;"AP";0;0,5;16
9;2025;"> 12";NA;NA;NA;NA;NA;6;5;"AP";0;0,5;16
10;2025;"> 12";NA;NA;NA;NA;NA;5;5;"AP";0;0,5;16
11;2025;"> 12";NA;NA;NA;NA;NA;6;4;"AP";0;0,5;16
12;2025;"> 12";NA;NA;NA;NA;NA;6;8;"AP";0;0,5;16
13;2025;"> 12";NA;NA;NA;NA;NA;6;5;"AP";0;0,5;16
14;2025;"> 12";NA;NA;NA;NA;NA;6;5;"AP";0;0,5;16
15;2025;"> 12";NA;NA;NA;NA;NA;6;8;"AP";0;0,5;16
16;2025;"> 12";NA;NA;NA;NA;NA;7;5;"AP";0;0,5;16
17;2025;"> 12";NA;NA;NA;NA;NA;7;8;"AP";0;0,5;16
18;2025;"> 12";NA;NA;NA;NA;NA;8;9;"AP";0;0,5;16
19;2025;"> 12";NA;NA;NA;NA;NA;12;8;"AP";0;0,5;16
20;2025;"> 12";NA;NA;NA;NA;NA;18;20;"AP";0;0,5;16
21;2025;"> 12";NA;NA;NA;NA;NA;22;27;"AP";0;0,5;16
22;2025;"> 12";NA;NA;NA;NA;NA;20;19;"AP";0;0,5;16
23;2025;"> 12";NA;NA;NA;NA;NA;17;15;"AP";0;0,5;16
24;2025;"> 12";NA;NA;NA;NA;NA;14;17;"AP";0;0,5;16
25;2025;"> 12";NA;NA;NA;NA;NA;13;9;"AP";0;0,5;16
26;2025;"> 12";NA;NA;NA;NA;NA;9;13;"AP";0;0,5;16
27;2025;"> 12";NA;NA;NA;NA;NA;7;4;"AP";0;0,5;16
28;2025;"> 12";NA;NA;NA;NA;NA;4;3;"AP";0;0,5;16
29;2025;"> 12";NA;NA;NA;NA;NA;4;4;"AP";0;0,5;16
30;2025;"> 12";NA;NA;NA;NA;NA;6;6;"AP";0;0,5;16
31;2025;"> 12";NA;NA;NA;NA;NA;7;9;"AP";0;0,5;16
32;2025;"> 12";NA;NA;NA;NA;NA;8;6;"AP";0;0,5;16
33;2025;"> 12";NA;NA;NA;NA;NA;7;9;"AP";0;0,5;16
34;2025;"> 12";NA;NA;NA;NA;NA;6;6;"AP";0;0,5;16
35;2025;"> 12";NA;NA;NA;NA;NA;6;4;"AP";0;0,5;16
36;2025;"> 12";NA;NA;NA;NA;NA;7;8;"AP";0;0,5;16
37;2025;"> 12";NA;NA;NA;NA;NA;10;9;"AP";0;0,5;16
38;2025;"> 12";NA;NA;NA;NA;NA;8;12;"AP";0;0,5;16
39;2025;"> 12";NA;NA;NA;NA;NA;6;4;"AP";0;0,5;16
40;2025;"> 12";NA;NA;NA;NA;NA;3;2;"AP";0;0,5;16
41;2025;"> 12";NA;NA;NA;NA;NA;3;3;"AP";0;0,5;16
42;2025;"> 12";NA;NA;NA;NA;NA;3;3;"AP";0;0,5;16
43;2025;"> 12";NA;NA;NA;NA;NA;3;3;"AP";0;0,5;16
44;2025;"> 12";NA;NA;NA;NA;NA;4;3;"AP";0;0,5;16
45;2025;"> 12";NA;NA;NA;NA;NA;5;7;"AP";0;0,5;16
46;2025;"> 12";NA;NA;NA;NA;NA;6;5;"AP";0;0,5;16
47;2025;"> 12";NA;NA;NA;NA;NA;5;6;"AP";0;0,5;16
48;2025;"> 12";NA;NA;NA;NA;NA;7;5;"AP";0;0,5;16
49;2025;"> 12";NA;NA;NA;NA;NA;8;9;"AP";0;0,5;16
50;2025;"> 12";NA;NA;NA;NA;NA;9;10;"AP";0;0,5;16
51;2025;"> 12";NA;NA;NA;NA;NA;7;9;"AP";0;0,5;16
52;2025;"> 12";NA;NA;NA;NA;NA;5;1;"AP";0;0,5;16
53;2025;"> 12";NA;NA;NA;NA;NA;5;6;"AP";0;0,5;16
1;2026;"> 12";NA;NA;NA;NA;NA;12;8;"AP";0;0,5;16
2;2026;"> 12";NA;NA;NA;NA;NA;15;21;"AP";0;0,5;16
3;2026;"> 12";NA;NA;NA;NA;NA;14;16;"AP";0;0,5;16
4;2026;"> 12";NA;NA;NA;NA;NA;8;4;"AP";0;0,5;16
5;2026;"> 12";NA;NA;NA;NA;NA;6;5;"AP";0;0,5;16
6;2026;"> 12";NA;NA;NA;NA;NA;9;9;"AP";0;0,5;16
7;2026;"> 12";NA;NA;NA;NA;NA;12;14;"AP";0;0,5;16
8;2026;"> 12";NA;NA;NA;NA;NA;13;13;"AP";0;0,5;16
9;2026;"> 12";NA;NA;NA;NA;NA;12;11;"AP";0;0,5;16
10;2026;"> 12";NA;NA;NA;NA;NA;12;13;"AP";0;0,5;16
11;2026;"> 12";11;11;11;11;11;10;11;"AP";0;0,5;16
12;2026;"> 12";5;6;5;5;5;8;5;"AP";0;0,5;16
13;2026;"> 12";9;10;9;9;9;9;9;"AP";0;0,5;16
14;2026;"> 12";12;13;12;12;12;8;12;"AP";0;0,5;16
15;2026;"> 12";2;3;2;2;2;8;2;"AP";0;0,5;16
16;2026;"> 12";9;11;9;10;9;7;9;"AP";0;0,5;16
17;2026;"> 12";9;11;8;9;8;8;8;"AP";0;0,5;16
18;2026;"> 12";6;11;4;7;5;7;6;"AP";0;0,5;16
19;2026;"> 12";7;19;3;10;5;NA;9;"AP";0;0,5;16
1;2022;"> 12";NA;NA;NA;NA;NA;NA;685;"BA";0;0,5;29
2;2022;"> 12";NA;NA;NA;NA;NA;653;612;"BA";0;0,5;29
3;2022;"> 12";NA;NA;NA;NA;NA;638;662;"BA";0;0,5;29
4;2022;"> 12";NA;NA;NA;NA;NA;606;641;"BA";0;0,5;29
5;2022;"> 12";NA;NA;NA;NA;NA;482;515;"BA";0;0,5;29
6;2022;"> 12";NA;NA;NA;NA;NA;324;290;"BA";0;0,5;29
7;2022;"> 12";NA;NA;NA;NA;NA;182;168;"BA";0;0,5;29
8;2022;"> 12";NA;NA;NA;NA;NA;113;89;"BA";0;0,5;29
9;2022;"> 12";NA;NA;NA;NA;NA;80;82;"BA";0;0,5;29
10;2022;"> 12";NA;NA;NA;NA;NA;73;68;"BA";0;0,5;29
11;2022;"> 12";NA;NA;NA;NA;NA;68;70;"BA";0;0,5;29
12;2022;"> 12";NA;NA;NA;NA;NA;65;65;"BA";0;0,5;29
13;2022;"> 12";NA;NA;NA;NA;NA;58;61;"BA";0;0,5;29
14;2022;"> 12";NA;NA;NA;NA;NA;59;49;"BA";0;0,5;29
15;2022;"> 12";NA;NA;NA;NA;NA;56;66;"BA";0;0,5;29
16;2022;"> 12";NA;NA;NA;NA;NA;56;52;"BA";0;0,5;29
17;2022;"> 12";NA;NA;NA;NA;NA;53;51;"BA";0;0,5;29
18;2022;"> 12";NA;NA;NA;NA;NA;55;55;"BA";0;0,5;29
19;2022;"> 12";NA;NA;NA;NA;NA;65;58;"BA";0;0,5;29
20;2022;"> 12";NA;NA;NA;NA;NA;69;82;"BA";0;0,5;29
21;2022;"> 12";NA;NA;NA;NA;NA;76;67;"BA";0;0,5;29
22;2022;"> 12";NA;NA;NA;NA;NA;75;78;"BA";0;0,5;29
23;2022;"> 12";NA;NA;NA;NA;NA;96;80;"BA";0;0,5;29
24;2022;"> 12";NA;NA;NA;NA;NA;139;129;"BA";0;0,5;29
25;2022;"> 12";NA;NA;NA;NA;NA;208;209;"BA";0;0,5;29
26;2022;"> 12";NA;NA;NA;NA;NA;242;286;"BA";0;0,5;29
27;2022;"> 12";NA;NA;NA;NA;NA;232;232;"BA";0;0,5;29
28;2022;"> 12";NA;NA;NA;NA;NA;176;179;"BA";0;0,5;29
29;2022;"> 12";NA;NA;NA;NA;NA;129;117;"BA";0;0,5;29
30;2022;"> 12";NA;NA;NA;NA;NA;101;90;"BA";0;0,5;29
31;2022;"> 12";NA;NA;NA;NA;NA;82;95;"BA";0;0,5;29
32;2022;"> 12";NA;NA;NA;NA;NA;73;61;"BA";0;0,5;29
33;2022;"> 12";NA;NA;NA;NA;NA;57;62;"BA";0;0,5;29
34;2022;"> 12";NA;NA;NA;NA;NA;58;47;"BA";0;0,5;29
35;2022;"> 12";NA;NA;NA;NA;NA;49;66;"BA";0;0,5;29
36;2022;"> 12";NA;NA;NA;NA;NA;45;33;"BA";0;0,5;29
37;2022;"> 12";NA;NA;NA;NA;NA;32;36;"BA";0;0,5;29
38;2022;"> 12";NA;NA;NA;NA;NA;35;27;"BA";0;0,5;29
39;2022;"> 12";NA;NA;NA;NA;NA;32;43;"BA";0;0,5;29
40;2022;"> 12";NA;NA;NA;NA;NA;31;25;"BA";0;0,5;29
41;2022;"> 12";NA;NA;NA;NA;NA;26;26;"BA";0;0,5;29
42;2022;"> 12";NA;NA;NA;NA;NA;23;27;"BA";0;0,5;29
43;2022;"> 12";NA;NA;NA;NA;NA;26;16;"BA";0;0,5;29
44;2022;"> 12";NA;NA;NA;NA;NA;42;34;"BA";0;0,5;29
45;2022;"> 12";NA;NA;NA;NA;NA;84;76;"BA";0;0,5;29
46;2022;"> 12";NA;NA;NA;NA;NA;131;143;"BA";0;0,5;29
47;2022;"> 12";NA;NA;NA;NA;NA;160;173;"BA";0;0,5;29
48;2022;"> 12";NA;NA;NA;NA;NA;164;163;"BA";0;0,5;29
49;2022;"> 12";NA;NA;NA;NA;NA;140;155;"BA";0;0,5;29
50;2022;"> 12";NA;NA;NA;NA;NA;108;102;"BA";0;0,5;29
51;2022;"> 12";NA;NA;NA;NA;NA;72;66;"BA";0;0,5;29
52;2022;"> 12";NA;NA;NA;NA;NA;55;48;"BA";0;0,5;29
1;2023;"> 12";NA;NA;NA;NA;NA;45;52;"BA";0;0,5;29
2;2023;"> 12";NA;NA;NA;NA;NA;37;36;"BA";0;0,5;29
3;2023;"> 12";NA;NA;NA;NA;NA;28;24;"BA";0;0,5;29
4;2023;"> 12";NA;NA;NA;NA;NA;25;23;"BA";0;0,5;29
5;2023;"> 12";NA;NA;NA;NA;NA;25;29;"BA";0;0,5;29
6;2023;"> 12";NA;NA;NA;NA;NA;26;23;"BA";0;0,5;29
7;2023;"> 12";NA;NA;NA;NA;NA;27;27;"BA";0;0,5;29
8;2023;"> 12";NA;NA;NA;NA;NA;30;31;"BA";0;0,5;29
9;2023;"> 12";NA;NA;NA;NA;NA;34;31;"BA";0;0,5;29
10;2023;"> 12";NA;NA;NA;NA;NA;37;40;"BA";0;0,5;29
11;2023;"> 12";NA;NA;NA;NA;NA;42;40;"BA";0;0,5;29
12;2023;"> 12";NA;NA;NA;NA;NA;41;46;"BA";0;0,5;29
13;2023;"> 12";NA;NA;NA;NA;NA;42;38;"BA";0;0,5;29
14;2023;"> 12";NA;NA;NA;NA;NA;46;42;"BA";0;0,5;29
15;2023;"> 12";NA;NA;NA;NA;NA;53;57;"BA";0;0,5;29
16;2023;"> 12";NA;NA;NA;NA;NA;54;60;"BA";0;0,5;29
17;2023;"> 12";NA;NA;NA;NA;NA;56;46;"BA";0;0,5;29
18;2023;"> 12";NA;NA;NA;NA;NA;57;62;"BA";0;0,5;29
19;2023;"> 12";NA;NA;NA;NA;NA;64;62;"BA";0;0,5;29
20;2023;"> 12";NA;NA;NA;NA;NA;60;67;"BA";0;0,5;29
21;2023;"> 12";NA;NA;NA;NA;NA;56;51;"BA";0;0,5;29
22;2023;"> 12";NA;NA;NA;NA;NA;50;51;"BA";0;0,5;29
23;2023;"> 12";NA;NA;NA;NA;NA;45;47;"BA";0;0,5;29
24;2023;"> 12";NA;NA;NA;NA;NA;40;38;"BA";0;0,5;29
25;2023;"> 12";NA;NA;NA;NA;NA;41;34;"BA";0;0,5;29
26;2023;"> 12";NA;NA;NA;NA;NA;40;51;"BA";0;0,5;29
27;2023;"> 12";NA;NA;NA;NA;NA;43;35;"BA";0;0,5;29
28;2023;"> 12";NA;NA;NA;NA;NA;39;42;"BA";0;0,5;29
29;2023;"> 12";NA;NA;NA;NA;NA;40;41;"BA";0;0,5;29
30;2023;"> 12";NA;NA;NA;NA;NA;38;36;"BA";0;0,5;29
31;2023;"> 12";NA;NA;NA;NA;NA;30;36;"BA";0;0,5;29
32;2023;"> 12";NA;NA;NA;NA;NA;25;18;"BA";0;0,5;29
33;2023;"> 12";NA;NA;NA;NA;NA;21;21;"BA";0;0,5;29
34;2023;"> 12";NA;NA;NA;NA;NA;20;25;"BA";0;0,5;29
35;2023;"> 12";NA;NA;NA;NA;NA;21;13;"BA";0;0,5;29
36;2023;"> 12";NA;NA;NA;NA;NA;20;24;"BA";0;0,5;29
37;2023;"> 12";NA;NA;NA;NA;NA;22;23;"BA";0;0,5;29
38;2023;"> 12";NA;NA;NA;NA;NA;23;20;"BA";0;0,5;29
39;2023;"> 12";NA;NA;NA;NA;NA;23;26;"BA";0;0,5;29
40;2023;"> 12";NA;NA;NA;NA;NA;27;23;"BA";0;0,5;29
41;2023;"> 12";NA;NA;NA;NA;NA;33;31;"BA";0;0,5;29
42;2023;"> 12";NA;NA;NA;NA;NA;42;44;"BA";0;0,5;29
43;2023;"> 12";NA;NA;NA;NA;NA;45;50;"BA";0;0,5;29
44;2023;"> 12";NA;NA;NA;NA;NA;47;42;"BA";0;0,5;29
45;2023;"> 12";NA;NA;NA;NA;NA;47;49;"BA";0;0,5;29
46;2023;"> 12";NA;NA;NA;NA;NA;55;51;"BA";0;0,5;29
47;2023;"> 12";NA;NA;NA;NA;NA;51;66;"BA";0;0,5;29
48;2023;"> 12";NA;NA;NA;NA;NA;50;37;"BA";0;0,5;29
49;2023;"> 12";NA;NA;NA;NA;NA;38;46;"BA";0;0,5;29
50;2023;"> 12";NA;NA;NA;NA;NA;34;31;"BA";0;0,5;29
51;2023;"> 12";NA;NA;NA;NA;NA;29;25;"BA";0;0,5;29
52;2023;"> 12";NA;NA;NA;NA;NA;29;32;"BA";0;0,5;29
1;2024;"> 12";NA;NA;NA;NA;NA;33;31;"BA";0;0,5;29
2;2024;"> 12";NA;NA;NA;NA;NA;32;35;"BA";0;0,5;29
3;2024;"> 12";NA;NA;NA;NA;NA;32;31;"BA";0;0,5;29
4;2024;"> 12";NA;NA;NA;NA;NA;27;30;"BA";0;0,5;29
5;2024;"> 12";NA;NA;NA;NA;NA;26;21;"BA";0;0,5;29
6;2024;"> 12";NA;NA;NA;NA;NA;35;28;"BA";0;0,5;29
7;2024;"> 12";NA;NA;NA;NA;NA;52;56;"BA";0;0,5;29
8;2024;"> 12";NA;NA;NA;NA;NA;65;72;"BA";0;0,5;29
9;2024;"> 12";NA;NA;NA;NA;NA;63;67;"BA";0;0,5;29
10;2024;"> 12";NA;NA;NA;NA;NA;57;51;"BA";0;0,5;29
11;2024;"> 12";NA;NA;NA;NA;NA;48;54;"BA";0;0,5;29
12;2024;"> 12";NA;NA;NA;NA;NA;43;39;"BA";0;0,5;29
13;2024;"> 12";NA;NA;NA;NA;NA;40;37;"BA";0;0,5;29
14;2024;"> 12";NA;NA;NA;NA;NA;37;43;"BA";0;0,5;29
15;2024;"> 12";NA;NA;NA;NA;NA;37;32;"BA";0;0,5;29
16;2024;"> 12";NA;NA;NA;NA;NA;35;36;"BA";0;0,5;29
17;2024;"> 12";NA;NA;NA;NA;NA;36;37;"BA";0;0,5;29
18;2024;"> 12";NA;NA;NA;NA;NA;39;35;"BA";0;0,5;29
19;2024;"> 12";NA;NA;NA;NA;NA;40;45;"BA";0;0,5;29
20;2024;"> 12";NA;NA;NA;NA;NA;41;41;"BA";0;0,5;29
21;2024;"> 12";NA;NA;NA;NA;NA;32;37;"BA";0;0,5;29
22;2024;"> 12";NA;NA;NA;NA;NA;29;18;"BA";0;0,5;29
23;2024;"> 12";NA;NA;NA;NA;NA;24;32;"BA";0;0,5;29
24;2024;"> 12";NA;NA;NA;NA;NA;24;22;"BA";0;0,5;29
25;2024;"> 12";NA;NA;NA;NA;NA;21;17;"BA";0;0,5;29
26;2024;"> 12";NA;NA;NA;NA;NA;27;25;"BA";0;0,5;29
27;2024;"> 12";NA;NA;NA;NA;NA;31;39;"BA";0;0,5;29
28;2024;"> 12";NA;NA;NA;NA;NA;35;29;"BA";0;0,5;29
29;2024;"> 12";NA;NA;NA;NA;NA;34;38;"BA";0;0,5;29
30;2024;"> 12";NA;NA;NA;NA;NA;34;34;"BA";0;0,5;29
31;2024;"> 12";NA;NA;NA;NA;NA;33;29;"BA";0;0,5;29
32;2024;"> 12";NA;NA;NA;NA;NA;31;36;"BA";0;0,5;29
33;2024;"> 12";NA;NA;NA;NA;NA;33;27;"BA";0;0,5;29
34;2024;"> 12";NA;NA;NA;NA;NA;33;36;"BA";0;0,5;29
35;2024;"> 12";NA;NA;NA;NA;NA;37;35;"BA";0;0,5;29
36;2024;"> 12";NA;NA;NA;NA;NA;38;40;"BA";0;0,5;29
37;2024;"> 12";NA;NA;NA;NA;NA;40;40;"BA";0;0,5;29
38;2024;"> 12";NA;NA;NA;NA;NA;33;40;"BA";0;0,5;29
39;2024;"> 12";NA;NA;NA;NA;NA;26;18;"BA";0;0,5;29
40;2024;"> 12";NA;NA;NA;NA;NA;24;21;"BA";0;0,5;29
41;2024;"> 12";NA;NA;NA;NA;NA;26;33;"BA";0;0,5;29
42;2024;"> 12";NA;NA;NA;NA;NA;28;25;"BA";0;0,5;29
43;2024;"> 12";NA;NA;NA;NA;NA;29;27;"BA";0;0,5;29
44;2024;"> 12";NA;NA;NA;NA;NA;27;35;"BA";0;0,5;29
45;2024;"> 12";NA;NA;NA;NA;NA;28;18;"BA";0;0,5;29
46;2024;"> 12";NA;NA;NA;NA;NA;24;30;"BA";0;0,5;29
47;2024;"> 12";NA;NA;NA;NA;NA;21;23;"BA";0;0,5;29
48;2024;"> 12";NA;NA;NA;NA;NA;18;9;"BA";0;0,5;29
49;2024;"> 12";NA;NA;NA;NA;NA;19;21;"BA";0;0,5;29
50;2024;"> 12";NA;NA;NA;NA;NA;27;26;"BA";0;0,5;29
51;2024;"> 12";NA;NA;NA;NA;NA;29;34;"BA";0;0,5;29
52;2024;"> 12";NA;NA;NA;NA;NA;28;28;"BA";0;0,5;29
1;2025;"> 12";NA;NA;NA;NA;NA;26;22;"BA";0;0,5;29
2;2025;"> 12";NA;NA;NA;NA;NA;27;28;"BA";0;0,5;29
3;2025;"> 12";NA;NA;NA;NA;NA;30;30;"BA";0;0,5;29
4;2025;"> 12";NA;NA;NA;NA;NA;29;31;"BA";0;0,5;29
5;2025;"> 12";NA;NA;NA;NA;NA;30;26;"BA";0;0,5;29
6;2025;"> 12";NA;NA;NA;NA;NA;25;32;"BA";0;0,5;29
7;2025;"> 12";NA;NA;NA;NA;NA;28;18;"BA";0;0,5;29
8;2025;"> 12";NA;NA;NA;NA;NA;23;34;"BA";0;0,5;29
9;2025;"> 12";NA;NA;NA;NA;NA;29;18;"BA";0;0,5;29
10;2025;"> 12";NA;NA;NA;NA;NA;28;35;"BA";0;0,5;29
11;2025;"> 12";NA;NA;NA;NA;NA;34;32;"BA";0;0,5;29
12;2025;"> 12";NA;NA;NA;NA;NA;32;36;"BA";0;0,5;29
13;2025;"> 12";NA;NA;NA;NA;NA;30;28;"BA";0;0,5;29
14;2025;"> 12";NA;NA;NA;NA;NA;28;26;"BA";0;0,5;29
15;2025;"> 12";NA;NA;NA;NA;NA;38;31;"BA";0;0,5;29
16;2025;"> 12";NA;NA;NA;NA;NA;46;58;"BA";0;0,5;29
17;2025;"> 12";NA;NA;NA;NA;NA;56;50;"BA";0;0,5;29
18;2025;"> 12";NA;NA;NA;NA;NA;66;61;"BA";0;0,5;29
19;2025;"> 12";NA;NA;NA;NA;NA;70;87;"BA";0;0,5;29
20;2025;"> 12";NA;NA;NA;NA;NA;64;63;"BA";0;0,5;29
21;2025;"> 12";NA;NA;NA;NA;NA;63;41;"BA";0;0,5;29
22;2025;"> 12";NA;NA;NA;NA;NA;70;84;"BA";0;0,5;29
23;2025;"> 12";NA;NA;NA;NA;NA;78;85;"BA";0;0,5;29
24;2025;"> 12";NA;NA;NA;NA;NA;70;65;"BA";0;0,5;29
25;2025;"> 12";NA;NA;NA;NA;NA;64;60;"BA";0;0,5;29
26;2025;"> 12";NA;NA;NA;NA;NA;62;66;"BA";0;0,5;29
27;2025;"> 12";NA;NA;NA;NA;NA;56;59;"BA";0;0,5;29
28;2025;"> 12";NA;NA;NA;NA;NA;52;44;"BA";0;0,5;29
29;2025;"> 12";NA;NA;NA;NA;NA;47;54;"BA";0;0,5;29
30;2025;"> 12";NA;NA;NA;NA;NA;47;43;"BA";0;0,5;29
31;2025;"> 12";NA;NA;NA;NA;NA;43;44;"BA";0;0,5;29
32;2025;"> 12";NA;NA;NA;NA;NA;42;41;"BA";0;0,5;29
33;2025;"> 12";NA;NA;NA;NA;NA;40;40;"BA";0;0,5;29
34;2025;"> 12";NA;NA;NA;NA;NA;36;38;"BA";0;0,5;29
35;2025;"> 12";NA;NA;NA;NA;NA;36;30;"BA";0;0,5;29
36;2025;"> 12";NA;NA;NA;NA;NA;37;39;"BA";0;0,5;29
37;2025;"> 12";NA;NA;NA;NA;NA;36;41;"BA";0;0,5;29
38;2025;"> 12";NA;NA;NA;NA;NA;36;29;"BA";0;0,5;29
39;2025;"> 12";NA;NA;NA;NA;NA;34;39;"BA";0;0,5;29
40;2025;"> 12";NA;NA;NA;NA;NA;36;35;"BA";0;0,5;29
41;2025;"> 12";NA;NA;NA;NA;NA;32;34;"BA";0;0,5;29
42;2025;"> 12";NA;NA;NA;NA;NA;32;27;"BA";0;0,5;29
43;2025;"> 12";NA;NA;NA;NA;NA;32;34;"BA";0;0,5;29
44;2025;"> 12";NA;NA;NA;NA;NA;36;35;"BA";0;0,5;29
45;2025;"> 12";NA;NA;NA;NA;NA;37;40;"BA";0;0,5;29
46;2025;"> 12";NA;NA;NA;NA;NA;35;37;"BA";0;0,5;29
47;2025;"> 12";NA;NA;NA;NA;NA;37;28;"BA";0;0,5;29
48;2025;"> 12";NA;NA;NA;NA;NA;32;46;"BA";0;0,5;29
49;2025;"> 12";NA;NA;NA;NA;NA;34;23;"BA";0;0,5;29
50;2025;"> 12";NA;NA;NA;NA;NA;27;32;"BA";0;0,5;29
51;2025;"> 12";NA;NA;NA;NA;NA;26;26;"BA";0;0,5;29
52;2025;"> 12";NA;NA;NA;NA;NA;25;21;"BA";0;0,5;29
53;2025;"> 12";NA;NA;NA;NA;NA;23;27;"BA";0;0,5;29
1;2026;"> 12";NA;NA;NA;NA;NA;23;22;"BA";0;0,5;29
2;2026;"> 12";NA;NA;NA;NA;NA;19;21;"BA";0;0,5;29
3;2026;"> 12";NA;NA;NA;NA;NA;24;15;"BA";0;0,5;29
4;2026;"> 12";NA;NA;NA;NA;NA;30;37;"BA";0;0,5;29
5;2026;"> 12";NA;NA;NA;NA;NA;32;37;"BA";0;0,5;29
6;2026;"> 12";22;23;22;22;22;32;22;"BA";0;0,5;29
7;2026;"> 12";38;40;38;39;38;33;38;"BA";0;0,5;29
8;2026;"> 12";39;41,025;39;40;39;42;39;"BA";0;0,5;29
9;2026;"> 12";50;53;50;51;50;44;50;"BA";0;0,5;29
10;2026;"> 12";44;46;43;44;43;50;43;"BA";0;0,5;29
11;2026;"> 12";55;58;54;56;54;44;54;"BA";0;0,5;29
12;2026;"> 12";33;36;32;34;32;42;34;"BA";0;0,5;29
13;2026;"> 12";37;41;36;38;37;39;38;"BA";0;0,5;29
14;2026;"> 12";46;50;44;47;45;41;45;"BA";0;0,5;29
15;2026;"> 12";39;43;36;40;38;39;36;"BA";0;0,5;29
16;2026;"> 12";33;38;30;35;32;35;30;"BA";0;0,5;29
17;2026;"> 12";34;41;29;36;32;31;32;"BA";0;0,5;29
18;2026;"> 12";27;40;20;31;24;30;20;"BA";0;0,5;29
19;2026;"> 12";29;54;15;36;23;NA;25;"BA";0;0,5;29
1;2022;"> 12";NA;NA;NA;NA;NA;NA;768;"CE";0;0;23
2;2022;"> 12";NA;NA;NA;NA;NA;799;916;"CE";0;0;23
3;2022;"> 12";NA;NA;NA;NA;NA;721;714;"CE";0;0;23
4;2022;"> 12";NA;NA;NA;NA;NA;525;532;"CE";0;0;23
5;2022;"> 12";NA;NA;NA;NA;NA;353;330;"CE";0;0;23
6;2022;"> 12";NA;NA;NA;NA;NA;214;196;"CE";0;0;23
7;2022;"> 12";NA;NA;NA;NA;NA;130;117;"CE";0;0;23
8;2022;"> 12";NA;NA;NA;NA;NA;89;78;"CE";0;0;23
9;2022;"> 12";NA;NA;NA;NA;NA;70;71;"CE";0;0;23
10;2022;"> 12";NA;NA;NA;NA;NA;67;62;"CE";0;0;23
11;2022;"> 12";NA;NA;NA;NA;NA;65;68;"CE";0;0;23
12;2022;"> 12";NA;NA;NA;NA;NA;67;66;"CE";0;0;23
13;2022;"> 12";NA;NA;NA;NA;NA;58;66;"CE";0;0;23
14;2022;"> 12";NA;NA;NA;NA;NA;53;43;"CE";0;0;23
15;2022;"> 12";NA;NA;NA;NA;NA;49;50;"CE";0;0;23
16;2022;"> 12";NA;NA;NA;NA;NA;55;54;"CE";0;0;23
17;2022;"> 12";NA;NA;NA;NA;NA;58;61;"CE";0;0;23
18;2022;"> 12";NA;NA;NA;NA;NA;58;60;"CE";0;0;23
19;2022;"> 12";NA;NA;NA;NA;NA;55;54;"CE";0;0;23
20;2022;"> 12";NA;NA;NA;NA;NA;46;51;"CE";0;0;23
21;2022;"> 12";NA;NA;NA;NA;NA;47;34;"CE";0;0;23
22;2022;"> 12";NA;NA;NA;NA;NA;59;57;"CE";0;0;23
23;2022;"> 12";NA;NA;NA;NA;NA;90;85;"CE";0;0;23
24;2022;"> 12";NA;NA;NA;NA;NA;124;127;"CE";0;0;23
25;2022;"> 12";NA;NA;NA;NA;NA;156;159;"CE";0;0;23
26;2022;"> 12";NA;NA;NA;NA;NA;171;183;"CE";0;0;23
27;2022;"> 12";NA;NA;NA;NA;NA;164;172;"CE";0;0;23
28;2022;"> 12";NA;NA;NA;NA;NA;132;138;"CE";0;0;23
29;2022;"> 12";NA;NA;NA;NA;NA;92;87;"CE";0;0;23
30;2022;"> 12";NA;NA;NA;NA;NA;58;52;"CE";0;0;23
31;2022;"> 12";NA;NA;NA;NA;NA;38;35;"CE";0;0;23
32;2022;"> 12";NA;NA;NA;NA;NA;29;26;"CE";0;0;23
33;2022;"> 12";NA;NA;NA;NA;NA;25;25;"CE";0;0;23
34;2022;"> 12";NA;NA;NA;NA;NA;27;25;"CE";0;0;23
35;2022;"> 12";NA;NA;NA;NA;NA;28;32;"CE";0;0;23
36;2022;"> 12";NA;NA;NA;NA;NA;27;28;"CE";0;0;23
37;2022;"> 12";NA;NA;NA;NA;NA;26;22;"CE";0;0;23
38;2022;"> 12";NA;NA;NA;NA;NA;22;27;"CE";0;0;23
39;2022;"> 12";NA;NA;NA;NA;NA;19;16;"CE";0;0;23
40;2022;"> 12";NA;NA;NA;NA;NA;15;14;"CE";0;0;23
41;2022;"> 12";NA;NA;NA;NA;NA;15;15;"CE";0;0;23
42;2022;"> 12";NA;NA;NA;NA;NA;15;15;"CE";0;0;23
43;2022;"> 12";NA;NA;NA;NA;NA;16;15;"CE";0;0;23
44;2022;"> 12";NA;NA;NA;NA;NA;19;18;"CE";0;0;23
45;2022;"> 12";NA;NA;NA;NA;NA;43;25;"CE";0;0;23
46;2022;"> 12";NA;NA;NA;NA;NA;73;85;"CE";0;0;23
47;2022;"> 12";NA;NA;NA;NA;NA;100;110;"CE";0;0;23
48;2022;"> 12";NA;NA;NA;NA;NA;99;104;"CE";0;0;23
49;2022;"> 12";NA;NA;NA;NA;NA;83;83;"CE";0;0;23
50;2022;"> 12";NA;NA;NA;NA;NA;61;62;"CE";0;0;23
51;2022;"> 12";NA;NA;NA;NA;NA;47;37;"CE";0;0;23
52;2022;"> 12";NA;NA;NA;NA;NA;36;43;"CE";0;0;23
1;2023;"> 12";NA;NA;NA;NA;NA;31;29;"CE";0;0;23
2;2023;"> 12";NA;NA;NA;NA;NA;26;21;"CE";0;0;23
3;2023;"> 12";NA;NA;NA;NA;NA;26;27;"CE";0;0;23
4;2023;"> 12";NA;NA;NA;NA;NA;27;30;"CE";0;0;23
5;2023;"> 12";NA;NA;NA;NA;NA;26;23;"CE";0;0;23
6;2023;"> 12";NA;NA;NA;NA;NA;25;25;"CE";0;0;23
7;2023;"> 12";NA;NA;NA;NA;NA;31;26;"CE";0;0;23
8;2023;"> 12";NA;NA;NA;NA;NA;39;43;"CE";0;0;23
9;2023;"> 12";NA;NA;NA;NA;NA;47;49;"CE";0;0;23
10;2023;"> 12";NA;NA;NA;NA;NA;50;48;"CE";0;0;23
11;2023;"> 12";NA;NA;NA;NA;NA;61;53;"CE";0;0;23
12;2023;"> 12";NA;NA;NA;NA;NA;73;83;"CE";0;0;23
13;2023;"> 12";NA;NA;NA;NA;NA;91;84;"CE";0;0;23
14;2023;"> 12";NA;NA;NA;NA;NA;100;106;"CE";0;0;23
15;2023;"> 12";NA;NA;NA;NA;NA;93;110;"CE";0;0;23
16;2023;"> 12";NA;NA;NA;NA;NA;75;62;"CE";0;0;23
17;2023;"> 12";NA;NA;NA;NA;NA;58;54;"CE";0;0;23
18;2023;"> 12";NA;NA;NA;NA;NA;54;58;"CE";0;0;23
19;2023;"> 12";NA;NA;NA;NA;NA;50;50;"CE";0;0;23
20;2023;"> 12";NA;NA;NA;NA;NA;44;41;"CE";0;0;23
21;2023;"> 12";NA;NA;NA;NA;NA;37;40;"CE";0;0;23
22;2023;"> 12";NA;NA;NA;NA;NA;33;31;"CE";0;0;23
23;2023;"> 12";NA;NA;NA;NA;NA;26;27;"CE";0;0;23
24;2023;"> 12";NA;NA;NA;NA;NA;25;21;"CE";0;0;23
25;2023;"> 12";NA;NA;NA;NA;NA;23;28;"CE";0;0;23
26;2023;"> 12";NA;NA;NA;NA;NA;25;21;"CE";0;0;23
27;2023;"> 12";NA;NA;NA;NA;NA;24;25;"CE";0;0;23
28;2023;"> 12";NA;NA;NA;NA;NA;23;25;"CE";0;0;23
29;2023;"> 12";NA;NA;NA;NA;NA;19;18;"CE";0;0;23
30;2023;"> 12";NA;NA;NA;NA;NA;16;15;"CE";0;0;23
31;2023;"> 12";NA;NA;NA;NA;NA;17;14;"CE";0;0;23
32;2023;"> 12";NA;NA;NA;NA;NA;16;21;"CE";0;0;23
33;2023;"> 12";NA;NA;NA;NA;NA;18;12;"CE";0;0;23
34;2023;"> 12";NA;NA;NA;NA;NA;20;21;"CE";0;0;23
35;2023;"> 12";NA;NA;NA;NA;NA;20;26;"CE";0;0;23
36;2023;"> 12";NA;NA;NA;NA;NA;17;14;"CE";0;0;23
37;2023;"> 12";NA;NA;NA;NA;NA;13;12;"CE";0;0;23
38;2023;"> 12";NA;NA;NA;NA;NA;13;13;"CE";0;0;23
39;2023;"> 12";NA;NA;NA;NA;NA;12;13;"CE";0;0;23
40;2023;"> 12";NA;NA;NA;NA;NA;10;9;"CE";0;0;23
41;2023;"> 12";NA;NA;NA;NA;NA;11;7;"CE";0;0;23
42;2023;"> 12";NA;NA;NA;NA;NA;15;16;"CE";0;0;23
43;2023;"> 12";NA;NA;NA;NA;NA;15;21;"CE";0;0;23
44;2023;"> 12";NA;NA;NA;NA;NA;16;9;"CE";0;0;23
45;2023;"> 12";NA;NA;NA;NA;NA;19;19;"CE";0;0;23
46;2023;"> 12";NA;NA;NA;NA;NA;34;30;"CE";0;0;23
47;2023;"> 12";NA;NA;NA;NA;NA;53;52;"CE";0;0;23
48;2023;"> 12";NA;NA;NA;NA;NA;69;78;"CE";0;0;23
49;2023;"> 12";NA;NA;NA;NA;NA;87;78;"CE";0;0;23
50;2023;"> 12";NA;NA;NA;NA;NA;82;106;"CE";0;0;23
51;2023;"> 12";NA;NA;NA;NA;NA;75;62;"CE";0;0;23
52;2023;"> 12";NA;NA;NA;NA;NA;56;57;"CE";0;0;23
1;2024;"> 12";NA;NA;NA;NA;NA;48;49;"CE";0;0;23
2;2024;"> 12";NA;NA;NA;NA;NA;37;39;"CE";0;0;23
3;2024;"> 12";NA;NA;NA;NA;NA;25;22;"CE";0;0;23
4;2024;"> 12";NA;NA;NA;NA;NA;19;15;"CE";0;0;23
5;2024;"> 12";NA;NA;NA;NA;NA;21;21;"CE";0;0;23
6;2024;"> 12";NA;NA;NA;NA;NA;24;28;"CE";0;0;23
7;2024;"> 12";NA;NA;NA;NA;NA;25;22;"CE";0;0;23
8;2024;"> 12";NA;NA;NA;NA;NA;30;25;"CE";0;0;23
9;2024;"> 12";NA;NA;NA;NA;NA;30;42;"CE";0;0;23
10;2024;"> 12";NA;NA;NA;NA;NA;38;23;"CE";0;0;23
11;2024;"> 12";NA;NA;NA;NA;NA;38;48;"CE";0;0;23
12;2024;"> 12";NA;NA;NA;NA;NA;46;43;"CE";0;0;23
13;2024;"> 12";NA;NA;NA;NA;NA;51;46;"CE";0;0;23
14;2024;"> 12";NA;NA;NA;NA;NA;64;65;"CE";0;0;23
15;2024;"> 12";NA;NA;NA;NA;NA;70;82;"CE";0;0;23
16;2024;"> 12";NA;NA;NA;NA;NA;69;64;"CE";0;0;23
17;2024;"> 12";NA;NA;NA;NA;NA;56;62;"CE";0;0;23
18;2024;"> 12";NA;NA;NA;NA;NA;51;43;"CE";0;0;23
19;2024;"> 12";NA;NA;NA;NA;NA;44;49;"CE";0;0;23
20;2024;"> 12";NA;NA;NA;NA;NA;46;41;"CE";0;0;23
21;2024;"> 12";NA;NA;NA;NA;NA;46;48;"CE";0;0;23
22;2024;"> 12";NA;NA;NA;NA;NA;49;50;"CE";0;0;23
23;2024;"> 12";NA;NA;NA;NA;NA;44;48;"CE";0;0;23
24;2024;"> 12";NA;NA;NA;NA;NA;41;33;"CE";0;0;23
25;2024;"> 12";NA;NA;NA;NA;NA;36;43;"CE";0;0;23
26;2024;"> 12";NA;NA;NA;NA;NA;37;32;"CE";0;0;23
27;2024;"> 12";NA;NA;NA;NA;NA;33;37;"CE";0;0;23
28;2024;"> 12";NA;NA;NA;NA;NA;31;29;"CE";0;0;23
29;2024;"> 12";NA;NA;NA;NA;NA;25;27;"CE";0;0;23
30;2024;"> 12";NA;NA;NA;NA;NA;21;19;"CE";0;0;23
31;2024;"> 12";NA;NA;NA;NA;NA;18;17;"CE";0;0;23
32;2024;"> 12";NA;NA;NA;NA;NA;17;18;"CE";0;0;23
33;2024;"> 12";NA;NA;NA;NA;NA;19;17;"CE";0;0;23
34;2024;"> 12";NA;NA;NA;NA;NA;19;21;"CE";0;0;23
35;2024;"> 12";NA;NA;NA;NA;NA;23;20;"CE";0;0;23
36;2024;"> 12";NA;NA;NA;NA;NA;24;27;"CE";0;0;23
37;2024;"> 12";NA;NA;NA;NA;NA;26;25;"CE";0;0;23
38;2024;"> 12";NA;NA;NA;NA;NA;21;25;"CE";0;0;23
39;2024;"> 12";NA;NA;NA;NA;NA;19;13;"CE";0;0;23
40;2024;"> 12";NA;NA;NA;NA;NA;17;19;"CE";0;0;23
41;2024;"> 12";NA;NA;NA;NA;NA;17;18;"CE";0;0;23
42;2024;"> 12";NA;NA;NA;NA;NA;17;14;"CE";0;0;23
43;2024;"> 12";NA;NA;NA;NA;NA;19;19;"CE";0;0;23
44;2024;"> 12";NA;NA;NA;NA;NA;24;25;"CE";0;0;23
45;2024;"> 12";NA;NA;NA;NA;NA;28;28;"CE";0;0;23
46;2024;"> 12";NA;NA;NA;NA;NA;32;31;"CE";0;0;23
47;2024;"> 12";NA;NA;NA;NA;NA;42;37;"CE";0;0;23
48;2024;"> 12";NA;NA;NA;NA;NA;62;59;"CE";0;0;23
49;2024;"> 12";NA;NA;NA;NA;NA;78;89;"CE";0;0;23
50;2024;"> 12";NA;NA;NA;NA;NA;83;85;"CE";0;0;23
51;2024;"> 12";NA;NA;NA;NA;NA;81;75;"CE";0;0;23
52;2024;"> 12";NA;NA;NA;NA;NA;75;83;"CE";0;0;23
1;2025;"> 12";NA;NA;NA;NA;NA;65;68;"CE";0;0;23
2;2025;"> 12";NA;NA;NA;NA;NA;47;45;"CE";0;0;23
3;2025;"> 12";NA;NA;NA;NA;NA;33;28;"CE";0;0;23
4;2025;"> 12";NA;NA;NA;NA;NA;24;26;"CE";0;0;23
5;2025;"> 12";NA;NA;NA;NA;NA;24;19;"CE";0;0;23
6;2025;"> 12";NA;NA;NA;NA;NA;26;27;"CE";0;0;23
7;2025;"> 12";NA;NA;NA;NA;NA;31;31;"CE";0;0;23
8;2025;"> 12";NA;NA;NA;NA;NA;32;36;"CE";0;0;23
9;2025;"> 12";NA;NA;NA;NA;NA;34;28;"CE";0;0;23
10;2025;"> 12";NA;NA;NA;NA;NA;31;37;"CE";0;0;23
11;2025;"> 12";NA;NA;NA;NA;NA;31;27;"CE";0;0;23
12;2025;"> 12";NA;NA;NA;NA;NA;26;30;"CE";0;0;23
13;2025;"> 12";NA;NA;NA;NA;NA;29;22;"CE";0;0;23
14;2025;"> 12";NA;NA;NA;NA;NA;33;36;"CE";0;0;23
15;2025;"> 12";NA;NA;NA;NA;NA;42;40;"CE";0;0;23
16;2025;"> 12";NA;NA;NA;NA;NA;56;49;"CE";0;0;23
17;2025;"> 12";NA;NA;NA;NA;NA;69;79;"CE";0;0;23
18;2025;"> 12";NA;NA;NA;NA;NA;81;78;"CE";0;0;23
19;2025;"> 12";NA;NA;NA;NA;NA;79;87;"CE";0;0;23
20;2025;"> 12";NA;NA;NA;NA;NA;86;73;"CE";0;0;23
21;2025;"> 12";NA;NA;NA;NA;NA;80;98;"CE";0;0;23
22;2025;"> 12";NA;NA;NA;NA;NA;84;70;"CE";0;0;23
23;2025;"> 12";NA;NA;NA;NA;NA;73;85;"CE";0;0;23
24;2025;"> 12";NA;NA;NA;NA;NA;70;65;"CE";0;0;23
25;2025;"> 12";NA;NA;NA;NA;NA;56;61;"CE";0;0;23
26;2025;"> 12";NA;NA;NA;NA;NA;48;42;"CE";0;0;23
27;2025;"> 12";NA;NA;NA;NA;NA;46;42;"CE";0;0;23
28;2025;"> 12";NA;NA;NA;NA;NA;51;54;"CE";0;0;23
29;2025;"> 12";NA;NA;NA;NA;NA;53;57;"CE";0;0;23
30;2025;"> 12";NA;NA;NA;NA;NA;51;49;"CE";0;0;23
31;2025;"> 12";NA;NA;NA;NA;NA;48;46;"CE";0;0;23
32;2025;"> 12";NA;NA;NA;NA;NA;49;49;"CE";0;0;23
33;2025;"> 12";NA;NA;NA;NA;NA;45;53;"CE";0;0;23
34;2025;"> 12";NA;NA;NA;NA;NA;41;34;"CE";0;0;23
35;2025;"> 12";NA;NA;NA;NA;NA;37;36;"CE";0;0;23
36;2025;"> 12";NA;NA;NA;NA;NA;39;41;"CE";0;0;23
37;2025;"> 12";NA;NA;NA;NA;NA;39;39;"CE";0;0;23
38;2025;"> 12";NA;NA;NA;NA;NA;36;38;"CE";0;0;23
39;2025;"> 12";NA;NA;NA;NA;NA;34;30;"CE";0;0;23
40;2025;"> 12";NA;NA;NA;NA;NA;30;33;"CE";0;0;23
41;2025;"> 12";NA;NA;NA;NA;NA;30;27;"CE";0;0;23
42;2025;"> 12";NA;NA;NA;NA;NA;25;30;"CE";0;0;23
43;2025;"> 12";NA;NA;NA;NA;NA;23;19;"CE";0;0;23
44;2025;"> 12";NA;NA;NA;NA;NA;20;20;"CE";0;0;23
45;2025;"> 12";NA;NA;NA;NA;NA;23;20;"CE";0;0;23
46;2025;"> 12";NA;NA;NA;NA;NA;22;28;"CE";0;0;23
47;2025;"> 12";NA;NA;NA;NA;NA;21;19;"CE";0;0;23
48;2025;"> 12";NA;NA;NA;NA;NA;17;17;"CE";0;0;23
49;2025;"> 12";NA;NA;NA;NA;NA;17;16;"CE";0;0;23
50;2025;"> 12";NA;NA;NA;NA;NA;16;19;"CE";0;0;23
51;2025;"> 12";NA;NA;NA;NA;NA;17;14;"CE";0;0;23
52;2025;"> 12";NA;NA;NA;NA;NA;20;18;"CE";0;0;23
53;2025;"> 12";NA;NA;NA;NA;NA;24;28;"CE";0;0;23
1;2026;"> 12";NA;NA;NA;NA;NA;31;26;"CE";0;0;23
2;2026;"> 12";NA;NA;NA;NA;NA;28;38;"CE";0;0;23
3;2026;"> 12";NA;NA;NA;NA;NA;28;20;"CE";0;0;23
4;2026;"> 12";NA;NA;NA;NA;NA;29;26;"CE";0;0;23
5;2026;"> 12";NA;NA;NA;NA;NA;37;41;"CE";0;0;23
6;2026;"> 12";NA;NA;NA;NA;NA;53;45;"CE";0;0;23
7;2026;"> 12";NA;NA;NA;NA;NA;73;72;"CE";0;0;23
8;2026;"> 12";103;105;103;103;103;101;103;"CE";0;0;23
9;2026;"> 12";129;132;128;129;128;116;129;"CE";0;0;23
10;2026;"> 12";116;120;115;117;115;112;115;"CE";0;0;23
11;2026;"> 12";91;95;90;92;91;97;90;"CE";0;0;23
12;2026;"> 12";83;87;81;84;82;80;81;"CE";0;0;23
13;2026;"> 12";67;72;65;69;66;76;66;"CE";0;0;23
14;2026;"> 12";77;83;73;79;75;72;75;"CE";0;0;23
15;2026;"> 12";72;79;67;73;70;69;66;"CE";0;0;23
16;2026;"> 12";59;69;53;61;56;61;51;"CE";0;0;23
17;2026;"> 12";52;67;45;56;49;55;46;"CE";0;0;23
18;2026;"> 12";54;76;42;60;49;53;48;"CE";0;0;23
19;2026;"> 12";54;109,075;29;69;43;NA;40;"CE";0;0;23
1;2022;"> 12";NA;NA;NA;NA;NA;NA;275;"DF";0;-0,5;53
2;2022;"> 12";NA;NA;NA;NA;NA;277;286;"DF";0;-0,5;53
3;2022;"> 12";NA;NA;NA;NA;NA;275;270;"DF";0;-0,5;53
4;2022;"> 12";NA;NA;NA;NA;NA;256;270;"DF";0;-0,5;53
5;2022;"> 12";NA;NA;NA;NA;NA;210;229;"DF";0;-0,5;53
6;2022;"> 12";NA;NA;NA;NA;NA;147;132;"DF";0;-0,5;53
7;2022;"> 12";NA;NA;NA;NA;NA;91;80;"DF";0;-0,5;53
8;2022;"> 12";NA;NA;NA;NA;NA;61;61;"DF";0;-0,5;53
9;2022;"> 12";NA;NA;NA;NA;NA;49;42;"DF";0;-0,5;53
10;2022;"> 12";NA;NA;NA;NA;NA;43;45;"DF";0;-0,5;53
11;2022;"> 12";NA;NA;NA;NA;NA;44;43;"DF";0;-0,5;53
12;2022;"> 12";NA;NA;NA;NA;NA;45;44;"DF";0;-0,5;53
13;2022;"> 12";NA;NA;NA;NA;NA;37;47;"DF";0;-0,5;53
14;2022;"> 12";NA;NA;NA;NA;NA;29;20;"DF";0;-0,5;53
15;2022;"> 12";NA;NA;NA;NA;NA;24;21;"DF";0;-0,5;53
16;2022;"> 12";NA;NA;NA;NA;NA;25;31;"DF";0;-0,5;53
17;2022;"> 12";NA;NA;NA;NA;NA;31;22;"DF";0;-0,5;53
18;2022;"> 12";NA;NA;NA;NA;NA;32;41;"DF";0;-0,5;53
19;2022;"> 12";NA;NA;NA;NA;NA;41;34;"DF";0;-0,5;53
20;2022;"> 12";NA;NA;NA;NA;NA;51;49;"DF";0;-0,5;53
21;2022;"> 12";NA;NA;NA;NA;NA;81;71;"DF";0;-0,5;53
22;2022;"> 12";NA;NA;NA;NA;NA;111;122;"DF";0;-0,5;53
23;2022;"> 12";NA;NA;NA;NA;NA;132;141;"DF";0;-0,5;53
24;2022;"> 12";NA;NA;NA;NA;NA;134;133;"DF";0;-0,5;53
25;2022;"> 12";NA;NA;NA;NA;NA;122;127;"DF";0;-0,5;53
26;2022;"> 12";NA;NA;NA;NA;NA;102;107;"DF";0;-0,5;53
27;2022;"> 12";NA;NA;NA;NA;NA;75;73;"DF";0;-0,5;53
28;2022;"> 12";NA;NA;NA;NA;NA;54;45;"DF";0;-0,5;53
29;2022;"> 12";NA;NA;NA;NA;NA;40;43;"DF";0;-0,5;53
30;2022;"> 12";NA;NA;NA;NA;NA;37;31;"DF";0;-0,5;53
31;2022;"> 12";NA;NA;NA;NA;NA;32;36;"DF";0;-0,5;53
32;2022;"> 12";NA;NA;NA;NA;NA;32;28;"DF";0;-0,5;53
33;2022;"> 12";NA;NA;NA;NA;NA;33;32;"DF";0;-0,5;53
34;2022;"> 12";NA;NA;NA;NA;NA;34;38;"DF";0;-0,5;53
35;2022;"> 12";NA;NA;NA;NA;NA;34;31;"DF";0;-0,5;53
36;2022;"> 12";NA;NA;NA;NA;NA;31;34;"DF";0;-0,5;53
37;2022;"> 12";NA;NA;NA;NA;NA;31;29;"DF";0;-0,5;53
38;2022;"> 12";NA;NA;NA;NA;NA;29;30;"DF";0;-0,5;53
39;2022;"> 12";NA;NA;NA;NA;NA;27;27;"DF";0;-0,5;53
40;2022;"> 12";NA;NA;NA;NA;NA;23;25;"DF";0;-0,5;53
41;2022;"> 12";NA;NA;NA;NA;NA;20;16;"DF";0;-0,5;53
42;2022;"> 12";NA;NA;NA;NA;NA;20;20;"DF";0;-0,5;53
43;2022;"> 12";NA;NA;NA;NA;NA;22;23;"DF";0;-0,5;53
44;2022;"> 12";NA;NA;NA;NA;NA;30;22;"DF";0;-0,5;53
45;2022;"> 12";NA;NA;NA;NA;NA;38;44;"DF";0;-0,5;53
46;2022;"> 12";NA;NA;NA;NA;NA;56;49;"DF";0;-0,5;53
47;2022;"> 12";NA;NA;NA;NA;NA;73;76;"DF";0;-0,5;53
48;2022;"> 12";NA;NA;NA;NA;NA;98;95;"DF";0;-0,5;53
49;2022;"> 12";NA;NA;NA;NA;NA;100;124;"DF";0;-0,5;53
50;2022;"> 12";NA;NA;NA;NA;NA;94;82;"DF";0;-0,5;53
51;2022;"> 12";NA;NA;NA;NA;NA;67;77;"DF";0;-0,5;53
52;2022;"> 12";NA;NA;NA;NA;NA;58;42;"DF";0;-0,5;53
1;2023;"> 12";NA;NA;NA;NA;NA;45;55;"DF";0;-0,5;53
2;2023;"> 12";NA;NA;NA;NA;NA;40;39;"DF";0;-0,5;53
3;2023;"> 12";NA;NA;NA;NA;NA;29;25;"DF";0;-0,5;53
4;2023;"> 12";NA;NA;NA;NA;NA;29;23;"DF";0;-0,5;53
5;2023;"> 12";NA;NA;NA;NA;NA;30;38;"DF";0;-0,5;53
6;2023;"> 12";NA;NA;NA;NA;NA;32;28;"DF";0;-0,5;53
7;2023;"> 12";NA;NA;NA;NA;NA;28;31;"DF";0;-0,5;53
8;2023;"> 12";NA;NA;NA;NA;NA;32;26;"DF";0;-0,5;53
9;2023;"> 12";NA;NA;NA;NA;NA;32;38;"DF";0;-0,5;53
10;2023;"> 12";NA;NA;NA;NA;NA;44;33;"DF";0;-0,5;53
11;2023;"> 12";NA;NA;NA;NA;NA;47;60;"DF";0;-0,5;53
12;2023;"> 12";NA;NA;NA;NA;NA;54;49;"DF";0;-0,5;53
13;2023;"> 12";NA;NA;NA;NA;NA;50;52;"DF";0;-0,5;53
14;2023;"> 12";NA;NA;NA;NA;NA;53;50;"DF";0;-0,5;53
15;2023;"> 12";NA;NA;NA;NA;NA;51;56;"DF";0;-0,5;53
16;2023;"> 12";NA;NA;NA;NA;NA;50;48;"DF";0;-0,5;53
17;2023;"> 12";NA;NA;NA;NA;NA;54;47;"DF";0;-0,5;53
18;2023;"> 12";NA;NA;NA;NA;NA;57;68;"DF";0;-0,5;53
19;2023;"> 12";NA;NA;NA;NA;NA;59;57;"DF";0;-0,5;53
20;2023;"> 12";NA;NA;NA;NA;NA;53;51;"DF";0;-0,5;53
21;2023;"> 12";NA;NA;NA;NA;NA;46;50;"DF";0;-0,5;53
22;2023;"> 12";NA;NA;NA;NA;NA;45;37;"DF";0;-0,5;53
23;2023;"> 12";NA;NA;NA;NA;NA;41;48;"DF";0;-0,5;53
24;2023;"> 12";NA;NA;NA;NA;NA;40;38;"DF";0;-0,5;53
25;2023;"> 12";NA;NA;NA;NA;NA;35;35;"DF";0;-0,5;53
26;2023;"> 12";NA;NA;NA;NA;NA;38;31;"DF";0;-0,5;53
27;2023;"> 12";NA;NA;NA;NA;NA;39;47;"DF";0;-0,5;53
28;2023;"> 12";NA;NA;NA;NA;NA;37;38;"DF";0;-0,5;53
29;2023;"> 12";NA;NA;NA;NA;NA;30;27;"DF";0;-0,5;53
30;2023;"> 12";NA;NA;NA;NA;NA;28;24;"DF";0;-0,5;53
31;2023;"> 12";NA;NA;NA;NA;NA;24;34;"DF";0;-0,5;53
32;2023;"> 12";NA;NA;NA;NA;NA;28;14;"DF";0;-0,5;53
33;2023;"> 12";NA;NA;NA;NA;NA;31;36;"DF";0;-0,5;53
34;2023;"> 12";NA;NA;NA;NA;NA;34;42;"DF";0;-0,5;53
35;2023;"> 12";NA;NA;NA;NA;NA;32;25;"DF";0;-0,5;53
36;2023;"> 12";NA;NA;NA;NA;NA;31;30;"DF";0;-0,5;53
37;2023;"> 12";NA;NA;NA;NA;NA;36;37;"DF";0;-0,5;53
38;2023;"> 12";NA;NA;NA;NA;NA;39;42;"DF";0;-0,5;53
39;2023;"> 12";NA;NA;NA;NA;NA;43;39;"DF";0;-0,5;53
40;2023;"> 12";NA;NA;NA;NA;NA;41;47;"DF";0;-0,5;53
41;2023;"> 12";NA;NA;NA;NA;NA;42;36;"DF";0;-0,5;53
42;2023;"> 12";NA;NA;NA;NA;NA;33;42;"DF";0;-0,5;53
43;2023;"> 12";NA;NA;NA;NA;NA;30;20;"DF";0;-0,5;53
44;2023;"> 12";NA;NA;NA;NA;NA;23;27;"DF";0;-0,5;53
45;2023;"> 12";NA;NA;NA;NA;NA;25;21;"DF";0;-0,5;53
46;2023;"> 12";NA;NA;NA;NA;NA;24;28;"DF";0;-0,5;53
47;2023;"> 12";NA;NA;NA;NA;NA;24;23;"DF";0;-0,5;53
48;2023;"> 12";NA;NA;NA;NA;NA;22;20;"DF";0;-0,5;53
49;2023;"> 12";NA;NA;NA;NA;NA;19;24;"DF";0;-0,5;53
50;2023;"> 12";NA;NA;NA;NA;NA;18;12;"DF";0;-0,5;53
51;2023;"> 12";NA;NA;NA;NA;NA;20;18;"DF";0;-0,5;53
52;2023;"> 12";NA;NA;NA;NA;NA;22;30;"DF";0;-0,5;53
1;2024;"> 12";NA;NA;NA;NA;NA;26;19;"DF";0;-0,5;53
2;2024;"> 12";NA;NA;NA;NA;NA;25;30;"DF";0;-0,5;53
3;2024;"> 12";NA;NA;NA;NA;NA;28;25;"DF";0;-0,5;53
4;2024;"> 12";NA;NA;NA;NA;NA;24;28;"DF";0;-0,5;53
5;2024;"> 12";NA;NA;NA;NA;NA;27;20;"DF";0;-0,5;53
6;2024;"> 12";NA;NA;NA;NA;NA;22;32;"DF";0;-0,5;53
7;2024;"> 12";NA;NA;NA;NA;NA;25;14;"DF";0;-0,5;53
8;2024;"> 12";NA;NA;NA;NA;NA;23;28;"DF";0;-0,5;53
9;2024;"> 12";NA;NA;NA;NA;NA;27;26;"DF";0;-0,5;53
10;2024;"> 12";NA;NA;NA;NA;NA;25;27;"DF";0;-0,5;53
11;2024;"> 12";NA;NA;NA;NA;NA;24;21;"DF";0;-0,5;53
12;2024;"> 12";NA;NA;NA;NA;NA;21;25;"DF";0;-0,5;53
13;2024;"> 12";NA;NA;NA;NA;NA;22;16;"DF";0;-0,5;53
14;2024;"> 12";NA;NA;NA;NA;NA;29;25;"DF";0;-0,5;53
15;2024;"> 12";NA;NA;NA;NA;NA;38;47;"DF";0;-0,5;53
16;2024;"> 12";NA;NA;NA;NA;NA;41;41;"DF";0;-0,5;53
17;2024;"> 12";NA;NA;NA;NA;NA;44;35;"DF";0;-0,5;53
18;2024;"> 12";NA;NA;NA;NA;NA;42;55;"DF";0;-0,5;53
19;2024;"> 12";NA;NA;NA;NA;NA;45;37;"DF";0;-0,5;53
20;2024;"> 12";NA;NA;NA;NA;NA;39;44;"DF";0;-0,5;53
21;2024;"> 12";NA;NA;NA;NA;NA;34;35;"DF";0;-0,5;53
22;2024;"> 12";NA;NA;NA;NA;NA;33;23;"DF";0;-0,5;53
23;2024;"> 12";NA;NA;NA;NA;NA;29;40;"DF";0;-0,5;53
24;2024;"> 12";NA;NA;NA;NA;NA;33;23;"DF";0;-0,5;53
25;2024;"> 12";NA;NA;NA;NA;NA;26;35;"DF";0;-0,5;53
26;2024;"> 12";NA;NA;NA;NA;NA;26;19;"DF";0;-0,5;53
27;2024;"> 12";NA;NA;NA;NA;NA;21;23;"DF";0;-0,5;53
28;2024;"> 12";NA;NA;NA;NA;NA;23;21;"DF";0;-0,5;53
29;2024;"> 12";NA;NA;NA;NA;NA;21;24;"DF";0;-0,5;53
30;2024;"> 12";NA;NA;NA;NA;NA;24;17;"DF";0;-0,5;53
31;2024;"> 12";NA;NA;NA;NA;NA;23;30;"DF";0;-0,5;53
32;2024;"> 12";NA;NA;NA;NA;NA;25;23;"DF";0;-0,5;53
33;2024;"> 12";NA;NA;NA;NA;NA;27;23;"DF";0;-0,5;53
34;2024;"> 12";NA;NA;NA;NA;NA;31;36;"DF";0;-0,5;53
35;2024;"> 12";NA;NA;NA;NA;NA;33;33;"DF";0;-0,5;53
36;2024;"> 12";NA;NA;NA;NA;NA;30;29;"DF";0;-0,5;53
37;2024;"> 12";NA;NA;NA;NA;NA;38;27;"DF";0;-0,5;53
38;2024;"> 12";NA;NA;NA;NA;NA;36;58;"DF";0;-0,5;53
39;2024;"> 12";NA;NA;NA;NA;NA;39;23;"DF";0;-0,5;53
40;2024;"> 12";NA;NA;NA;NA;NA;32;36;"DF";0;-0,5;53
41;2024;"> 12";NA;NA;NA;NA;NA;31;37;"DF";0;-0,5;53
42;2024;"> 12";NA;NA;NA;NA;NA;29;21;"DF";0;-0,5;53
43;2024;"> 12";NA;NA;NA;NA;NA;26;28;"DF";0;-0,5;53
44;2024;"> 12";NA;NA;NA;NA;NA;28;28;"DF";0;-0,5;53
45;2024;"> 12";NA;NA;NA;NA;NA;27;28;"DF";0;-0,5;53
46;2024;"> 12";NA;NA;NA;NA;NA;27;26;"DF";0;-0,5;53
47;2024;"> 12";NA;NA;NA;NA;NA;31;26;"DF";0;-0,5;53
48;2024;"> 12";NA;NA;NA;NA;NA;38;41;"DF";0;-0,5;53
49;2024;"> 12";NA;NA;NA;NA;NA;38;46;"DF";0;-0,5;53
50;2024;"> 12";NA;NA;NA;NA;NA;32;28;"DF";0;-0,5;53
51;2024;"> 12";NA;NA;NA;NA;NA;27;23;"DF";0;-0,5;53
52;2024;"> 12";NA;NA;NA;NA;NA;30;31;"DF";0;-0,5;53
1;2025;"> 12";NA;NA;NA;NA;NA;35;37;"DF";0;-0,5;53
2;2025;"> 12";NA;NA;NA;NA;NA;32;36;"DF";0;-0,5;53
3;2025;"> 12";NA;NA;NA;NA;NA;32;23;"DF";0;-0,5;53
4;2025;"> 12";NA;NA;NA;NA;NA;31;36;"DF";0;-0,5;53
5;2025;"> 12";NA;NA;NA;NA;NA;34;34;"DF";0;-0,5;53
6;2025;"> 12";NA;NA;NA;NA;NA;33;31;"DF";0;-0,5;53
7;2025;"> 12";NA;NA;NA;NA;NA;30;35;"DF";0;-0,5;53
8;2025;"> 12";NA;NA;NA;NA;NA;25;25;"DF";0;-0,5;53
9;2025;"> 12";NA;NA;NA;NA;NA;24;15;"DF";0;-0,5;53
10;2025;"> 12";NA;NA;NA;NA;NA;23;32;"DF";0;-0,5;53
11;2025;"> 12";NA;NA;NA;NA;NA;25;23;"DF";0;-0,5;53
12;2025;"> 12";NA;NA;NA;NA;NA;22;20;"DF";0;-0,5;53
13;2025;"> 12";NA;NA;NA;NA;NA;24;24;"DF";0;-0,5;53
14;2025;"> 12";NA;NA;NA;NA;NA;29;28;"DF";0;-0,5;53
15;2025;"> 12";NA;NA;NA;NA;NA;39;35;"DF";0;-0,5;53
16;2025;"> 12";NA;NA;NA;NA;NA;42;53;"DF";0;-0,5;53
17;2025;"> 12";NA;NA;NA;NA;NA;52;37;"DF";0;-0,5;53
18;2025;"> 12";NA;NA;NA;NA;NA;57;66;"DF";0;-0,5;53
19;2025;"> 12";NA;NA;NA;NA;NA;73;68;"DF";0;-0,5;53
20;2025;"> 12";NA;NA;NA;NA;NA;85;86;"DF";0;-0,5;53
21;2025;"> 12";NA;NA;NA;NA;NA;87;102;"DF";0;-0,5;53
22;2025;"> 12";NA;NA;NA;NA;NA;85;74;"DF";0;-0,5;53
23;2025;"> 12";NA;NA;NA;NA;NA;70;80;"DF";0;-0,5;53
24;2025;"> 12";NA;NA;NA;NA;NA;61;56;"DF";0;-0,5;53
25;2025;"> 12";NA;NA;NA;NA;NA;50;48;"DF";0;-0,5;53
26;2025;"> 12";NA;NA;NA;NA;NA;45;46;"DF";0;-0,5;53
27;2025;"> 12";NA;NA;NA;NA;NA;43;41;"DF";0;-0,5;53
28;2025;"> 12";NA;NA;NA;NA;NA;40;43;"DF";0;-0,5;53
29;2025;"> 12";NA;NA;NA;NA;NA;43;35;"DF";0;-0,5;53
30;2025;"> 12";NA;NA;NA;NA;NA;41;51;"DF";0;-0,5;53
31;2025;"> 12";NA;NA;NA;NA;NA;43;37;"DF";0;-0,5;53
32;2025;"> 12";NA;NA;NA;NA;NA;41;41;"DF";0;-0,5;53
33;2025;"> 12";NA;NA;NA;NA;NA;42;44;"DF";0;-0,5;53
34;2025;"> 12";NA;NA;NA;NA;NA;46;41;"DF";0;-0,5;53
35;2025;"> 12";NA;NA;NA;NA;NA;48;54;"DF";0;-0,5;53
36;2025;"> 12";NA;NA;NA;NA;NA;57;50;"DF";0;-0,5;53
37;2025;"> 12";NA;NA;NA;NA;NA;53;68;"DF";0;-0,5;53
38;2025;"> 12";NA;NA;NA;NA;NA;55;41;"DF";0;-0,5;53
39;2025;"> 12";NA;NA;NA;NA;NA;46;56;"DF";0;-0,5;53
40;2025;"> 12";NA;NA;NA;NA;NA;42;41;"DF";0;-0,5;53
41;2025;"> 12";NA;NA;NA;NA;NA;33;30;"DF";0;-0,5;53
42;2025;"> 12";NA;NA;NA;NA;NA;27;27;"DF";0;-0,5;53
43;2025;"> 12";NA;NA;NA;NA;NA;25;25;"DF";0;-0,5;53
44;2025;"> 12";NA;NA;NA;NA;NA;23;23;"DF";0;-0,5;53
45;2025;"> 12";NA;NA;NA;NA;NA;21;22;"DF";0;-0,5;53
46;2025;"> 12";NA;NA;NA;NA;NA;21;18;"DF";0;-0,5;53
47;2025;"> 12";NA;NA;NA;NA;NA;19;23;"DF";0;-0,5;53
48;2025;"> 12";NA;NA;NA;NA;NA;20;16;"DF";0;-0,5;53
49;2025;"> 12";NA;NA;NA;NA;NA;23;22;"DF";0;-0,5;53
50;2025;"> 12";NA;NA;NA;NA;NA;22;31;"DF";0;-0,5;53
51;2025;"> 12";NA;NA;NA;NA;NA;21;12;"DF";0;-0,5;53
52;2025;"> 12";NA;NA;NA;NA;NA;18;20;"DF";0;-0,5;53
53;2025;"> 12";NA;NA;NA;NA;NA;21;22;"DF";0;-0,5;53
1;2026;"> 12";NA;NA;NA;NA;NA;21;21;"DF";0;-0,5;53
2;2026;"> 12";NA;NA;NA;NA;NA;19;19;"DF";0;-0,5;53
3;2026;"> 12";NA;NA;NA;NA;NA;19;16;"DF";0;-0,5;53
4;2026;"> 12";NA;NA;NA;NA;NA;19;21;"DF";0;-0,5;53
5;2026;"> 12";NA;NA;NA;NA;NA;20;20;"DF";0;-0,5;53
6;2026;"> 12";NA;NA;NA;NA;NA;19;18;"DF";0;-0,5;53
7;2026;"> 12";NA;NA;NA;NA;NA;18;19;"DF";0;-0,5;53
8;2026;"> 12";NA;NA;NA;NA;NA;20;18;"DF";0;-0,5;53
9;2026;"> 12";NA;NA;NA;NA;NA;19;23;"DF";0;-0,5;53
10;2026;"> 12";NA;NA;NA;NA;NA;22;17;"DF";0;-0,5;53
11;2026;"> 12";27;28;27;27;27;19;27;"DF";0;-0,5;53
12;2026;"> 12";14;16;14;15;14;21;14;"DF";0;-0,5;53
13;2026;"> 12";23;26;23;24;23;22;23;"DF";0;-0,5;53
14;2026;"> 12";30;33;29;31;29;23;29;"DF";0;-0,5;53
15;2026;"> 12";17;21;16;18;17;23;16;"DF";0;-0,5;53
16;2026;"> 12";21;25;19;22;20;20;21;"DF";0;-0,5;53
17;2026;"> 12";23;29;20;25;22;20;19;"DF";0;-0,5;53
18;2026;"> 12";17;26;11;20;15;18;12;"DF";0;-0,5;53
19;2026;"> 12";15;29;6;19;11;NA;14;"DF";0;-0,5;53
1;2022;"> 12";NA;NA;NA;NA;NA;NA;114;"ES";0,5;1;32
2;2022;"> 12";NA;NA;NA;NA;NA;101;90;"ES";0,5;1;32
3;2022;"> 12";NA;NA;NA;NA;NA;92;98;"ES";0,5;1;32
4;2022;"> 12";NA;NA;NA;NA;NA;82;89;"ES";0,5;1;32
5;2022;"> 12";NA;NA;NA;NA;NA;65;60;"ES";0,5;1;32
6;2022;"> 12";NA;NA;NA;NA;NA;42;45;"ES";0,5;1;32
7;2022;"> 12";NA;NA;NA;NA;NA;28;20;"ES";0,5;1;32
8;2022;"> 12";NA;NA;NA;NA;NA;18;18;"ES";0,5;1;32
9;2022;"> 12";NA;NA;NA;NA;NA;19;17;"ES";0,5;1;32
10;2022;"> 12";NA;NA;NA;NA;NA;19;21;"ES";0,5;1;32
11;2022;"> 12";NA;NA;NA;NA;NA;18;18;"ES";0,5;1;32
12;2022;"> 12";NA;NA;NA;NA;NA;18;16;"ES";0,5;1;32
13;2022;"> 12";NA;NA;NA;NA;NA;17;19;"ES";0,5;1;32
14;2022;"> 12";NA;NA;NA;NA;NA;17;15;"ES";0,5;1;32
15;2022;"> 12";NA;NA;NA;NA;NA;15;16;"ES";0,5;1;32
16;2022;"> 12";NA;NA;NA;NA;NA;16;15;"ES";0,5;1;32
17;2022;"> 12";NA;NA;NA;NA;NA;15;16;"ES";0,5;1;32
18;2022;"> 12";NA;NA;NA;NA;NA;16;14;"ES";0,5;1;32
19;2022;"> 12";NA;NA;NA;NA;NA;15;17;"ES";0,5;1;32
20;2022;"> 12";NA;NA;NA;NA;NA;17;13;"ES";0,5;1;32
21;2022;"> 12";NA;NA;NA;NA;NA;18;20;"ES";0,5;1;32
22;2022;"> 12";NA;NA;NA;NA;NA;22;20;"ES";0,5;1;32
23;2022;"> 12";NA;NA;NA;NA;NA;25;26;"ES";0,5;1;32
24;2022;"> 12";NA;NA;NA;NA;NA;30;28;"ES";0,5;1;32
25;2022;"> 12";NA;NA;NA;NA;NA;39;37;"ES";0,5;1;32
26;2022;"> 12";NA;NA;NA;NA;NA;43;52;"ES";0,5;1;32
27;2022;"> 12";NA;NA;NA;NA;NA;38;40;"ES";0,5;1;32
28;2022;"> 12";NA;NA;NA;NA;NA;29;22;"ES";0,5;1;32
29;2022;"> 12";NA;NA;NA;NA;NA;21;24;"ES";0,5;1;32
30;2022;"> 12";NA;NA;NA;NA;NA;17;18;"ES";0,5;1;32
31;2022;"> 12";NA;NA;NA;NA;NA;16;10;"ES";0,5;1;32
32;2022;"> 12";NA;NA;NA;NA;NA;15;19;"ES";0,5;1;32
33;2022;"> 12";NA;NA;NA;NA;NA;16;15;"ES";0,5;1;32
34;2022;"> 12";NA;NA;NA;NA;NA;14;15;"ES";0,5;1;32
35;2022;"> 12";NA;NA;NA;NA;NA;11;12;"ES";0,5;1;32
36;2022;"> 12";NA;NA;NA;NA;NA;11;7;"ES";0,5;1;32
37;2022;"> 12";NA;NA;NA;NA;NA;10;13;"ES";0,5;1;32
38;2022;"> 12";NA;NA;NA;NA;NA;10;9;"ES";0,5;1;32
39;2022;"> 12";NA;NA;NA;NA;NA;9;9;"ES";0,5;1;32
40;2022;"> 12";NA;NA;NA;NA;NA;10;9;"ES";0,5;1;32
41;2022;"> 12";NA;NA;NA;NA;NA;10;13;"ES";0,5;1;32
42;2022;"> 12";NA;NA;NA;NA;NA;9;7;"ES";0,5;1;32
43;2022;"> 12";NA;NA;NA;NA;NA;7;8;"ES";0,5;1;32
44;2022;"> 12";NA;NA;NA;NA;NA;8;7;"ES";0,5;1;32
45;2022;"> 12";NA;NA;NA;NA;NA;10;8;"ES";0,5;1;32
46;2022;"> 12";NA;NA;NA;NA;NA;11;15;"ES";0,5;1;32
47;2022;"> 12";NA;NA;NA;NA;NA;12;10;"ES";0,5;1;32
48;2022;"> 12";NA;NA;NA;NA;NA;12;12;"ES";0,5;1;32
49;2022;"> 12";NA;NA;NA;NA;NA;15;14;"ES";0,5;1;32
50;2022;"> 12";NA;NA;NA;NA;NA;15;19;"ES";0,5;1;32
51;2022;"> 12";NA;NA;NA;NA;NA;12;11;"ES";0,5;1;32
52;2022;"> 12";NA;NA;NA;NA;NA;11;7;"ES";0,5;1;32
1;2023;"> 12";NA;NA;NA;NA;NA;12;15;"ES";0,5;1;32
2;2023;"> 12";NA;NA;NA;NA;NA;14;14;"ES";0,5;1;32
3;2023;"> 12";NA;NA;NA;NA;NA;14;14;"ES";0,5;1;32
4;2023;"> 12";NA;NA;NA;NA;NA;11;15;"ES";0,5;1;32
5;2023;"> 12";NA;NA;NA;NA;NA;9;4;"ES";0,5;1;32
6;2023;"> 12";NA;NA;NA;NA;NA;6;8;"ES";0,5;1;32
7;2023;"> 12";NA;NA;NA;NA;NA;8;6;"ES";0,5;1;32
8;2023;"> 12";NA;NA;NA;NA;NA;9;10;"ES";0,5;1;32
9;2023;"> 12";NA;NA;NA;NA;NA;12;12;"ES";0,5;1;32
10;2023;"> 12";NA;NA;NA;NA;NA;14;13;"ES";0,5;1;32
11;2023;"> 12";NA;NA;NA;NA;NA;17;17;"ES";0,5;1;32
12;2023;"> 12";NA;NA;NA;NA;NA;20;22;"ES";0,5;1;32
13;2023;"> 12";NA;NA;NA;NA;NA;21;21;"ES";0,5;1;32
14;2023;"> 12";NA;NA;NA;NA;NA;23;20;"ES";0,5;1;32
15;2023;"> 12";NA;NA;NA;NA;NA;27;29;"ES";0,5;1;32
16;2023;"> 12";NA;NA;NA;NA;NA;28;32;"ES";0,5;1;32
17;2023;"> 12";NA;NA;NA;NA;NA;27;22;"ES";0,5;1;32
18;2023;"> 12";NA;NA;NA;NA;NA;23;27;"ES";0,5;1;32
19;2023;"> 12";NA;NA;NA;NA;NA;27;21;"ES";0,5;1;32
20;2023;"> 12";NA;NA;NA;NA;NA;27;34;"ES";0,5;1;32
21;2023;"> 12";NA;NA;NA;NA;NA;27;26;"ES";0,5;1;32
22;2023;"> 12";NA;NA;NA;NA;NA;21;21;"ES";0,5;1;32
23;2023;"> 12";NA;NA;NA;NA;NA;18;16;"ES";0,5;1;32
24;2023;"> 12";NA;NA;NA;NA;NA;17;18;"ES";0,5;1;32
25;2023;"> 12";NA;NA;NA;NA;NA;18;17;"ES";0,5;1;32
26;2023;"> 12";NA;NA;NA;NA;NA;14;18;"ES";0,5;1;32
27;2023;"> 12";NA;NA;NA;NA;NA;12;8;"ES";0,5;1;32
28;2023;"> 12";NA;NA;NA;NA;NA;10;10;"ES";0,5;1;32
29;2023;"> 12";NA;NA;NA;NA;NA;14;12;"ES";0,5;1;32
30;2023;"> 12";NA;NA;NA;NA;NA;15;19;"ES";0,5;1;32
31;2023;"> 12";NA;NA;NA;NA;NA;14;14;"ES";0,5;1;32
32;2023;"> 12";NA;NA;NA;NA;NA;15;10;"ES";0,5;1;32
33;2023;"> 12";NA;NA;NA;NA;NA;14;21;"ES";0,5;1;32
34;2023;"> 12";NA;NA;NA;NA;NA;17;11;"ES";0,5;1;32
35;2023;"> 12";NA;NA;NA;NA;NA;13;20;"ES";0,5;1;32
36;2023;"> 12";NA;NA;NA;NA;NA;15;8;"ES";0,5;1;32
37;2023;"> 12";NA;NA;NA;NA;NA;12;16;"ES";0,5;1;32
38;2023;"> 12";NA;NA;NA;NA;NA;14;11;"ES";0,5;1;32
39;2023;"> 12";NA;NA;NA;NA;NA;13;15;"ES";0,5;1;32
40;2023;"> 12";NA;NA;NA;NA;NA;12;14;"ES";0,5;1;32
41;2023;"> 12";NA;NA;NA;NA;NA;11;6;"ES";0,5;1;32
42;2023;"> 12";NA;NA;NA;NA;NA;11;14;"ES";0,5;1;32
43;2023;"> 12";NA;NA;NA;NA;NA;12;12;"ES";0,5;1;32
44;2023;"> 12";NA;NA;NA;NA;NA;12;10;"ES";0,5;1;32
45;2023;"> 12";NA;NA;NA;NA;NA;13;15;"ES";0,5;1;32
46;2023;"> 12";NA;NA;NA;NA;NA;13;13;"ES";0,5;1;32
47;2023;"> 12";NA;NA;NA;NA;NA;10;11;"ES";0,5;1;32
48;2023;"> 12";NA;NA;NA;NA;NA;10;7;"ES";0,5;1;32
49;2023;"> 12";NA;NA;NA;NA;NA;9;12;"ES";0,5;1;32
50;2023;"> 12";NA;NA;NA;NA;NA;10;9;"ES";0,5;1;32
51;2023;"> 12";NA;NA;NA;NA;NA;8;8;"ES";0,5;1;32
52;2023;"> 12";NA;NA;NA;NA;NA;8;7;"ES";0,5;1;32
1;2024;"> 12";NA;NA;NA;NA;NA;8;10;"ES";0,5;1;32
2;2024;"> 12";NA;NA;NA;NA;NA;9;7;"ES";0,5;1;32
3;2024;"> 12";NA;NA;NA;NA;NA;7;10;"ES";0,5;1;32
4;2024;"> 12";NA;NA;NA;NA;NA;8;5;"ES";0,5;1;32
5;2024;"> 12";NA;NA;NA;NA;NA;10;10;"ES";0,5;1;32
6;2024;"> 12";NA;NA;NA;NA;NA;15;16;"ES";0,5;1;32
7;2024;"> 12";NA;NA;NA;NA;NA;16;18;"ES";0,5;1;32
8;2024;"> 12";NA;NA;NA;NA;NA;17;13;"ES";0,5;1;32
9;2024;"> 12";NA;NA;NA;NA;NA;17;21;"ES";0,5;1;32
10;2024;"> 12";NA;NA;NA;NA;NA;18;18;"ES";0,5;1;32
11;2024;"> 12";NA;NA;NA;NA;NA;14;14;"ES";0,5;1;32
12;2024;"> 12";NA;NA;NA;NA;NA;14;11;"ES";0,5;1;32
13;2024;"> 12";NA;NA;NA;NA;NA;18;18;"ES";0,5;1;32
14;2024;"> 12";NA;NA;NA;NA;NA;21;25;"ES";0,5;1;32
15;2024;"> 12";NA;NA;NA;NA;NA;25;19;"ES";0,5;1;32
16;2024;"> 12";NA;NA;NA;NA;NA;23;30;"ES";0,5;1;32
17;2024;"> 12";NA;NA;NA;NA;NA;25;19;"ES";0,5;1;32
18;2024;"> 12";NA;NA;NA;NA;NA;21;27;"ES";0,5;1;32
19;2024;"> 12";NA;NA;NA;NA;NA;22;17;"ES";0,5;1;32
20;2024;"> 12";NA;NA;NA;NA;NA;20;22;"ES";0,5;1;32
21;2024;"> 12";NA;NA;NA;NA;NA;20;22;"ES";0,5;1;32
22;2024;"> 12";NA;NA;NA;NA;NA;21;16;"ES";0,5;1;32
23;2024;"> 12";NA;NA;NA;NA;NA;20;24;"ES";0,5;1;32
24;2024;"> 12";NA;NA;NA;NA;NA;21;19;"ES";0,5;1;32
25;2024;"> 12";NA;NA;NA;NA;NA;19;19;"ES";0,5;1;32
26;2024;"> 12";NA;NA;NA;NA;NA;22;18;"ES";0,5;1;32
27;2024;"> 12";NA;NA;NA;NA;NA;21;28;"ES";0,5;1;32
28;2024;"> 12";NA;NA;NA;NA;NA;21;18;"ES";0,5;1;32
29;2024;"> 12";NA;NA;NA;NA;NA;15;17;"ES";0,5;1;32
30;2024;"> 12";NA;NA;NA;NA;NA;15;11;"ES";0,5;1;32
31;2024;"> 12";NA;NA;NA;NA;NA;15;17;"ES";0,5;1;32
32;2024;"> 12";NA;NA;NA;NA;NA;23;17;"ES";0,5;1;32
33;2024;"> 12";NA;NA;NA;NA;NA;27;34;"ES";0,5;1;32
34;2024;"> 12";NA;NA;NA;NA;NA;25;29;"ES";0,5;1;32
35;2024;"> 12";NA;NA;NA;NA;NA;23;11;"ES";0,5;1;32
36;2024;"> 12";NA;NA;NA;NA;NA;19;28;"ES";0,5;1;32
37;2024;"> 12";NA;NA;NA;NA;NA;19;19;"ES";0,5;1;32
38;2024;"> 12";NA;NA;NA;NA;NA;16;11;"ES";0,5;1;32
39;2024;"> 12";NA;NA;NA;NA;NA;16;17;"ES";0,5;1;32
40;2024;"> 12";NA;NA;NA;NA;NA;17;21;"ES";0,5;1;32
41;2024;"> 12";NA;NA;NA;NA;NA;16;14;"ES";0,5;1;32
42;2024;"> 12";NA;NA;NA;NA;NA;12;12;"ES";0,5;1;32
43;2024;"> 12";NA;NA;NA;NA;NA;12;11;"ES";0,5;1;32
44;2024;"> 12";NA;NA;NA;NA;NA;14;14;"ES";0,5;1;32
45;2024;"> 12";NA;NA;NA;NA;NA;15;17;"ES";0,5;1;32
46;2024;"> 12";NA;NA;NA;NA;NA;15;15;"ES";0,5;1;32
47;2024;"> 12";NA;NA;NA;NA;NA;14;12;"ES";0,5;1;32
48;2024;"> 12";NA;NA;NA;NA;NA;13;16;"ES";0,5;1;32
49;2024;"> 12";NA;NA;NA;NA;NA;12;10;"ES";0,5;1;32
50;2024;"> 12";NA;NA;NA;NA;NA;12;10;"ES";0,5;1;32
51;2024;"> 12";NA;NA;NA;NA;NA;13;15;"ES";0,5;1;32
52;2024;"> 12";NA;NA;NA;NA;NA;15;14;"ES";0,5;1;32
1;2025;"> 12";NA;NA;NA;NA;NA;15;15;"ES";0,5;1;32
2;2025;"> 12";NA;NA;NA;NA;NA;16;16;"ES";0,5;1;32
3;2025;"> 12";NA;NA;NA;NA;NA;16;17;"ES";0,5;1;32
4;2025;"> 12";NA;NA;NA;NA;NA;14;15;"ES";0,5;1;32
5;2025;"> 12";NA;NA;NA;NA;NA;14;10;"ES";0,5;1;32
6;2025;"> 12";NA;NA;NA;NA;NA;14;17;"ES";0,5;1;32
7;2025;"> 12";NA;NA;NA;NA;NA;17;16;"ES";0,5;1;32
8;2025;"> 12";NA;NA;NA;NA;NA;16;18;"ES";0,5;1;32
9;2025;"> 12";NA;NA;NA;NA;NA;16;14;"ES";0,5;1;32
10;2025;"> 12";NA;NA;NA;NA;NA;16;16;"ES";0,5;1;32
11;2025;"> 12";NA;NA;NA;NA;NA;18;17;"ES";0,5;1;32
12;2025;"> 12";NA;NA;NA;NA;NA;19;22;"ES";0,5;1;32
13;2025;"> 12";NA;NA;NA;NA;NA;27;19;"ES";0,5;1;32
14;2025;"> 12";NA;NA;NA;NA;NA;29;41;"ES";0,5;1;32
15;2025;"> 12";NA;NA;NA;NA;NA;32;28;"ES";0,5;1;32
16;2025;"> 12";NA;NA;NA;NA;NA;33;28;"ES";0,5;1;32
17;2025;"> 12";NA;NA;NA;NA;NA;42;44;"ES";0,5;1;32
18;2025;"> 12";NA;NA;NA;NA;NA;56;55;"ES";0,5;1;32
19;2025;"> 12";NA;NA;NA;NA;NA;59;69;"ES";0,5;1;32
20;2025;"> 12";NA;NA;NA;NA;NA;66;54;"ES";0,5;1;32
21;2025;"> 12";NA;NA;NA;NA;NA;62;76;"ES";0,5;1;32
22;2025;"> 12";NA;NA;NA;NA;NA;59;57;"ES";0,5;1;32
23;2025;"> 12";NA;NA;NA;NA;NA;48;44;"ES";0,5;1;32
24;2025;"> 12";NA;NA;NA;NA;NA;43;44;"ES";0,5;1;32
25;2025;"> 12";NA;NA;NA;NA;NA;38;40;"ES";0,5;1;32
26;2025;"> 12";NA;NA;NA;NA;NA;36;31;"ES";0,5;1;32
27;2025;"> 12";NA;NA;NA;NA;NA;37;37;"ES";0,5;1;32
28;2025;"> 12";NA;NA;NA;NA;NA;36;42;"ES";0,5;1;32
29;2025;"> 12";NA;NA;NA;NA;NA;34;29;"ES";0,5;1;32
30;2025;"> 12";NA;NA;NA;NA;NA;30;31;"ES";0,5;1;32
31;2025;"> 12";NA;NA;NA;NA;NA;27;29;"ES";0,5;1;32
32;2025;"> 12";NA;NA;NA;NA;NA;28;22;"ES";0,5;1;32
33;2025;"> 12";NA;NA;NA;NA;NA;29;34;"ES";0,5;1;32
34;2025;"> 12";NA;NA;NA;NA;NA;30;32;"ES";0,5;1;32
35;2025;"> 12";NA;NA;NA;NA;NA;30;25;"ES";0,5;1;32
36;2025;"> 12";NA;NA;NA;NA;NA;33;33;"ES";0,5;1;32
37;2025;"> 12";NA;NA;NA;NA;NA;33;40;"ES";0,5;1;32
38;2025;"> 12";NA;NA;NA;NA;NA;37;27;"ES";0,5;1;32
39;2025;"> 12";NA;NA;NA;NA;NA;34;43;"ES";0,5;1;32
40;2025;"> 12";NA;NA;NA;NA;NA;33;32;"ES";0,5;1;32
41;2025;"> 12";NA;NA;NA;NA;NA;29;25;"ES";0,5;1;32
42;2025;"> 12";NA;NA;NA;NA;NA;28;29;"ES";0,5;1;32
43;2025;"> 12";NA;NA;NA;NA;NA;29;29;"ES";0,5;1;32
44;2025;"> 12";NA;NA;NA;NA;NA;28;28;"ES";0,5;1;32
45;2025;"> 12";NA;NA;NA;NA;NA;28;28;"ES";0,5;1;32
46;2025;"> 12";NA;NA;NA;NA;NA;23;27;"ES";0,5;1;32
47;2025;"> 12";NA;NA;NA;NA;NA;19;13;"ES";0,5;1;32
48;2025;"> 12";NA;NA;NA;NA;NA;17;17;"ES";0,5;1;32
49;2025;"> 12";NA;NA;NA;NA;NA;20;22;"ES";0,5;1;32
50;2025;"> 12";NA;NA;NA;NA;NA;19;22;"ES";0,5;1;32
51;2025;"> 12";NA;NA;NA;NA;NA;14;13;"ES";0,5;1;32
52;2025;"> 12";NA;NA;NA;NA;NA;11;7;"ES";0,5;1;32
53;2025;"> 12";NA;NA;NA;NA;NA;10;12;"ES";0,5;1;32
1;2026;"> 12";NA;NA;NA;NA;NA;10;12;"ES";0,5;1;32
2;2026;"> 12";NA;NA;NA;NA;NA;11;7;"ES";0,5;1;32
3;2026;"> 12";NA;NA;NA;NA;NA;13;14;"ES";0,5;1;32
4;2026;"> 12";NA;NA;NA;NA;NA;15;19;"ES";0,5;1;32
5;2026;"> 12";NA;NA;NA;NA;NA;12;11;"ES";0,5;1;32
6;2026;"> 12";NA;NA;NA;NA;NA;9;5;"ES";0,5;1;32
7;2026;"> 12";NA;NA;NA;NA;NA;11;12;"ES";0,5;1;32
8;2026;"> 12";NA;NA;NA;NA;NA;15;15;"ES";0,5;1;32
9;2026;"> 12";19;20;19;19;19;17;19;"ES";0,5;1;32
10;2026;"> 12";16;17;16;16;16;19;16;"ES";0,5;1;32
11;2026;"> 12";22;23,025;22;22;22;20;22;"ES";0,5;1;32
12;2026;"> 12";22;24;22;23;22;21;22;"ES";0,5;1;32
13;2026;"> 12";20;23;20;21;20;22;20;"ES";0,5;1;32
14;2026;"> 12";24;27;23;25;23;25;23;"ES";0,5;1;32
15;2026;"> 12";32;36;31;34;32;25;31;"ES";0,5;1;32
16;2026;"> 12";18;23;16;20;17;24;16;"ES";0,5;1;32
17;2026;"> 12";21;27;17;22;19;23;17;"ES";0,5;1;32
18;2026;"> 12";29;38;23;32;27;26;21;"ES";0,5;1;32
19;2026;"> 12";27;57,025;13;35;22;NA;15;"ES";0,5;1;32
1;2022;"> 12";NA;NA;NA;NA;NA;NA;435;"GO";0;-0,5;52
2;2022;"> 12";NA;NA;NA;NA;NA;525;558;"GO";0;-0,5;52
3;2022;"> 12";NA;NA;NA;NA;NA;510;583;"GO";0;-0,5;52
4;2022;"> 12";NA;NA;NA;NA;NA;465;390;"GO";0;-0,5;52
5;2022;"> 12";NA;NA;NA;NA;NA;346;421;"GO";0;-0,5;52
6;2022;"> 12";NA;NA;NA;NA;NA;274;227;"GO";0;-0,5;52
7;2022;"> 12";NA;NA;NA;NA;NA;171;175;"GO";0;-0,5;52
8;2022;"> 12";NA;NA;NA;NA;NA;135;112;"GO";0;-0,5;52
9;2022;"> 12";NA;NA;NA;NA;NA;102;118;"GO";0;-0,5;52
10;2022;"> 12";NA;NA;NA;NA;NA;87;75;"GO";0;-0,5;52
11;2022;"> 12";NA;NA;NA;NA;NA;64;68;"GO";0;-0,5;52
12;2022;"> 12";NA;NA;NA;NA;NA;51;49;"GO";0;-0,5;52
13;2022;"> 12";NA;NA;NA;NA;NA;44;36;"GO";0;-0,5;52
14;2022;"> 12";NA;NA;NA;NA;NA;41;46;"GO";0;-0,5;52
15;2022;"> 12";NA;NA;NA;NA;NA;40;40;"GO";0;-0,5;52
16;2022;"> 12";NA;NA;NA;NA;NA;37;33;"GO";0;-0,5;52
17;2022;"> 12";NA;NA;NA;NA;NA;39;39;"GO";0;-0,5;52
18;2022;"> 12";NA;NA;NA;NA;NA;53;46;"GO";0;-0,5;52
19;2022;"> 12";NA;NA;NA;NA;NA;74;73;"GO";0;-0,5;52
20;2022;"> 12";NA;NA;NA;NA;NA;105;103;"GO";0;-0,5;52
21;2022;"> 12";NA;NA;NA;NA;NA;140;140;"GO";0;-0,5;52
22;2022;"> 12";NA;NA;NA;NA;NA;164;177;"GO";0;-0,5;52
23;2022;"> 12";NA;NA;NA;NA;NA;170;175;"GO";0;-0,5;52
24;2022;"> 12";NA;NA;NA;NA;NA;170;159;"GO";0;-0,5;52
25;2022;"> 12";NA;NA;NA;NA;NA;156;177;"GO";0;-0,5;52
26;2022;"> 12";NA;NA;NA;NA;NA;151;131;"GO";0;-0,5;52
27;2022;"> 12";NA;NA;NA;NA;NA;126;145;"GO";0;-0,5;52
28;2022;"> 12";NA;NA;NA;NA;NA;111;103;"GO";0;-0,5;52
29;2022;"> 12";NA;NA;NA;NA;NA;77;86;"GO";0;-0,5;52
30;2022;"> 12";NA;NA;NA;NA;NA;61;42;"GO";0;-0,5;52
31;2022;"> 12";NA;NA;NA;NA;NA;45;54;"GO";0;-0,5;52
32;2022;"> 12";NA;NA;NA;NA;NA;45;39;"GO";0;-0,5;52
33;2022;"> 12";NA;NA;NA;NA;NA;41;42;"GO";0;-0,5;52
34;2022;"> 12";NA;NA;NA;NA;NA;36;43;"GO";0;-0,5;52
35;2022;"> 12";NA;NA;NA;NA;NA;32;24;"GO";0;-0,5;52
36;2022;"> 12";NA;NA;NA;NA;NA;29;28;"GO";0;-0,5;52
37;2022;"> 12";NA;NA;NA;NA;NA;33;35;"GO";0;-0,5;52
38;2022;"> 12";NA;NA;NA;NA;NA;32;35;"GO";0;-0,5;52
39;2022;"> 12";NA;NA;NA;NA;NA;25;25;"GO";0;-0,5;52
40;2022;"> 12";NA;NA;NA;NA;NA;21;16;"GO";0;-0,5;52
41;2022;"> 12";NA;NA;NA;NA;NA;20;21;"GO";0;-0,5;52
42;2022;"> 12";NA;NA;NA;NA;NA;21;24;"GO";0;-0,5;52
43;2022;"> 12";NA;NA;NA;NA;NA;22;19;"GO";0;-0,5;52
44;2022;"> 12";NA;NA;NA;NA;NA;25;22;"GO";0;-0,5;52
45;2022;"> 12";NA;NA;NA;NA;NA;41;35;"GO";0;-0,5;52
46;2022;"> 12";NA;NA;NA;NA;NA;59;66;"GO";0;-0,5;52
47;2022;"> 12";NA;NA;NA;NA;NA;84;77;"GO";0;-0,5;52
48;2022;"> 12";NA;NA;NA;NA;NA;102;109;"GO";0;-0,5;52
49;2022;"> 12";NA;NA;NA;NA;NA;111;121;"GO";0;-0,5;52
50;2022;"> 12";NA;NA;NA;NA;NA;103;104;"GO";0;-0,5;52
51;2022;"> 12";NA;NA;NA;NA;NA;86;84;"GO";0;-0,5;52
52;2022;"> 12";NA;NA;NA;NA;NA;75;71;"GO";0;-0,5;52
1;2023;"> 12";NA;NA;NA;NA;NA;63;70;"GO";0;-0,5;52
2;2023;"> 12";NA;NA;NA;NA;NA;52;49;"GO";0;-0,5;52
3;2023;"> 12";NA;NA;NA;NA;NA;39;38;"GO";0;-0,5;52
4;2023;"> 12";NA;NA;NA;NA;NA;34;30;"GO";0;-0,5;52
5;2023;"> 12";NA;NA;NA;NA;NA;32;35;"GO";0;-0,5;52
6;2023;"> 12";NA;NA;NA;NA;NA;36;32;"GO";0;-0,5;52
7;2023;"> 12";NA;NA;NA;NA;NA;36;42;"GO";0;-0,5;52
8;2023;"> 12";NA;NA;NA;NA;NA;38;35;"GO";0;-0,5;52
9;2023;"> 12";NA;NA;NA;NA;NA;36;37;"GO";0;-0,5;52
10;2023;"> 12";NA;NA;NA;NA;NA;38;35;"GO";0;-0,5;52
11;2023;"> 12";NA;NA;NA;NA;NA;41;43;"GO";0;-0,5;52
12;2023;"> 12";NA;NA;NA;NA;NA;47;44;"GO";0;-0,5;52
13;2023;"> 12";NA;NA;NA;NA;NA;54;54;"GO";0;-0,5;52
14;2023;"> 12";NA;NA;NA;NA;NA;60;64;"GO";0;-0,5;52
15;2023;"> 12";NA;NA;NA;NA;NA;71;63;"GO";0;-0,5;52
16;2023;"> 12";NA;NA;NA;NA;NA;71;86;"GO";0;-0,5;52
17;2023;"> 12";NA;NA;NA;NA;NA;71;63;"GO";0;-0,5;52
18;2023;"> 12";NA;NA;NA;NA;NA;64;65;"GO";0;-0,5;52
19;2023;"> 12";NA;NA;NA;NA;NA;67;63;"GO";0;-0,5;52
20;2023;"> 12";NA;NA;NA;NA;NA;65;74;"GO";0;-0,5;52
21;2023;"> 12";NA;NA;NA;NA;NA;61;58;"GO";0;-0,5;52
22;2023;"> 12";NA;NA;NA;NA;NA;54;52;"GO";0;-0,5;52
23;2023;"> 12";NA;NA;NA;NA;NA;48;52;"GO";0;-0,5;52
24;2023;"> 12";NA;NA;NA;NA;NA;50;40;"GO";0;-0,5;52
25;2023;"> 12";NA;NA;NA;NA;NA;50;59;"GO";0;-0,5;52
26;2023;"> 12";NA;NA;NA;NA;NA;55;52;"GO";0;-0,5;52
27;2023;"> 12";NA;NA;NA;NA;NA;53;53;"GO";0;-0,5;52
28;2023;"> 12";NA;NA;NA;NA;NA;51;53;"GO";0;-0,5;52
29;2023;"> 12";NA;NA;NA;NA;NA;42;47;"GO";0;-0,5;52
30;2023;"> 12";NA;NA;NA;NA;NA;38;26;"GO";0;-0,5;52
31;2023;"> 12";NA;NA;NA;NA;NA;36;42;"GO";0;-0,5;52
32;2023;"> 12";NA;NA;NA;NA;NA;47;39;"GO";0;-0,5;52
33;2023;"> 12";NA;NA;NA;NA;NA;48;59;"GO";0;-0,5;52
34;2023;"> 12";NA;NA;NA;NA;NA;46;45;"GO";0;-0,5;52
35;2023;"> 12";NA;NA;NA;NA;NA;42;34;"GO";0;-0,5;52
36;2023;"> 12";NA;NA;NA;NA;NA;46;46;"GO";0;-0,5;52
37;2023;"> 12";NA;NA;NA;NA;NA;48;57;"GO";0;-0,5;52
38;2023;"> 12";NA;NA;NA;NA;NA;44;41;"GO";0;-0,5;52
39;2023;"> 12";NA;NA;NA;NA;NA;40;35;"GO";0;-0,5;52
40;2023;"> 12";NA;NA;NA;NA;NA;40;43;"GO";0;-0,5;52
41;2023;"> 12";NA;NA;NA;NA;NA;37;41;"GO";0;-0,5;52
42;2023;"> 12";NA;NA;NA;NA;NA;34;28;"GO";0;-0,5;52
43;2023;"> 12";NA;NA;NA;NA;NA;27;33;"GO";0;-0,5;52
44;2023;"> 12";NA;NA;NA;NA;NA;29;21;"GO";0;-0,5;52
45;2023;"> 12";NA;NA;NA;NA;NA;27;33;"GO";0;-0,5;52
46;2023;"> 12";NA;NA;NA;NA;NA;25;26;"GO";0;-0,5;52
47;2023;"> 12";NA;NA;NA;NA;NA;19;16;"GO";0;-0,5;52
48;2023;"> 12";NA;NA;NA;NA;NA;15;15;"GO";0;-0,5;52
49;2023;"> 12";NA;NA;NA;NA;NA;19;13;"GO";0;-0,5;52
50;2023;"> 12";NA;NA;NA;NA;NA;21;28;"GO";0;-0,5;52
51;2023;"> 12";NA;NA;NA;NA;NA;22;23;"GO";0;-0,5;52
52;2023;"> 12";NA;NA;NA;NA;NA;21;16;"GO";0;-0,5;52
1;2024;"> 12";NA;NA;NA;NA;NA;22;25;"GO";0;-0,5;52
2;2024;"> 12";NA;NA;NA;NA;NA;24;26;"GO";0;-0,5;52
3;2024;"> 12";NA;NA;NA;NA;NA;28;22;"GO";0;-0,5;52
4;2024;"> 12";NA;NA;NA;NA;NA;33;35;"GO";0;-0,5;52
5;2024;"> 12";NA;NA;NA;NA;NA;40;42;"GO";0;-0,5;52
6;2024;"> 12";NA;NA;NA;NA;NA;45;44;"GO";0;-0,5;52
7;2024;"> 12";NA;NA;NA;NA;NA;47;48;"GO";0;-0,5;52
8;2024;"> 12";NA;NA;NA;NA;NA;44;48;"GO";0;-0,5;52
9;2024;"> 12";NA;NA;NA;NA;NA;38;35;"GO";0;-0,5;52
10;2024;"> 12";NA;NA;NA;NA;NA;31;31;"GO";0;-0,5;52
11;2024;"> 12";NA;NA;NA;NA;NA;28;26;"GO";0;-0,5;52
12;2024;"> 12";NA;NA;NA;NA;NA;27;28;"GO";0;-0,5;52
13;2024;"> 12";NA;NA;NA;NA;NA;29;27;"GO";0;-0,5;52
14;2024;"> 12";NA;NA;NA;NA;NA;32;31;"GO";0;-0,5;52
15;2024;"> 12";NA;NA;NA;NA;NA;40;38;"GO";0;-0,5;52
16;2024;"> 12";NA;NA;NA;NA;NA;44;51;"GO";0;-0,5;52
17;2024;"> 12";NA;NA;NA;NA;NA;52;44;"GO";0;-0,5;52
18;2024;"> 12";NA;NA;NA;NA;NA;53;62;"GO";0;-0,5;52
19;2024;"> 12";NA;NA;NA;NA;NA;66;54;"GO";0;-0,5;52
20;2024;"> 12";NA;NA;NA;NA;NA;66;83;"GO";0;-0,5;52
21;2024;"> 12";NA;NA;NA;NA;NA;65;61;"GO";0;-0,5;52
22;2024;"> 12";NA;NA;NA;NA;NA;53;52;"GO";0;-0,5;52
23;2024;"> 12";NA;NA;NA;NA;NA;47;46;"GO";0;-0,5;52
24;2024;"> 12";NA;NA;NA;NA;NA;42;44;"GO";0;-0,5;52
25;2024;"> 12";NA;NA;NA;NA;NA;37;36;"GO";0;-0,5;52
26;2024;"> 12";NA;NA;NA;NA;NA;40;32;"GO";0;-0,5;52
27;2024;"> 12";NA;NA;NA;NA;NA;39;52;"GO";0;-0,5;52
28;2024;"> 12";NA;NA;NA;NA;NA;42;32;"GO";0;-0,5;52
29;2024;"> 12";NA;NA;NA;NA;NA;35;42;"GO";0;-0,5;52
30;2024;"> 12";NA;NA;NA;NA;NA;39;30;"GO";0;-0,5;52
31;2024;"> 12";NA;NA;NA;NA;NA;40;46;"GO";0;-0,5;52
32;2024;"> 12";NA;NA;NA;NA;NA;49;45;"GO";0;-0,5;52
33;2024;"> 12";NA;NA;NA;NA;NA;49;57;"GO";0;-0,5;52
34;2024;"> 12";NA;NA;NA;NA;NA;48;44;"GO";0;-0,5;52
35;2024;"> 12";NA;NA;NA;NA;NA;49;42;"GO";0;-0,5;52
36;2024;"> 12";NA;NA;NA;NA;NA;49;62;"GO";0;-0,5;52
37;2024;"> 12";NA;NA;NA;NA;NA;50;44;"GO";0;-0,5;52
38;2024;"> 12";NA;NA;NA;NA;NA;44;43;"GO";0;-0,5;52
39;2024;"> 12";NA;NA;NA;NA;NA;45;44;"GO";0;-0,5;52
40;2024;"> 12";NA;NA;NA;NA;NA;39;47;"GO";0;-0,5;52
41;2024;"> 12";NA;NA;NA;NA;NA;36;27;"GO";0;-0,5;52
42;2024;"> 12";NA;NA;NA;NA;NA;35;34;"GO";0;-0,5;52
43;2024;"> 12";NA;NA;NA;NA;NA;41;44;"GO";0;-0,5;52
44;2024;"> 12";NA;NA;NA;NA;NA;41;46;"GO";0;-0,5;52
45;2024;"> 12";NA;NA;NA;NA;NA;36;34;"GO";0;-0,5;52
46;2024;"> 12";NA;NA;NA;NA;NA;32;27;"GO";0;-0,5;52
47;2024;"> 12";NA;NA;NA;NA;NA;32;34;"GO";0;-0,5;52
48;2024;"> 12";NA;NA;NA;NA;NA;38;35;"GO";0;-0,5;52
49;2024;"> 12";NA;NA;NA;NA;NA;39;44;"GO";0;-0,5;52
50;2024;"> 12";NA;NA;NA;NA;NA;35;39;"GO";0;-0,5;52
51;2024;"> 12";NA;NA;NA;NA;NA;29;21;"GO";0;-0,5;52
52;2024;"> 12";NA;NA;NA;NA;NA;27;28;"GO";0;-0,5;52
1;2025;"> 12";NA;NA;NA;NA;NA;35;31;"GO";0;-0,5;52
2;2025;"> 12";NA;NA;NA;NA;NA;33;45;"GO";0;-0,5;52
3;2025;"> 12";NA;NA;NA;NA;NA;37;22;"GO";0;-0,5;52
4;2025;"> 12";NA;NA;NA;NA;NA;36;43;"GO";0;-0,5;52
5;2025;"> 12";NA;NA;NA;NA;NA;46;42;"GO";0;-0,5;52
6;2025;"> 12";NA;NA;NA;NA;NA;43;52;"GO";0;-0,5;52
7;2025;"> 12";NA;NA;NA;NA;NA;40;36;"GO";0;-0,5;52
8;2025;"> 12";NA;NA;NA;NA;NA;37;33;"GO";0;-0,5;52
9;2025;"> 12";NA;NA;NA;NA;NA;36;42;"GO";0;-0,5;52
10;2025;"> 12";NA;NA;NA;NA;NA;39;34;"GO";0;-0,5;52
11;2025;"> 12";NA;NA;NA;NA;NA;35;42;"GO";0;-0,5;52
12;2025;"> 12";NA;NA;NA;NA;NA;34;28;"GO";0;-0,5;52
13;2025;"> 12";NA;NA;NA;NA;NA;33;33;"GO";0;-0,5;52
14;2025;"> 12";NA;NA;NA;NA;NA;39;37;"GO";0;-0,5;52
15;2025;"> 12";NA;NA;NA;NA;NA;48;47;"GO";0;-0,5;52
16;2025;"> 12";NA;NA;NA;NA;NA;53;61;"GO";0;-0,5;52
17;2025;"> 12";NA;NA;NA;NA;NA;68;52;"GO";0;-0,5;52
18;2025;"> 12";NA;NA;NA;NA;NA;90;91;"GO";0;-0,5;52
19;2025;"> 12";NA;NA;NA;NA;NA;123;128;"GO";0;-0,5;52
20;2025;"> 12";NA;NA;NA;NA;NA;147;149;"GO";0;-0,5;52
21;2025;"> 12";NA;NA;NA;NA;NA;152;164;"GO";0;-0,5;52
22;2025;"> 12";NA;NA;NA;NA;NA;150;142;"GO";0;-0,5;52
23;2025;"> 12";NA;NA;NA;NA;NA;133;143;"GO";0;-0,5;52
24;2025;"> 12";NA;NA;NA;NA;NA;112;114;"GO";0;-0,5;52
25;2025;"> 12";NA;NA;NA;NA;NA;98;78;"GO";0;-0,5;52
26;2025;"> 12";NA;NA;NA;NA;NA;86;101;"GO";0;-0,5;52
27;2025;"> 12";NA;NA;NA;NA;NA;87;78;"GO";0;-0,5;52
28;2025;"> 12";NA;NA;NA;NA;NA;75;82;"GO";0;-0,5;52
29;2025;"> 12";NA;NA;NA;NA;NA;68;65;"GO";0;-0,5;52
30;2025;"> 12";NA;NA;NA;NA;NA;58;57;"GO";0;-0,5;52
31;2025;"> 12";NA;NA;NA;NA;NA;54;53;"GO";0;-0,5;52
32;2025;"> 12";NA;NA;NA;NA;NA;52;52;"GO";0;-0,5;52
33;2025;"> 12";NA;NA;NA;NA;NA;58;50;"GO";0;-0,5;52
34;2025;"> 12";NA;NA;NA;NA;NA;61;73;"GO";0;-0,5;52
35;2025;"> 12";NA;NA;NA;NA;NA;71;61;"GO";0;-0,5;52
36;2025;"> 12";NA;NA;NA;NA;NA;73;79;"GO";0;-0,5;52
37;2025;"> 12";NA;NA;NA;NA;NA;78;79;"GO";0;-0,5;52
38;2025;"> 12";NA;NA;NA;NA;NA;75;77;"GO";0;-0,5;52
39;2025;"> 12";NA;NA;NA;NA;NA;73;68;"GO";0;-0,5;52
40;2025;"> 12";NA;NA;NA;NA;NA;71;75;"GO";0;-0,5;52
41;2025;"> 12";NA;NA;NA;NA;NA;72;71;"GO";0;-0,5;52
42;2025;"> 12";NA;NA;NA;NA;NA;64;69;"GO";0;-0,5;52
43;2025;"> 12";NA;NA;NA;NA;NA;55;53;"GO";0;-0,5;52
44;2025;"> 12";NA;NA;NA;NA;NA;48;43;"GO";0;-0,5;52
45;2025;"> 12";NA;NA;NA;NA;NA;44;48;"GO";0;-0,5;52
46;2025;"> 12";NA;NA;NA;NA;NA;39;41;"GO";0;-0,5;52
47;2025;"> 12";NA;NA;NA;NA;NA;34;29;"GO";0;-0,5;52
48;2025;"> 12";NA;NA;NA;NA;NA;35;33;"GO";0;-0,5;52
49;2025;"> 12";NA;NA;NA;NA;NA;39;42;"GO";0;-0,5;52
50;2025;"> 12";NA;NA;NA;NA;NA;43;43;"GO";0;-0,5;52
51;2025;"> 12";NA;NA;NA;NA;NA;38;45;"GO";0;-0,5;52
52;2025;"> 12";NA;NA;NA;NA;NA;33;26;"GO";0;-0,5;52
53;2025;"> 12";NA;NA;NA;NA;NA;30;27;"GO";0;-0,5;52
1;2026;"> 12";NA;NA;NA;NA;NA;37;37;"GO";0;-0,5;52
2;2026;"> 12";NA;NA;NA;NA;NA;39;48;"GO";0;-0,5;52
3;2026;"> 12";NA;NA;NA;NA;NA;42;32;"GO";0;-0,5;52
4;2026;"> 12";NA;NA;NA;NA;NA;38;45;"GO";0;-0,5;52
5;2026;"> 12";NA;NA;NA;NA;NA;34;36;"GO";0;-0,5;52
6;2026;"> 12";NA;NA;NA;NA;NA;30;21;"GO";0;-0,5;52
7;2026;"> 12";NA;NA;NA;NA;NA;32;33;"GO";0;-0,5;52
8;2026;"> 12";NA;NA;NA;NA;NA;39;41;"GO";0;-0,5;52
9;2026;"> 12";NA;NA;NA;NA;NA;44;43;"GO";0;-0,5;52
10;2026;"> 12";NA;NA;NA;NA;NA;49;49;"GO";0;-0,5;52
11;2026;"> 12";54;55;54;54;54;58;54;"GO";0;-0,5;52
12;2026;"> 12";72;74;72;72;72;63;72;"GO";0;-0,5;52
13;2026;"> 12";63;65;63;64;63;73;63;"GO";0;-0,5;52
14;2026;"> 12";84;87;83;85;83;72;84;"GO";0;-0,5;52
15;2026;"> 12";68,5;73;66;70;67;74;69;"GO";0;-0,5;52
16;2026;"> 12";69,5;75;66;71;68;69;68;"GO";0;-0,5;52
17;2026;"> 12";69;77;63,975;72;67;69;68;"GO";0;-0,5;52
18;2026;"> 12";69;85;59;73;65;70;57;"GO";0;-0,5;52
19;2026;"> 12";72;119;48,975;84;62;NA;52;"GO";0;-0,5;52
1;2022;"> 12";NA;NA;NA;NA;NA;NA;208;"MA";0;0;21
2;2022;"> 12";NA;NA;NA;NA;NA;182;190;"MA";0;0;21
3;2022;"> 12";NA;NA;NA;NA;NA;145;147;"MA";0;0;21
4;2022;"> 12";NA;NA;NA;NA;NA;112;99;"MA";0;0;21
5;2022;"> 12";NA;NA;NA;NA;NA;82;89;"MA";0;0;21
6;2022;"> 12";NA;NA;NA;NA;NA;55;57;"MA";0;0;21
7;2022;"> 12";NA;NA;NA;NA;NA;32;20;"MA";0;0;21
8;2022;"> 12";NA;NA;NA;NA;NA;17;20;"MA";0;0;21
9;2022;"> 12";NA;NA;NA;NA;NA;17;11;"MA";0;0;21
10;2022;"> 12";NA;NA;NA;NA;NA;13;20;"MA";0;0;21
11;2022;"> 12";NA;NA;NA;NA;NA;11;7;"MA";0;0;21
12;2022;"> 12";NA;NA;NA;NA;NA;10;6;"MA";0;0;21
13;2022;"> 12";NA;NA;NA;NA;NA;12;17;"MA";0;0;21
14;2022;"> 12";NA;NA;NA;NA;NA;14;13;"MA";0;0;21
15;2022;"> 12";NA;NA;NA;NA;NA;12;12;"MA";0;0;21
16;2022;"> 12";NA;NA;NA;NA;NA;14;11;"MA";0;0;21
17;2022;"> 12";NA;NA;NA;NA;NA;15;19;"MA";0;0;21
18;2022;"> 12";NA;NA;NA;NA;NA;20;16;"MA";0;0;21
19;2022;"> 12";NA;NA;NA;NA;NA;20;24;"MA";0;0;21
20;2022;"> 12";NA;NA;NA;NA;NA;18;19;"MA";0;0;21
21;2022;"> 12";NA;NA;NA;NA;NA;15;12;"MA";0;0;21
22;2022;"> 12";NA;NA;NA;NA;NA;13;14;"MA";0;0;21
23;2022;"> 12";NA;NA;NA;NA;NA;15;14;"MA";0;0;21
24;2022;"> 12";NA;NA;NA;NA;NA;20;16;"MA";0;0;21
25;2022;"> 12";NA;NA;NA;NA;NA;28;31;"MA";0;0;21
26;2022;"> 12";NA;NA;NA;NA;NA;34;38;"MA";0;0;21
27;2022;"> 12";NA;NA;NA;NA;NA;37;32;"MA";0;0;21
28;2022;"> 12";NA;NA;NA;NA;NA;31;40;"MA";0;0;21
29;2022;"> 12";NA;NA;NA;NA;NA;24;20;"MA";0;0;21
30;2022;"> 12";NA;NA;NA;NA;NA;15;13;"MA";0;0;21
31;2022;"> 12";NA;NA;NA;NA;NA;10;11;"MA";0;0;21
32;2022;"> 12";NA;NA;NA;NA;NA;11;7;"MA";0;0;21
33;2022;"> 12";NA;NA;NA;NA;NA;9;16;"MA";0;0;21
34;2022;"> 12";NA;NA;NA;NA;NA;8;3;"MA";0;0;21
35;2022;"> 12";NA;NA;NA;NA;NA;5;6;"MA";0;0;21
36;2022;"> 12";NA;NA;NA;NA;NA;6;7;"MA";0;0;21
37;2022;"> 12";NA;NA;NA;NA;NA;5;4;"MA";0;0;21
38;2022;"> 12";NA;NA;NA;NA;NA;3;3;"MA";0;0;21
39;2022;"> 12";NA;NA;NA;NA;NA;3;1;"MA";0;0;21
40;2022;"> 12";NA;NA;NA;NA;NA;3;4;"MA";0;0;21
41;2022;"> 12";NA;NA;NA;NA;NA;4;4;"MA";0;0;21
42;2022;"> 12";NA;NA;NA;NA;NA;4;3;"MA";0;0;21
43;2022;"> 12";NA;NA;NA;NA;NA;4;4;"MA";0;0;21
44;2022;"> 12";NA;NA;NA;NA;NA;5;4;"MA";0;0;21
45;2022;"> 12";NA;NA;NA;NA;NA;7;6;"MA";0;0;21
46;2022;"> 12";NA;NA;NA;NA;NA;10;10;"MA";0;0;21
47;2022;"> 12";NA;NA;NA;NA;NA;13;13;"MA";0;0;21
48;2022;"> 12";NA;NA;NA;NA;NA;13;15;"MA";0;0;21
49;2022;"> 12";NA;NA;NA;NA;NA;9;10;"MA";0;0;21
50;2022;"> 12";NA;NA;NA;NA;NA;6;2;"MA";0;0;21
51;2022;"> 12";NA;NA;NA;NA;NA;5;5;"MA";0;0;21
52;2022;"> 12";NA;NA;NA;NA;NA;6;9;"MA";0;0;21
1;2023;"> 12";NA;NA;NA;NA;NA;7;4;"MA";0;0;21
2;2023;"> 12";NA;NA;NA;NA;NA;6;8;"MA";0;0;21
3;2023;"> 12";NA;NA;NA;NA;NA;6;5;"MA";0;0;21
4;2023;"> 12";NA;NA;NA;NA;NA;4;5;"MA";0;0;21
5;2023;"> 12";NA;NA;NA;NA;NA;4;3;"MA";0;0;21
6;2023;"> 12";NA;NA;NA;NA;NA;4;5;"MA";0;0;21
7;2023;"> 12";NA;NA;NA;NA;NA;4;3;"MA";0;0;21
8;2023;"> 12";NA;NA;NA;NA;NA;5;3;"MA";0;0;21
9;2023;"> 12";NA;NA;NA;NA;NA;6;9;"MA";0;0;21
10;2023;"> 12";NA;NA;NA;NA;NA;10;6;"MA";0;0;21
11;2023;"> 12";NA;NA;NA;NA;NA;11;14;"MA";0;0;21
12;2023;"> 12";NA;NA;NA;NA;NA;12;12;"MA";0;0;21
13;2023;"> 12";NA;NA;NA;NA;NA;9;10;"MA";0;0;21
14;2023;"> 12";NA;NA;NA;NA;NA;8;6;"MA";0;0;21
15;2023;"> 12";NA;NA;NA;NA;NA;8;8;"MA";0;0;21
16;2023;"> 12";NA;NA;NA;NA;NA;9;10;"MA";0;0;21
17;2023;"> 12";NA;NA;NA;NA;NA;9;9;"MA";0;0;21
18;2023;"> 12";NA;NA;NA;NA;NA;8;9;"MA";0;0;21
19;2023;"> 12";NA;NA;NA;NA;NA;11;5;"MA";0;0;21
20;2023;"> 12";NA;NA;NA;NA;NA;11;19;"MA";0;0;21
21;2023;"> 12";NA;NA;NA;NA;NA;12;9;"MA";0;0;21
22;2023;"> 12";NA;NA;NA;NA;NA;10;9;"MA";0;0;21
23;2023;"> 12";NA;NA;NA;NA;NA;9;12;"MA";0;0;21
24;2023;"> 12";NA;NA;NA;NA;NA;7;5;"MA";0;0;21
25;2023;"> 12";NA;NA;NA;NA;NA;5;3;"MA";0;0;21
26;2023;"> 12";NA;NA;NA;NA;NA;5;6;"MA";0;0;21
28;2023;"> 12";NA;NA;NA;NA;NA;5;5;"MA";0;0;21
30;2023;"> 12";NA;NA;NA;NA;NA;4;3;"MA";0;0;21
31;2023;"> 12";NA;NA;NA;NA;NA;3;4;"MA";0;0;21
32;2023;"> 12";NA;NA;NA;NA;NA;3;2;"MA";0;0;21
33;2023;"> 12";NA;NA;NA;NA;NA;3;4;"MA";0;0;21
34;2023;"> 12";NA;NA;NA;NA;NA;3;4;"MA";0;0;21
35;2023;"> 12";NA;NA;NA;NA;NA;2;2;"MA";0;0;21
36;2023;"> 12";NA;NA;NA;NA;NA;3;1;"MA";0;0;21
37;2023;"> 12";NA;NA;NA;NA;NA;3;6;"MA";0;0;21
38;2023;"> 12";NA;NA;NA;NA;NA;6;3;"MA";0;0;21
39;2023;"> 12";NA;NA;NA;NA;NA;5;10;"MA";0;0;21
40;2023;"> 12";NA;NA;NA;NA;NA;5;3;"MA";0;0;21
41;2023;"> 12";NA;NA;NA;NA;NA;2;2;"MA";0;0;21
42;2023;"> 12";NA;NA;NA;NA;NA;3;2;"MA";0;0;21
43;2023;"> 12";NA;NA;NA;NA;NA;3;5;"MA";0;0;21
44;2023;"> 12";NA;NA;NA;NA;NA;4;3;"MA";0;0;21
45;2023;"> 12";NA;NA;NA;NA;NA;4;5;"MA";0;0;21
46;2023;"> 12";NA;NA;NA;NA;NA;4;3;"MA";0;0;21
47;2023;"> 12";NA;NA;NA;NA;NA;6;3;"MA";0;0;21
48;2023;"> 12";NA;NA;NA;NA;NA;7;12;"MA";0;0;21
49;2023;"> 12";NA;NA;NA;NA;NA;10;6;"MA";0;0;21
50;2023;"> 12";NA;NA;NA;NA;NA;10;11;"MA";0;0;21
51;2023;"> 12";NA;NA;NA;NA;NA;11;13;"MA";0;0;21
52;2023;"> 12";NA;NA;NA;NA;NA;9;8;"MA";0;0;21
1;2024;"> 12";NA;NA;NA;NA;NA;6;7;"MA";0;0;21
2;2024;"> 12";NA;NA;NA;NA;NA;8;4;"MA";0;0;21
3;2024;"> 12";NA;NA;NA;NA;NA;7;12;"MA";0;0;21
4;2024;"> 12";NA;NA;NA;NA;NA;7;6;"MA";0;0;21
5;2024;"> 12";NA;NA;NA;NA;NA;6;4;"MA";0;0;21
6;2024;"> 12";NA;NA;NA;NA;NA;4;7;"MA";0;0;21
7;2024;"> 12";NA;NA;NA;NA;NA;5;2;"MA";0;0;21
8;2024;"> 12";NA;NA;NA;NA;NA;5;5;"MA";0;0;21
9;2024;"> 12";NA;NA;NA;NA;NA;7;8;"MA";0;0;21
10;2024;"> 12";NA;NA;NA;NA;NA;8;7;"MA";0;0;21
11;2024;"> 12";NA;NA;NA;NA;NA;9;8;"MA";0;0;21
12;2024;"> 12";NA;NA;NA;NA;NA;13;13;"MA";0;0;21
13;2024;"> 12";NA;NA;NA;NA;NA;19;19;"MA";0;0;21
14;2024;"> 12";NA;NA;NA;NA;NA;22;24;"MA";0;0;21
15;2024;"> 12";NA;NA;NA;NA;NA;25;22;"MA";0;0;21
16;2024;"> 12";NA;NA;NA;NA;NA;23;30;"MA";0;0;21
17;2024;"> 12";NA;NA;NA;NA;NA;22;18;"MA";0;0;21
18;2024;"> 12";NA;NA;NA;NA;NA;16;19;"MA";0;0;21
19;2024;"> 12";NA;NA;NA;NA;NA;14;10;"MA";0;0;21
20;2024;"> 12";NA;NA;NA;NA;NA;14;13;"MA";0;0;21
21;2024;"> 12";NA;NA;NA;NA;NA;14;19;"MA";0;0;21
22;2024;"> 12";NA;NA;NA;NA;NA;11;9;"MA";0;0;21
23;2024;"> 12";NA;NA;NA;NA;NA;8;6;"MA";0;0;21
24;2024;"> 12";NA;NA;NA;NA;NA;7;8;"MA";0;0;21
25;2024;"> 12";NA;NA;NA;NA;NA;7;7;"MA";0;0;21
26;2024;"> 12";NA;NA;NA;NA;NA;6;6;"MA";0;0;21
27;2024;"> 12";NA;NA;NA;NA;NA;7;6;"MA";0;0;21
28;2024;"> 12";NA;NA;NA;NA;NA;6;9;"MA";0;0;21
29;2024;"> 12";NA;NA;NA;NA;NA;6;2;"MA";0;0;21
30;2024;"> 12";NA;NA;NA;NA;NA;7;8;"MA";0;0;21
31;2024;"> 12";NA;NA;NA;NA;NA;9;10;"MA";0;0;21
32;2024;"> 12";NA;NA;NA;NA;NA;8;9;"MA";0;0;21
33;2024;"> 12";NA;NA;NA;NA;NA;9;4;"MA";0;0;21
34;2024;"> 12";NA;NA;NA;NA;NA;8;15;"MA";0;0;21
35;2024;"> 12";NA;NA;NA;NA;NA;12;5;"MA";0;0;21
36;2024;"> 12";NA;NA;NA;NA;NA;11;16;"MA";0;0;21
37;2024;"> 12";NA;NA;NA;NA;NA;12;13;"MA";0;0;21
38;2024;"> 12";NA;NA;NA;NA;NA;8;7;"MA";0;0;21
39;2024;"> 12";NA;NA;NA;NA;NA;6;4;"MA";0;0;21
40;2024;"> 12";NA;NA;NA;NA;NA;6;8;"MA";0;0;21
41;2024;"> 12";NA;NA;NA;NA;NA;8;5;"MA";0;0;21
42;2024;"> 12";NA;NA;NA;NA;NA;9;10;"MA";0;0;21
43;2024;"> 12";NA;NA;NA;NA;NA;10;13;"MA";0;0;21
44;2024;"> 12";NA;NA;NA;NA;NA;9;8;"MA";0;0;21
45;2024;"> 12";NA;NA;NA;NA;NA;5;6;"MA";0;0;21
46;2024;"> 12";NA;NA;NA;NA;NA;4;2;"MA";0;0;21
47;2024;"> 12";NA;NA;NA;NA;NA;4;4;"MA";0;0;21
48;2024;"> 12";NA;NA;NA;NA;NA;8;7;"MA";0;0;21
49;2024;"> 12";NA;NA;NA;NA;NA;8;13;"MA";0;0;21
50;2024;"> 12";NA;NA;NA;NA;NA;9;4;"MA";0;0;21
51;2024;"> 12";NA;NA;NA;NA;NA;9;10;"MA";0;0;21
52;2024;"> 12";NA;NA;NA;NA;NA;10;12;"MA";0;0;21
1;2025;"> 12";NA;NA;NA;NA;NA;9;8;"MA";0;0;21
2;2025;"> 12";NA;NA;NA;NA;NA;7;6;"MA";0;0;21
3;2025;"> 12";NA;NA;NA;NA;NA;8;8;"MA";0;0;21
4;2025;"> 12";NA;NA;NA;NA;NA;10;9;"MA";0;0;21
5;2025;"> 12";NA;NA;NA;NA;NA;11;13;"MA";0;0;21
6;2025;"> 12";NA;NA;NA;NA;NA;11;11;"MA";0;0;21
7;2025;"> 12";NA;NA;NA;NA;NA;8;8;"MA";0;0;21
8;2025;"> 12";NA;NA;NA;NA;NA;8;4;"MA";0;0;21
9;2025;"> 12";NA;NA;NA;NA;NA;7;11;"MA";0;0;21
11;2025;"> 12";NA;NA;NA;NA;NA;8;5;"MA";0;0;21
12;2025;"> 12";NA;NA;NA;NA;NA;8;7;"MA";0;0;21
13;2025;"> 12";NA;NA;NA;NA;NA;8;11;"MA";0;0;21
14;2025;"> 12";NA;NA;NA;NA;NA;9;7;"MA";0;0;21
15;2025;"> 12";NA;NA;NA;NA;NA;8;9;"MA";0;0;21
16;2025;"> 12";NA;NA;NA;NA;NA;10;8;"MA";0;0;21
17;2025;"> 12";NA;NA;NA;NA;NA;14;13;"MA";0;0;21
18;2025;"> 12";NA;NA;NA;NA;NA;23;22;"MA";0;0;21
19;2025;"> 12";NA;NA;NA;NA;NA;37;33;"MA";0;0;21
20;2025;"> 12";NA;NA;NA;NA;NA;61;55;"MA";0;0;21
21;2025;"> 12";NA;NA;NA;NA;NA;84;96;"MA";0;0;21
22;2025;"> 12";NA;NA;NA;NA;NA;88;101;"MA";0;0;21
23;2025;"> 12";NA;NA;NA;NA;NA;77;68;"MA";0;0;21
24;2025;"> 12";NA;NA;NA;NA;NA;58;62;"MA";0;0;21
25;2025;"> 12";NA;NA;NA;NA;NA;47;45;"MA";0;0;21
26;2025;"> 12";NA;NA;NA;NA;NA;34;34;"MA";0;0;21
27;2025;"> 12";NA;NA;NA;NA;NA;33;24;"MA";0;0;21
28;2025;"> 12";NA;NA;NA;NA;NA;28;41;"MA";0;0;21
29;2025;"> 12";NA;NA;NA;NA;NA;25;18;"MA";0;0;21
30;2025;"> 12";NA;NA;NA;NA;NA;20;16;"MA";0;0;21
31;2025;"> 12";NA;NA;NA;NA;NA;18;25;"MA";0;0;21
32;2025;"> 12";NA;NA;NA;NA;NA;19;12;"MA";0;0;21
33;2025;"> 12";NA;NA;NA;NA;NA;17;20;"MA";0;0;21
34;2025;"> 12";NA;NA;NA;NA;NA;18;19;"MA";0;0;21
35;2025;"> 12";NA;NA;NA;NA;NA;15;16;"MA";0;0;21
36;2025;"> 12";NA;NA;NA;NA;NA;13;11;"MA";0;0;21
37;2025;"> 12";NA;NA;NA;NA;NA;10;11;"MA";0;0;21
38;2025;"> 12";NA;NA;NA;NA;NA;9;9;"MA";0;0;21
39;2025;"> 12";NA;NA;NA;NA;NA;9;6;"MA";0;0;21
40;2025;"> 12";NA;NA;NA;NA;NA;9;11;"MA";0;0;21
41;2025;"> 12";NA;NA;NA;NA;NA;13;10;"MA";0;0;21
42;2025;"> 12";NA;NA;NA;NA;NA;11;18;"MA";0;0;21
43;2025;"> 12";NA;NA;NA;NA;NA;11;6;"MA";0;0;21
44;2025;"> 12";NA;NA;NA;NA;NA;9;8;"MA";0;0;21
45;2025;"> 12";NA;NA;NA;NA;NA;9;13;"MA";0;0;21
46;2025;"> 12";NA;NA;NA;NA;NA;10;6;"MA";0;0;21
47;2025;"> 12";NA;NA;NA;NA;NA;9;11;"MA";0;0;21
48;2025;"> 12";NA;NA;NA;NA;NA;11;10;"MA";0;0;21
49;2025;"> 12";NA;NA;NA;NA;NA;15;13;"MA";0;0;21
50;2025;"> 12";NA;NA;NA;NA;NA;14;23;"MA";0;0;21
51;2025;"> 12";NA;NA;NA;NA;NA;14;7;"MA";0;0;21
52;2025;"> 12";NA;NA;NA;NA;NA;9;12;"MA";0;0;21
53;2025;"> 12";NA;NA;NA;NA;NA;9;9;"MA";0;0;21
1;2026;"> 12";NA;NA;NA;NA;NA;6;5;"MA";0;0;21
2;2026;"> 12";NA;NA;NA;NA;NA;5;4;"MA";0;0;21
3;2026;"> 12";NA;NA;NA;NA;NA;5;7;"MA";0;0;21
4;2026;"> 12";NA;NA;NA;NA;NA;6;4;"MA";0;0;21
5;2026;"> 12";NA;NA;NA;NA;NA;9;7;"MA";0;0;21
6;2026;"> 12";NA;NA;NA;NA;NA;12;15;"MA";0;0;21
7;2026;"> 12";NA;NA;NA;NA;NA;14;13;"MA";0;0;21
8;2026;"> 12";NA;NA;NA;NA;NA;15;14;"MA";0;0;21
9;2026;"> 12";17;19;17;17;17;18;17;"MA";0;0;21
10;2026;"> 12";23;26;23;24;23;27;23;"MA";0;0;21
11;2026;"> 12";41;46;40;42;41;30;40;"MA";0;0;21
12;2026;"> 12";27;33;25;29;26;34;25;"MA";0;0;21
13;2026;"> 12";35;42;31;37;33;34;31;"MA";0;0;21
14;2026;"> 12";41;50;37;44;39,75;33;36;"MA";0;0;21
15;2026;"> 12";23,5;33;18;26;21;31;17;"MA";0;0;21
16;2026;"> 12";29;41;22;32;26;25;21;"MA";0;0;21
17;2026;"> 12";23;37,025;15;27;20;25;12;"MA";0;0;21
18;2026;"> 12";23;43,025;12;29;19;23;11;"MA";0;0;21
19;2026;"> 12";23;62,025;8;33;16;NA;11;"MA";0;0;21
1;2022;"> 12";NA;NA;NA;NA;NA;NA;2227;"MG";0,5;1;31
2;2022;"> 12";NA;NA;NA;NA;NA;2469;2684;"MG";0,5;1;31
3;2022;"> 12";NA;NA;NA;NA;NA;2380;2497;"MG";0,5;1;31
4;2022;"> 12";NA;NA;NA;NA;NA;2064;1959;"MG";0,5;1;31
5;2022;"> 12";NA;NA;NA;NA;NA;1620;1737;"MG";0,5;1;31
6;2022;"> 12";NA;NA;NA;NA;NA;1265;1164;"MG";0,5;1;31
7;2022;"> 12";NA;NA;NA;NA;NA;882;895;"MG";0,5;1;31
8;2022;"> 12";NA;NA;NA;NA;NA;668;586;"MG";0,5;1;31
9;2022;"> 12";NA;NA;NA;NA;NA;507;523;"MG";0,5;1;31
10;2022;"> 12";NA;NA;NA;NA;NA;433;412;"MG";0,5;1;31
11;2022;"> 12";NA;NA;NA;NA;NA;367;364;"MG";0,5;1;31
12;2022;"> 12";NA;NA;NA;NA;NA;319;325;"MG";0,5;1;31
13;2022;"> 12";NA;NA;NA;NA;NA;274;267;"MG";0,5;1;31
14;2022;"> 12";NA;NA;NA;NA;NA;242;229;"MG";0,5;1;31
15;2022;"> 12";NA;NA;NA;NA;NA;234;229;"MG";0,5;1;31
16;2022;"> 12";NA;NA;NA;NA;NA;231;243;"MG";0,5;1;31
17;2022;"> 12";NA;NA;NA;NA;NA;246;221;"MG";0,5;1;31
18;2022;"> 12";NA;NA;NA;NA;NA;286;273;"MG";0,5;1;31
19;2022;"> 12";NA;NA;NA;NA;NA;383;363;"MG";0,5;1;31
20;2022;"> 12";NA;NA;NA;NA;NA;489;513;"MG";0,5;1;31
21;2022;"> 12";NA;NA;NA;NA;NA;627;592;"MG";0,5;1;31
22;2022;"> 12";NA;NA;NA;NA;NA;733;776;"MG";0,5;1;31
23;2022;"> 12";NA;NA;NA;NA;NA;831;831;"MG";0,5;1;31
24;2022;"> 12";NA;NA;NA;NA;NA;879;886;"MG";0,5;1;31
25;2022;"> 12";NA;NA;NA;NA;NA;911;919;"MG";0,5;1;31
26;2022;"> 12";NA;NA;NA;NA;NA;886;929;"MG";0,5;1;31
27;2022;"> 12";NA;NA;NA;NA;NA;830;811;"MG";0,5;1;31
28;2022;"> 12";NA;NA;NA;NA;NA;716;751;"MG";0,5;1;31
29;2022;"> 12";NA;NA;NA;NA;NA;589;586;"MG";0,5;1;31
30;2022;"> 12";NA;NA;NA;NA;NA;462;430;"MG";0,5;1;31
31;2022;"> 12";NA;NA;NA;NA;NA;377;371;"MG";0,5;1;31
32;2022;"> 12";NA;NA;NA;NA;NA;323;331;"MG";0,5;1;31
33;2022;"> 12";NA;NA;NA;NA;NA;279;266;"MG";0,5;1;31
34;2022;"> 12";NA;NA;NA;NA;NA;234;240;"MG";0,5;1;31
35;2022;"> 12";NA;NA;NA;NA;NA;219;195;"MG";0,5;1;31
36;2022;"> 12";NA;NA;NA;NA;NA;202;222;"MG";0,5;1;31
37;2022;"> 12";NA;NA;NA;NA;NA;203;190;"MG";0,5;1;31
38;2022;"> 12";NA;NA;NA;NA;NA;177;197;"MG";0,5;1;31
39;2022;"> 12";NA;NA;NA;NA;NA;162;143;"MG";0,5;1;31
40;2022;"> 12";NA;NA;NA;NA;NA;147;145;"MG";0,5;1;31
41;2022;"> 12";NA;NA;NA;NA;NA;150;154;"MG";0,5;1;31
42;2022;"> 12";NA;NA;NA;NA;NA;142;150;"MG";0,5;1;31
43;2022;"> 12";NA;NA;NA;NA;NA;141;121;"MG";0,5;1;31
44;2022;"> 12";NA;NA;NA;NA;NA;185;153;"MG";0,5;1;31
45;2022;"> 12";NA;NA;NA;NA;NA;300;280;"MG";0,5;1;31
46;2022;"> 12";NA;NA;NA;NA;NA;447;468;"MG";0,5;1;31
47;2022;"> 12";NA;NA;NA;NA;NA;577;594;"MG";0,5;1;31
48;2022;"> 12";NA;NA;NA;NA;NA;653;668;"MG";0,5;1;31
49;2022;"> 12";NA;NA;NA;NA;NA;646;697;"MG";0,5;1;31
50;2022;"> 12";NA;NA;NA;NA;NA;587;574;"MG";0,5;1;31
51;2022;"> 12";NA;NA;NA;NA;NA;504;490;"MG";0,5;1;31
52;2022;"> 12";NA;NA;NA;NA;NA;446;449;"MG";0,5;1;31
1;2023;"> 12";NA;NA;NA;NA;NA;381;399;"MG";0,5;1;31
2;2023;"> 12";NA;NA;NA;NA;NA;299;296;"MG";0,5;1;31
3;2023;"> 12";NA;NA;NA;NA;NA;226;201;"MG";0,5;1;31
4;2023;"> 12";NA;NA;NA;NA;NA;189;182;"MG";0,5;1;31
5;2023;"> 12";NA;NA;NA;NA;NA;190;185;"MG";0,5;1;31
6;2023;"> 12";NA;NA;NA;NA;NA;183;203;"MG";0,5;1;31
7;2023;"> 12";NA;NA;NA;NA;NA;188;161;"MG";0,5;1;31
8;2023;"> 12";NA;NA;NA;NA;NA;191;201;"MG";0,5;1;31
9;2023;"> 12";NA;NA;NA;NA;NA;203;211;"MG";0,5;1;31
10;2023;"> 12";NA;NA;NA;NA;NA;190;198;"MG";0,5;1;31
11;2023;"> 12";NA;NA;NA;NA;NA;179;161;"MG";0,5;1;31
12;2023;"> 12";NA;NA;NA;NA;NA;175;177;"MG";0,5;1;31
13;2023;"> 12";NA;NA;NA;NA;NA;186;186;"MG";0,5;1;31
14;2023;"> 12";NA;NA;NA;NA;NA;182;195;"MG";0,5;1;31
15;2023;"> 12";NA;NA;NA;NA;NA;184;164;"MG";0,5;1;31
16;2023;"> 12";NA;NA;NA;NA;NA;187;194;"MG";0,5;1;31
17;2023;"> 12";NA;NA;NA;NA;NA;207;202;"MG";0,5;1;31
18;2023;"> 12";NA;NA;NA;NA;NA;204;224;"MG";0,5;1;31
19;2023;"> 12";NA;NA;NA;NA;NA;220;185;"MG";0,5;1;31
20;2023;"> 12";NA;NA;NA;NA;NA;225;252;"MG";0,5;1;31
21;2023;"> 12";NA;NA;NA;NA;NA;234;238;"MG";0,5;1;31
22;2023;"> 12";NA;NA;NA;NA;NA;221;211;"MG";0,5;1;31
23;2023;"> 12";NA;NA;NA;NA;NA;204;213;"MG";0,5;1;31
24;2023;"> 12";NA;NA;NA;NA;NA;206;189;"MG";0,5;1;31
25;2023;"> 12";NA;NA;NA;NA;NA;198;216;"MG";0,5;1;31
26;2023;"> 12";NA;NA;NA;NA;NA;199;188;"MG";0,5;1;31
27;2023;"> 12";NA;NA;NA;NA;NA;198;193;"MG";0,5;1;31
28;2023;"> 12";NA;NA;NA;NA;NA;192;213;"MG";0,5;1;31
29;2023;"> 12";NA;NA;NA;NA;NA;172;169;"MG";0,5;1;31
30;2023;"> 12";NA;NA;NA;NA;NA;144;134;"MG";0,5;1;31
31;2023;"> 12";NA;NA;NA;NA;NA;136;130;"MG";0,5;1;31
32;2023;"> 12";NA;NA;NA;NA;NA;140;143;"MG";0,5;1;31
33;2023;"> 12";NA;NA;NA;NA;NA;141;146;"MG";0,5;1;31
34;2023;"> 12";NA;NA;NA;NA;NA;144;134;"MG";0,5;1;31
35;2023;"> 12";NA;NA;NA;NA;NA;140;153;"MG";0,5;1;31
36;2023;"> 12";NA;NA;NA;NA;NA;143;134;"MG";0,5;1;31
37;2023;"> 12";NA;NA;NA;NA;NA;147;143;"MG";0,5;1;31
38;2023;"> 12";NA;NA;NA;NA;NA;147;164;"MG";0,5;1;31
39;2023;"> 12";NA;NA;NA;NA;NA;154;135;"MG";0,5;1;31
40;2023;"> 12";NA;NA;NA;NA;NA;143;163;"MG";0,5;1;31
41;2023;"> 12";NA;NA;NA;NA;NA;158;131;"MG";0,5;1;31
42;2023;"> 12";NA;NA;NA;NA;NA;160;180;"MG";0,5;1;31
43;2023;"> 12";NA;NA;NA;NA;NA;174;170;"MG";0,5;1;31
44;2023;"> 12";NA;NA;NA;NA;NA;188;171;"MG";0,5;1;31
45;2023;"> 12";NA;NA;NA;NA;NA;199;223;"MG";0,5;1;31
46;2023;"> 12";NA;NA;NA;NA;NA;197;204;"MG";0,5;1;31
47;2023;"> 12";NA;NA;NA;NA;NA;165;163;"MG";0,5;1;31
48;2023;"> 12";NA;NA;NA;NA;NA;142;127;"MG";0,5;1;31
49;2023;"> 12";NA;NA;NA;NA;NA;123;136;"MG";0,5;1;31
50;2023;"> 12";NA;NA;NA;NA;NA;123;107;"MG";0,5;1;31
51;2023;"> 12";NA;NA;NA;NA;NA;115;127;"MG";0,5;1;31
52;2023;"> 12";NA;NA;NA;NA;NA;128;112;"MG";0,5;1;31
1;2024;"> 12";NA;NA;NA;NA;NA;135;145;"MG";0,5;1;31
2;2024;"> 12";NA;NA;NA;NA;NA;156;148;"MG";0,5;1;31
3;2024;"> 12";NA;NA;NA;NA;NA;150;176;"MG";0,5;1;31
4;2024;"> 12";NA;NA;NA;NA;NA;164;127;"MG";0,5;1;31
5;2024;"> 12";NA;NA;NA;NA;NA;164;188;"MG";0,5;1;31
6;2024;"> 12";NA;NA;NA;NA;NA;207;177;"MG";0,5;1;31
7;2024;"> 12";NA;NA;NA;NA;NA;250;255;"MG";0,5;1;31
8;2024;"> 12";NA;NA;NA;NA;NA;285;318;"MG";0,5;1;31
9;2024;"> 12";NA;NA;NA;NA;NA;275;281;"MG";0,5;1;31
10;2024;"> 12";NA;NA;NA;NA;NA;234;226;"MG";0,5;1;31
11;2024;"> 12";NA;NA;NA;NA;NA;202;195;"MG";0,5;1;31
12;2024;"> 12";NA;NA;NA;NA;NA;174;184;"MG";0,5;1;31
13;2024;"> 12";NA;NA;NA;NA;NA;169;144;"MG";0,5;1;31
14;2024;"> 12";NA;NA;NA;NA;NA;162;178;"MG";0,5;1;31
15;2024;"> 12";NA;NA;NA;NA;NA;174;164;"MG";0,5;1;31
16;2024;"> 12";NA;NA;NA;NA;NA;177;179;"MG";0,5;1;31
17;2024;"> 12";NA;NA;NA;NA;NA;187;187;"MG";0,5;1;31
18;2024;"> 12";NA;NA;NA;NA;NA;193;196;"MG";0,5;1;31
19;2024;"> 12";NA;NA;NA;NA;NA;200;197;"MG";0,5;1;31
20;2024;"> 12";NA;NA;NA;NA;NA;216;207;"MG";0,5;1;31
21;2024;"> 12";NA;NA;NA;NA;NA;223;243;"MG";0,5;1;31
22;2024;"> 12";NA;NA;NA;NA;NA;232;219;"MG";0,5;1;31
23;2024;"> 12";NA;NA;NA;NA;NA;222;234;"MG";0,5;1;31
24;2024;"> 12";NA;NA;NA;NA;NA;229;214;"MG";0,5;1;31
25;2024;"> 12";NA;NA;NA;NA;NA;224;238;"MG";0,5;1;31
26;2024;"> 12";NA;NA;NA;NA;NA;244;220;"MG";0,5;1;31
27;2024;"> 12";NA;NA;NA;NA;NA;235;273;"MG";0,5;1;31
28;2024;"> 12";NA;NA;NA;NA;NA;244;212;"MG";0,5;1;31
29;2024;"> 12";NA;NA;NA;NA;NA;216;246;"MG";0,5;1;31
30;2024;"> 12";NA;NA;NA;NA;NA;211;189;"MG";0,5;1;31
31;2024;"> 12";NA;NA;NA;NA;NA;196;199;"MG";0,5;1;31
32;2024;"> 12";NA;NA;NA;NA;NA;193;201;"MG";0,5;1;31
33;2024;"> 12";NA;NA;NA;NA;NA;194;180;"MG";0,5;1;31
34;2024;"> 12";NA;NA;NA;NA;NA;187;200;"MG";0,5;1;31
35;2024;"> 12";NA;NA;NA;NA;NA;206;182;"MG";0,5;1;31
36;2024;"> 12";NA;NA;NA;NA;NA;210;236;"MG";0,5;1;31
37;2024;"> 12";NA;NA;NA;NA;NA;221;212;"MG";0,5;1;31
38;2024;"> 12";NA;NA;NA;NA;NA;208;214;"MG";0,5;1;31
39;2024;"> 12";NA;NA;NA;NA;NA;194;197;"MG";0,5;1;31
40;2024;"> 12";NA;NA;NA;NA;NA;178;172;"MG";0,5;1;31
41;2024;"> 12";NA;NA;NA;NA;NA;170;164;"MG";0,5;1;31
42;2024;"> 12";NA;NA;NA;NA;NA;162;175;"MG";0,5;1;31
43;2024;"> 12";NA;NA;NA;NA;NA;158;146;"MG";0,5;1;31
44;2024;"> 12";NA;NA;NA;NA;NA;152;152;"MG";0,5;1;31
45;2024;"> 12";NA;NA;NA;NA;NA;160;159;"MG";0,5;1;31
46;2024;"> 12";NA;NA;NA;NA;NA;171;170;"MG";0,5;1;31
47;2024;"> 12";NA;NA;NA;NA;NA;179;183;"MG";0,5;1;31
48;2024;"> 12";NA;NA;NA;NA;NA;190;185;"MG";0,5;1;31
49;2024;"> 12";NA;NA;NA;NA;NA;188;203;"MG";0,5;1;31
50;2024;"> 12";NA;NA;NA;NA;NA;185;177;"MG";0,5;1;31
51;2024;"> 12";NA;NA;NA;NA;NA;174;175;"MG";0,5;1;31
52;2024;"> 12";NA;NA;NA;NA;NA;175;171;"MG";0,5;1;31
1;2025;"> 12";NA;NA;NA;NA;NA;180;180;"MG";0,5;1;31
2;2025;"> 12";NA;NA;NA;NA;NA;189;190;"MG";0,5;1;31
3;2025;"> 12";NA;NA;NA;NA;NA;190;197;"MG";0,5;1;31
4;2025;"> 12";NA;NA;NA;NA;NA;174;183;"MG";0,5;1;31
5;2025;"> 12";NA;NA;NA;NA;NA;160;143;"MG";0,5;1;31
6;2025;"> 12";NA;NA;NA;NA;NA;148;154;"MG";0,5;1;31
7;2025;"> 12";NA;NA;NA;NA;NA;150;147;"MG";0,5;1;31
8;2025;"> 12";NA;NA;NA;NA;NA;144;149;"MG";0,5;1;31
9;2025;"> 12";NA;NA;NA;NA;NA;146;136;"MG";0,5;1;31
10;2025;"> 12";NA;NA;NA;NA;NA;142;154;"MG";0,5;1;31
11;2025;"> 12";NA;NA;NA;NA;NA;137;135;"MG";0,5;1;31
12;2025;"> 12";NA;NA;NA;NA;NA;129;122;"MG";0,5;1;31
13;2025;"> 12";NA;NA;NA;NA;NA;136;131;"MG";0,5;1;31
14;2025;"> 12";NA;NA;NA;NA;NA;150;154;"MG";0,5;1;31
15;2025;"> 12";NA;NA;NA;NA;NA;169;166;"MG";0,5;1;31
16;2025;"> 12";NA;NA;NA;NA;NA;196;186;"MG";0,5;1;31
17;2025;"> 12";NA;NA;NA;NA;NA;306;237;"MG";0,5;1;31
18;2025;"> 12";NA;NA;NA;NA;NA;450;496;"MG";0,5;1;31
19;2025;"> 12";NA;NA;NA;NA;NA;619;617;"MG";0,5;1;31
20;2025;"> 12";NA;NA;NA;NA;NA;742;744;"MG";0,5;1;31
21;2025;"> 12";NA;NA;NA;NA;NA;806;864;"MG";0,5;1;31
22;2025;"> 12";NA;NA;NA;NA;NA;828;810;"MG";0,5;1;31
23;2025;"> 12";NA;NA;NA;NA;NA;753;809;"MG";0,5;1;31
24;2025;"> 12";NA;NA;NA;NA;NA;678;641;"MG";0,5;1;31
25;2025;"> 12";NA;NA;NA;NA;NA;567;585;"MG";0,5;1;31
26;2025;"> 12";NA;NA;NA;NA;NA;510;474;"MG";0,5;1;31
27;2025;"> 12";NA;NA;NA;NA;NA;470;472;"MG";0,5;1;31
28;2025;"> 12";NA;NA;NA;NA;NA;442;464;"MG";0,5;1;31
29;2025;"> 12";NA;NA;NA;NA;NA;407;389;"MG";0,5;1;31
30;2025;"> 12";NA;NA;NA;NA;NA;353;369;"MG";0,5;1;31
31;2025;"> 12";NA;NA;NA;NA;NA;310;302;"MG";0,5;1;31
32;2025;"> 12";NA;NA;NA;NA;NA;271;258;"MG";0,5;1;31
33;2025;"> 12";NA;NA;NA;NA;NA;264;254;"MG";0,5;1;31
34;2025;"> 12";NA;NA;NA;NA;NA;268;280;"MG";0,5;1;31
35;2025;"> 12";NA;NA;NA;NA;NA;264;269;"MG";0,5;1;31
36;2025;"> 12";NA;NA;NA;NA;NA;253;243;"MG";0,5;1;31
37;2025;"> 12";NA;NA;NA;NA;NA;247;247;"MG";0,5;1;31
38;2025;"> 12";NA;NA;NA;NA;NA;245;250;"MG";0,5;1;31
39;2025;"> 12";NA;NA;NA;NA;NA;235;238;"MG";0,5;1;31
40;2025;"> 12";NA;NA;NA;NA;NA;223;218;"MG";0,5;1;31
41;2025;"> 12";NA;NA;NA;NA;NA;216;214;"MG";0,5;1;31
42;2025;"> 12";NA;NA;NA;NA;NA;213;217;"MG";0,5;1;31
43;2025;"> 12";NA;NA;NA;NA;NA;210;209;"MG";0,5;1;31
44;2025;"> 12";NA;NA;NA;NA;NA;199;205;"MG";0,5;1;31
45;2025;"> 12";NA;NA;NA;NA;NA;190;183;"MG";0,5;1;31
46;2025;"> 12";NA;NA;NA;NA;NA;188;183;"MG";0,5;1;31
47;2025;"> 12";NA;NA;NA;NA;NA;185;199;"MG";0,5;1;31
48;2025;"> 12";NA;NA;NA;NA;NA;190;173;"MG";0,5;1;31
49;2025;"> 12";NA;NA;NA;NA;NA;188;198;"MG";0,5;1;31
50;2025;"> 12";NA;NA;NA;NA;NA;195;193;"MG";0,5;1;31
51;2025;"> 12";NA;NA;NA;NA;NA;192;195;"MG";0,5;1;31
52;2025;"> 12";NA;NA;NA;NA;NA;196;188;"MG";0,5;1;31
53;2025;"> 12";NA;NA;NA;NA;NA;194;205;"MG";0,5;1;31
1;2026;"> 12";NA;NA;NA;NA;NA;190;190;"MG";0,5;1;31
2;2026;"> 12";NA;NA;NA;NA;NA;173;176;"MG";0,5;1;31
3;2026;"> 12";NA;NA;NA;NA;NA;161;152;"MG";0,5;1;31
4;2026;"> 12";NA;NA;NA;NA;NA;162;156;"MG";0,5;1;31
5;2026;"> 12";177;179;177;178;177;176;177;"MG";0,5;1;31
6;2026;"> 12";194;197;193;195;193;181;193;"MG";0,5;1;31
7;2026;"> 12";173;177;171;174;172;186;171;"MG";0,5;1;31
8;2026;"> 12";192;197,025;189;194;191;200;190;"MG";0,5;1;31
9;2026;"> 12";235;241;230;237;233;232;233;"MG";0,5;1;31
10;2026;"> 12";268;277;262;271;266;253;265;"MG";0,5;1;31
11;2026;"> 12";257;268;249;261;254;274;243;"MG";0,5;1;31
12;2026;"> 12";298;313;288;303;294;287;278;"MG";0,5;1;31
13;2026;"> 12";305;324;290;311;299;327;272;"MG";0,5;1;31
14;2026;"> 12";377;402;356;385;369;362;325;"MG";0,5;1;31
15;2026;"> 12";404;442;374,975;416;393;402;328;"MG";0,5;1;31
16;2026;"> 12";424;487,025;381,975;443;410;410;316;"MG";0,5;1;31
17;2026;"> 12";403;486,025;342;429;381;416;251;"MG";0,5;1;31
18;2026;"> 12";421;560,025;335,975;458;385,75;426;211;"MG";0,5;1;31
19;2026;"> 12";454;686,375;287,925;522,25;391;NA;172;"MG";0,5;1;31
1;2022;"> 12";NA;NA;NA;NA;NA;NA;291;"MS";0,5;0,5;50
2;2022;"> 12";NA;NA;NA;NA;NA;358;392;"MS";0,5;0,5;50
3;2022;"> 12";NA;NA;NA;NA;NA;368;390;"MS";0,5;0,5;50
4;2022;"> 12";NA;NA;NA;NA;NA;351;322;"MS";0,5;0,5;50
5;2022;"> 12";NA;NA;NA;NA;NA;299;342;"MS";0,5;0,5;50
6;2022;"> 12";NA;NA;NA;NA;NA;244;232;"MS";0,5;0,5;50
7;2022;"> 12";NA;NA;NA;NA;NA;160;158;"MS";0,5;0,5;50
8;2022;"> 12";NA;NA;NA;NA;NA;101;90;"MS";0,5;0,5;50
9;2022;"> 12";NA;NA;NA;NA;NA;65;55;"MS";0,5;0,5;50
10;2022;"> 12";NA;NA;NA;NA;NA;45;49;"MS";0,5;0,5;50
11;2022;"> 12";NA;NA;NA;NA;NA;43;32;"MS";0,5;0,5;50
12;2022;"> 12";NA;NA;NA;NA;NA;44;48;"MS";0,5;0,5;50
13;2022;"> 12";NA;NA;NA;NA;NA;48;52;"MS";0,5;0,5;50
14;2022;"> 12";NA;NA;NA;NA;NA;44;43;"MS";0,5;0,5;50
15;2022;"> 12";NA;NA;NA;NA;NA;42;38;"MS";0,5;0,5;50
16;2022;"> 12";NA;NA;NA;NA;NA;41;46;"MS";0,5;0,5;50
17;2022;"> 12";NA;NA;NA;NA;NA;44;40;"MS";0,5;0,5;50
18;2022;"> 12";NA;NA;NA;NA;NA;42;45;"MS";0,5;0,5;50
19;2022;"> 12";NA;NA;NA;NA;NA;51;42;"MS";0,5;0,5;50
20;2022;"> 12";NA;NA;NA;NA;NA;66;66;"MS";0,5;0,5;50
21;2022;"> 12";NA;NA;NA;NA;NA;83;90;"MS";0,5;0,5;50
22;2022;"> 12";NA;NA;NA;NA;NA;85;93;"MS";0,5;0,5;50
23;2022;"> 12";NA;NA;NA;NA;NA;89;73;"MS";0,5;0,5;50
24;2022;"> 12";NA;NA;NA;NA;NA;93;102;"MS";0,5;0,5;50
25;2022;"> 12";NA;NA;NA;NA;NA;108;105;"MS";0,5;0,5;50
26;2022;"> 12";NA;NA;NA;NA;NA;104;116;"MS";0,5;0,5;50
27;2022;"> 12";NA;NA;NA;NA;NA;98;90;"MS";0,5;0,5;50
28;2022;"> 12";NA;NA;NA;NA;NA;93;89;"MS";0,5;0,5;50
29;2022;"> 12";NA;NA;NA;NA;NA;89;100;"MS";0,5;0,5;50
30;2022;"> 12";NA;NA;NA;NA;NA;84;77;"MS";0,5;0,5;50
31;2022;"> 12";NA;NA;NA;NA;NA;73;76;"MS";0,5;0,5;50
32;2022;"> 12";NA;NA;NA;NA;NA;65;66;"MS";0,5;0,5;50
33;2022;"> 12";NA;NA;NA;NA;NA;55;54;"MS";0,5;0,5;50
34;2022;"> 12";NA;NA;NA;NA;NA;54;45;"MS";0,5;0,5;50
35;2022;"> 12";NA;NA;NA;NA;NA;51;63;"MS";0,5;0,5;50
36;2022;"> 12";NA;NA;NA;NA;NA;43;45;"MS";0,5;0,5;50
37;2022;"> 12";NA;NA;NA;NA;NA;33;22;"MS";0,5;0,5;50
38;2022;"> 12";NA;NA;NA;NA;NA;31;32;"MS";0,5;0,5;50
39;2022;"> 12";NA;NA;NA;NA;NA;32;39;"MS";0,5;0,5;50
40;2022;"> 12";NA;NA;NA;NA;NA;31;25;"MS";0,5;0,5;50
41;2022;"> 12";NA;NA;NA;NA;NA;23;30;"MS";0,5;0,5;50
42;2022;"> 12";NA;NA;NA;NA;NA;22;14;"MS";0,5;0,5;50
43;2022;"> 12";NA;NA;NA;NA;NA;21;21;"MS";0,5;0,5;50
44;2022;"> 12";NA;NA;NA;NA;NA;28;29;"MS";0,5;0,5;50
45;2022;"> 12";NA;NA;NA;NA;NA;37;33;"MS";0,5;0,5;50
46;2022;"> 12";NA;NA;NA;NA;NA;42;48;"MS";0,5;0,5;50
47;2022;"> 12";NA;NA;NA;NA;NA;56;46;"MS";0,5;0,5;50
48;2022;"> 12";NA;NA;NA;NA;NA;62;74;"MS";0,5;0,5;50
49;2022;"> 12";NA;NA;NA;NA;NA;78;66;"MS";0,5;0,5;50
50;2022;"> 12";NA;NA;NA;NA;NA;80;94;"MS";0,5;0,5;50
51;2022;"> 12";NA;NA;NA;NA;NA;82;79;"MS";0,5;0,5;50
52;2022;"> 12";NA;NA;NA;NA;NA;70;74;"MS";0,5;0,5;50
1;2023;"> 12";NA;NA;NA;NA;NA;58;56;"MS";0,5;0,5;50
2;2023;"> 12";NA;NA;NA;NA;NA;45;43;"MS";0,5;0,5;50
3;2023;"> 12";NA;NA;NA;NA;NA;33;37;"MS";0,5;0,5;50
4;2023;"> 12";NA;NA;NA;NA;NA;29;18;"MS";0,5;0,5;50
5;2023;"> 12";NA;NA;NA;NA;NA;27;31;"MS";0,5;0,5;50
6;2023;"> 12";NA;NA;NA;NA;NA;29;33;"MS";0,5;0,5;50
7;2023;"> 12";NA;NA;NA;NA;NA;30;23;"MS";0,5;0,5;50
8;2023;"> 12";NA;NA;NA;NA;NA;31;34;"MS";0,5;0,5;50
9;2023;"> 12";NA;NA;NA;NA;NA;37;37;"MS";0,5;0,5;50
10;2023;"> 12";NA;NA;NA;NA;NA;46;40;"MS";0,5;0,5;50
11;2023;"> 12";NA;NA;NA;NA;NA;52;62;"MS";0,5;0,5;50
12;2023;"> 12";NA;NA;NA;NA;NA;56;54;"MS";0,5;0,5;50
13;2023;"> 12";NA;NA;NA;NA;NA;57;53;"MS";0,5;0,5;50
14;2023;"> 12";NA;NA;NA;NA;NA;59;64;"MS";0,5;0,5;50
15;2023;"> 12";NA;NA;NA;NA;NA;63;59;"MS";0,5;0,5;50
16;2023;"> 12";NA;NA;NA;NA;NA;59;67;"MS";0,5;0,5;50
17;2023;"> 12";NA;NA;NA;NA;NA;61;50;"MS";0,5;0,5;50
18;2023;"> 12";NA;NA;NA;NA;NA;55;65;"MS";0,5;0,5;50
19;2023;"> 12";NA;NA;NA;NA;NA;64;49;"MS";0,5;0,5;50
20;2023;"> 12";NA;NA;NA;NA;NA;68;78;"MS";0,5;0,5;50
21;2023;"> 12";NA;NA;NA;NA;NA;71;78;"MS";0,5;0,5;50
22;2023;"> 12";NA;NA;NA;NA;NA;60;56;"MS";0,5;0,5;50
23;2023;"> 12";NA;NA;NA;NA;NA;49;45;"MS";0,5;0,5;50
24;2023;"> 12";NA;NA;NA;NA;NA;53;45;"MS";0,5;0,5;50
25;2023;"> 12";NA;NA;NA;NA;NA;51;70;"MS";0,5;0,5;50
26;2023;"> 12";NA;NA;NA;NA;NA;55;37;"MS";0,5;0,5;50
27;2023;"> 12";NA;NA;NA;NA;NA;49;59;"MS";0,5;0,5;50
28;2023;"> 12";NA;NA;NA;NA;NA;53;52;"MS";0,5;0,5;50
29;2023;"> 12";NA;NA;NA;NA;NA;48;49;"MS";0,5;0,5;50
30;2023;"> 12";NA;NA;NA;NA;NA;46;44;"MS";0,5;0,5;50
31;2023;"> 12";NA;NA;NA;NA;NA;41;45;"MS";0,5;0,5;50
32;2023;"> 12";NA;NA;NA;NA;NA;37;33;"MS";0,5;0,5;50
33;2023;"> 12";NA;NA;NA;NA;NA;33;32;"MS";0,5;0,5;50
34;2023;"> 12";NA;NA;NA;NA;NA;34;33;"MS";0,5;0,5;50
35;2023;"> 12";NA;NA;NA;NA;NA;32;38;"MS";0,5;0,5;50
36;2023;"> 12";NA;NA;NA;NA;NA;33;25;"MS";0,5;0,5;50
37;2023;"> 12";NA;NA;NA;NA;NA;29;36;"MS";0,5;0,5;50
38;2023;"> 12";NA;NA;NA;NA;NA;30;25;"MS";0,5;0,5;50
39;2023;"> 12";NA;NA;NA;NA;NA;27;28;"MS";0,5;0,5;50
40;2023;"> 12";NA;NA;NA;NA;NA;29;28;"MS";0,5;0,5;50
41;2023;"> 12";NA;NA;NA;NA;NA;28;30;"MS";0,5;0,5;50
42;2023;"> 12";NA;NA;NA;NA;NA;26;26;"MS";0,5;0,5;50
43;2023;"> 12";NA;NA;NA;NA;NA;26;22;"MS";0,5;0,5;50
44;2023;"> 12";NA;NA;NA;NA;NA;31;31;"MS";0,5;0,5;50
45;2023;"> 12";NA;NA;NA;NA;NA;38;41;"MS";0,5;0,5;50
46;2023;"> 12";NA;NA;NA;NA;NA;38;42;"MS";0,5;0,5;50
47;2023;"> 12";NA;NA;NA;NA;NA;38;31;"MS";0,5;0,5;50
48;2023;"> 12";NA;NA;NA;NA;NA;33;42;"MS";0,5;0,5;50
49;2023;"> 12";NA;NA;NA;NA;NA;33;26;"MS";0,5;0,5;50
50;2023;"> 12";NA;NA;NA;NA;NA;28;30;"MS";0,5;0,5;50
51;2023;"> 12";NA;NA;NA;NA;NA;32;28;"MS";0,5;0,5;50
52;2023;"> 12";NA;NA;NA;NA;NA;37;38;"MS";0,5;0,5;50
1;2024;"> 12";NA;NA;NA;NA;NA;38;46;"MS";0,5;0,5;50
2;2024;"> 12";NA;NA;NA;NA;NA;39;31;"MS";0,5;0,5;50
3;2024;"> 12";NA;NA;NA;NA;NA;34;39;"MS";0,5;0,5;50
4;2024;"> 12";NA;NA;NA;NA;NA;38;31;"MS";0,5;0,5;50
5;2024;"> 12";NA;NA;NA;NA;NA;37;43;"MS";0,5;0,5;50
6;2024;"> 12";NA;NA;NA;NA;NA;40;38;"MS";0,5;0,5;50
7;2024;"> 12";NA;NA;NA;NA;NA;41;38;"MS";0,5;0,5;50
8;2024;"> 12";NA;NA;NA;NA;NA;42;48;"MS";0,5;0,5;50
9;2024;"> 12";NA;NA;NA;NA;NA;44;39;"MS";0,5;0,5;50
10;2024;"> 12";NA;NA;NA;NA;NA;41;44;"MS";0,5;0,5;50
11;2024;"> 12";NA;NA;NA;NA;NA;39;39;"MS";0,5;0,5;50
12;2024;"> 12";NA;NA;NA;NA;NA;34;34;"MS";0,5;0,5;50
13;2024;"> 12";NA;NA;NA;NA;NA;37;29;"MS";0,5;0,5;50
14;2024;"> 12";NA;NA;NA;NA;NA;42;48;"MS";0,5;0,5;50
15;2024;"> 12";NA;NA;NA;NA;NA;59;49;"MS";0,5;0,5;50
16;2024;"> 12";NA;NA;NA;NA;NA;71;81;"MS";0,5;0,5;50
17;2024;"> 12";NA;NA;NA;NA;NA;87;84;"MS";0,5;0,5;50
18;2024;"> 12";NA;NA;NA;NA;NA;90;95;"MS";0,5;0,5;50
19;2024;"> 12";NA;NA;NA;NA;NA;103;90;"MS";0,5;0,5;50
20;2024;"> 12";NA;NA;NA;NA;NA;95;123;"MS";0,5;0,5;50
21;2024;"> 12";NA;NA;NA;NA;NA;110;73;"MS";0,5;0,5;50
22;2024;"> 12";NA;NA;NA;NA;NA;108;135;"MS";0,5;0,5;50
23;2024;"> 12";NA;NA;NA;NA;NA;117;117;"MS";0,5;0,5;50
24;2024;"> 12";NA;NA;NA;NA;NA;97;99;"MS";0,5;0,5;50
25;2024;"> 12";NA;NA;NA;NA;NA;80;76;"MS";0,5;0,5;50
26;2024;"> 12";NA;NA;NA;NA;NA;68;65;"MS";0,5;0,5;50
27;2024;"> 12";NA;NA;NA;NA;NA;64;62;"MS";0,5;0,5;50
28;2024;"> 12";NA;NA;NA;NA;NA;70;66;"MS";0,5;0,5;50
29;2024;"> 12";NA;NA;NA;NA;NA;70;81;"MS";0,5;0,5;50
30;2024;"> 12";NA;NA;NA;NA;NA;67;64;"MS";0,5;0,5;50
31;2024;"> 12";NA;NA;NA;NA;NA;58;55;"MS";0,5;0,5;50
32;2024;"> 12";NA;NA;NA;NA;NA;54;55;"MS";0,5;0,5;50
33;2024;"> 12";NA;NA;NA;NA;NA;54;51;"MS";0,5;0,5;50
34;2024;"> 12";NA;NA;NA;NA;NA;59;56;"MS";0,5;0,5;50
35;2024;"> 12";NA;NA;NA;NA;NA;67;69;"MS";0,5;0,5;50
36;2024;"> 12";NA;NA;NA;NA;NA;74;77;"MS";0,5;0,5;50
37;2024;"> 12";NA;NA;NA;NA;NA;73;77;"MS";0,5;0,5;50
38;2024;"> 12";NA;NA;NA;NA;NA;61;66;"MS";0,5;0,5;50
39;2024;"> 12";NA;NA;NA;NA;NA;50;41;"MS";0,5;0,5;50
40;2024;"> 12";NA;NA;NA;NA;NA;46;44;"MS";0,5;0,5;50
41;2024;"> 12";NA;NA;NA;NA;NA;45;53;"MS";0,5;0,5;50
42;2024;"> 12";NA;NA;NA;NA;NA;44;39;"MS";0,5;0,5;50
43;2024;"> 12";NA;NA;NA;NA;NA;40;41;"MS";0,5;0,5;50
44;2024;"> 12";NA;NA;NA;NA;NA;41;39;"MS";0,5;0,5;50
45;2024;"> 12";NA;NA;NA;NA;NA;39;42;"MS";0,5;0,5;50
46;2024;"> 12";NA;NA;NA;NA;NA;40;35;"MS";0,5;0,5;50
47;2024;"> 12";NA;NA;NA;NA;NA;39;43;"MS";0,5;0,5;50
48;2024;"> 12";NA;NA;NA;NA;NA;40;38;"MS";0,5;0,5;50
49;2024;"> 12";NA;NA;NA;NA;NA;36;39;"MS";0,5;0,5;50
50;2024;"> 12";NA;NA;NA;NA;NA;37;32;"MS";0,5;0,5;50
51;2024;"> 12";NA;NA;NA;NA;NA;32;41;"MS";0,5;0,5;50
52;2024;"> 12";NA;NA;NA;NA;NA;40;22;"MS";0,5;0,5;50
1;2025;"> 12";NA;NA;NA;NA;NA;43;56;"MS";0,5;0,5;50
2;2025;"> 12";NA;NA;NA;NA;NA;48;51;"MS";0,5;0,5;50
3;2025;"> 12";NA;NA;NA;NA;NA;42;38;"MS";0,5;0,5;50
4;2025;"> 12";NA;NA;NA;NA;NA;34;36;"MS";0,5;0,5;50
5;2025;"> 12";NA;NA;NA;NA;NA;34;28;"MS";0,5;0,5;50
6;2025;"> 12";NA;NA;NA;NA;NA;44;39;"MS";0,5;0,5;50
7;2025;"> 12";NA;NA;NA;NA;NA;45;65;"MS";0,5;0,5;50
8;2025;"> 12";NA;NA;NA;NA;NA;45;31;"MS";0,5;0,5;50
9;2025;"> 12";NA;NA;NA;NA;NA;39;39;"MS";0,5;0,5;50
10;2025;"> 12";NA;NA;NA;NA;NA;46;46;"MS";0,5;0,5;50
11;2025;"> 12";NA;NA;NA;NA;NA;55;53;"MS";0,5;0,5;50
12;2025;"> 12";NA;NA;NA;NA;NA;65;67;"MS";0,5;0,5;50
13;2025;"> 12";NA;NA;NA;NA;NA;89;76;"MS";0,5;0,5;50
14;2025;"> 12";NA;NA;NA;NA;NA;118;124;"MS";0,5;0,5;50
15;2025;"> 12";NA;NA;NA;NA;NA;150;154;"MS";0,5;0,5;50
16;2025;"> 12";NA;NA;NA;NA;NA;189;173;"MS";0,5;0,5;50
17;2025;"> 12";NA;NA;NA;NA;NA;218;239;"MS";0,5;0,5;50
18;2025;"> 12";NA;NA;NA;NA;NA;236;242;"MS";0,5;0,5;50
19;2025;"> 12";NA;NA;NA;NA;NA;215;226;"MS";0,5;0,5;50
20;2025;"> 12";NA;NA;NA;NA;NA;180;176;"MS";0,5;0,5;50
21;2025;"> 12";NA;NA;NA;NA;NA;145;137;"MS";0,5;0,5;50
22;2025;"> 12";NA;NA;NA;NA;NA;136;121;"MS";0,5;0,5;50
23;2025;"> 12";NA;NA;NA;NA;NA;132;149;"MS";0,5;0,5;50
24;2025;"> 12";NA;NA;NA;NA;NA;127;127;"MS";0,5;0,5;50
25;2025;"> 12";NA;NA;NA;NA;NA;106;106;"MS";0,5;0,5;50
26;2025;"> 12";NA;NA;NA;NA;NA;99;84;"MS";0,5;0,5;50
27;2025;"> 12";NA;NA;NA;NA;NA;99;107;"MS";0,5;0,5;50
28;2025;"> 12";NA;NA;NA;NA;NA;104;105;"MS";0,5;0,5;50
29;2025;"> 12";NA;NA;NA;NA;NA;105;100;"MS";0,5;0,5;50
30;2025;"> 12";NA;NA;NA;NA;NA;91;110;"MS";0,5;0,5;50
31;2025;"> 12";NA;NA;NA;NA;NA;77;63;"MS";0,5;0,5;50
32;2025;"> 12";NA;NA;NA;NA;NA;72;59;"MS";0,5;0,5;50
33;2025;"> 12";NA;NA;NA;NA;NA;77;95;"MS";0,5;0,5;50
34;2025;"> 12";NA;NA;NA;NA;NA;77;78;"MS";0,5;0,5;50
35;2025;"> 12";NA;NA;NA;NA;NA;68;59;"MS";0,5;0,5;50
36;2025;"> 12";NA;NA;NA;NA;NA;65;66;"MS";0,5;0,5;50
37;2025;"> 12";NA;NA;NA;NA;NA;65;70;"MS";0,5;0,5;50
38;2025;"> 12";NA;NA;NA;NA;NA;59;59;"MS";0,5;0,5;50
39;2025;"> 12";NA;NA;NA;NA;NA;50;49;"MS";0,5;0,5;50
40;2025;"> 12";NA;NA;NA;NA;NA;44;41;"MS";0,5;0,5;50
41;2025;"> 12";NA;NA;NA;NA;NA;45;43;"MS";0,5;0,5;50
42;2025;"> 12";NA;NA;NA;NA;NA;45;50;"MS";0,5;0,5;50
43;2025;"> 12";NA;NA;NA;NA;NA;50;42;"MS";0,5;0,5;50
44;2025;"> 12";NA;NA;NA;NA;NA;47;57;"MS";0,5;0,5;50
45;2025;"> 12";NA;NA;NA;NA;NA;50;42;"MS";0,5;0,5;50
46;2025;"> 12";NA;NA;NA;NA;NA;46;52;"MS";0,5;0,5;50
47;2025;"> 12";NA;NA;NA;NA;NA;54;45;"MS";0,5;0,5;50
48;2025;"> 12";NA;NA;NA;NA;NA;52;65;"MS";0,5;0,5;50
49;2025;"> 12";NA;NA;NA;NA;NA;54;45;"MS";0,5;0,5;50
50;2025;"> 12";NA;NA;NA;NA;NA;49;52;"MS";0,5;0,5;50
51;2025;"> 12";NA;NA;NA;NA;NA;48;51;"MS";0,5;0,5;50
52;2025;"> 12";NA;NA;NA;NA;NA;50;40;"MS";0,5;0,5;50
53;2025;"> 12";NA;NA;NA;NA;NA;53;60;"MS";0,5;0,5;50
1;2026;"> 12";NA;NA;NA;NA;NA;54;60;"MS";0,5;0,5;50
2;2026;"> 12";NA;NA;NA;NA;NA;49;41;"MS";0,5;0,5;50
3;2026;"> 12";NA;NA;NA;NA;NA;45;45;"MS";0,5;0,5;50
4;2026;"> 12";NA;NA;NA;NA;NA;48;49;"MS";0,5;0,5;50
5;2026;"> 12";NA;NA;NA;NA;NA;45;49;"MS";0,5;0,5;50
6;2026;"> 12";NA;NA;NA;NA;NA;44;37;"MS";0,5;0,5;50
7;2026;"> 12";NA;NA;NA;NA;NA;43;47;"MS";0,5;0,5;50
8;2026;"> 12";NA;NA;NA;NA;NA;48;46;"MS";0,5;0,5;50
9;2026;"> 12";NA;NA;NA;NA;NA;49;51;"MS";0,5;0,5;50
10;2026;"> 12";49;50;49;49;49;57;49;"MS";0,5;0,5;50
11;2026;"> 12";72;74;72;73;72;60;73;"MS";0,5;0,5;50
12;2026;"> 12";59;62;59;60;59;65;59;"MS";0,5;0,5;50
13;2026;"> 12";64;68;63;65;63;66;65;"MS";0,5;0,5;50
14;2026;"> 12";76;80;74;77;75;73;77;"MS";0,5;0,5;50
15;2026;"> 12";80;85;77;82;79;80;77;"MS";0,5;0,5;50
16;2026;"> 12";84;91;79;86;82;80;79;"MS";0,5;0,5;50
17;2026;"> 12";77;90;69;81;74;81;67;"MS";0,5;0,5;50
18;2026;"> 12";82;108,025;65;90;75;83;67;"MS";0,5;0,5;50
19;2026;"> 12";89;166;51;108,25;74;NA;49;"MS";0,5;0,5;50
1;2022;"> 12";NA;NA;NA;NA;NA;NA;194;"MT";0;-0,5;51
2;2022;"> 12";NA;NA;NA;NA;NA;190;183;"MT";0;-0,5;51
3;2022;"> 12";NA;NA;NA;NA;NA;176;194;"MT";0;-0,5;51
4;2022;"> 12";NA;NA;NA;NA;NA;151;150;"MT";0;-0,5;51
5;2022;"> 12";NA;NA;NA;NA;NA;111;109;"MT";0;-0,5;51
6;2022;"> 12";NA;NA;NA;NA;NA;75;75;"MT";0;-0,5;51
7;2022;"> 12";NA;NA;NA;NA;NA;46;41;"MT";0;-0,5;51
8;2022;"> 12";NA;NA;NA;NA;NA;26;23;"MT";0;-0,5;51
9;2022;"> 12";NA;NA;NA;NA;NA;19;14;"MT";0;-0,5;51
10;2022;"> 12";NA;NA;NA;NA;NA;15;19;"MT";0;-0,5;51
11;2022;"> 12";NA;NA;NA;NA;NA;16;13;"MT";0;-0,5;51
12;2022;"> 12";NA;NA;NA;NA;NA;13;15;"MT";0;-0,5;51
13;2022;"> 12";NA;NA;NA;NA;NA;13;10;"MT";0;-0,5;51
14;2022;"> 12";NA;NA;NA;NA;NA;11;13;"MT";0;-0,5;51
15;2022;"> 12";NA;NA;NA;NA;NA;10;11;"MT";0;-0,5;51
16;2022;"> 12";NA;NA;NA;NA;NA;9;7;"MT";0;-0,5;51
17;2022;"> 12";NA;NA;NA;NA;NA;9;10;"MT";0;-0,5;51
18;2022;"> 12";NA;NA;NA;NA;NA;13;10;"MT";0;-0,5;51
19;2022;"> 12";NA;NA;NA;NA;NA;13;20;"MT";0;-0,5;51
20;2022;"> 12";NA;NA;NA;NA;NA;20;9;"MT";0;-0,5;51
21;2022;"> 12";NA;NA;NA;NA;NA;22;30;"MT";0;-0,5;51
22;2022;"> 12";NA;NA;NA;NA;NA;29;26;"MT";0;-0,5;51
23;2022;"> 12";NA;NA;NA;NA;NA;32;30;"MT";0;-0,5;51
24;2022;"> 12";NA;NA;NA;NA;NA;37;41;"MT";0;-0,5;51
25;2022;"> 12";NA;NA;NA;NA;NA;43;40;"MT";0;-0,5;51
26;2022;"> 12";NA;NA;NA;NA;NA;41;49;"MT";0;-0,5;51
27;2022;"> 12";NA;NA;NA;NA;NA;42;34;"MT";0;-0,5;51
28;2022;"> 12";NA;NA;NA;NA;NA;37;43;"MT";0;-0,5;51
29;2022;"> 12";NA;NA;NA;NA;NA;33;33;"MT";0;-0,5;51
30;2022;"> 12";NA;NA;NA;NA;NA;21;22;"MT";0;-0,5;51
31;2022;"> 12";NA;NA;NA;NA;NA;12;7;"MT";0;-0,5;51
32;2022;"> 12";NA;NA;NA;NA;NA;8;7;"MT";0;-0,5;51
33;2022;"> 12";NA;NA;NA;NA;NA;6;10;"MT";0;-0,5;51
34;2022;"> 12";NA;NA;NA;NA;NA;5;1;"MT";0;-0,5;51
35;2022;"> 12";NA;NA;NA;NA;NA;2;3;"MT";0;-0,5;51
36;2022;"> 12";NA;NA;NA;NA;NA;2;2;"MT";0;-0,5;51
37;2022;"> 12";NA;NA;NA;NA;NA;2;2;"MT";0;-0,5;51
38;2022;"> 12";NA;NA;NA;NA;NA;2;1;"MT";0;-0,5;51
39;2022;"> 12";NA;NA;NA;NA;NA;2;3;"MT";0;-0,5;51
40;2022;"> 12";NA;NA;NA;NA;NA;2;1;"MT";0;-0,5;51
41;2022;"> 12";NA;NA;NA;NA;NA;1;2;"MT";0;-0,5;51
42;2022;"> 12";NA;NA;NA;NA;NA;1;1;"MT";0;-0,5;51
43;2022;"> 12";NA;NA;NA;NA;NA;1;1;"MT";0;-0,5;51
44;2022;"> 12";NA;NA;NA;NA;NA;3;1;"MT";0;-0,5;51
45;2022;"> 12";NA;NA;NA;NA;NA;3;6;"MT";0;-0,5;51
46;2022;"> 12";NA;NA;NA;NA;NA;7;2;"MT";0;-0,5;51
47;2022;"> 12";NA;NA;NA;NA;NA;11;12;"MT";0;-0,5;51
48;2022;"> 12";NA;NA;NA;NA;NA;17;19;"MT";0;-0,5;51
49;2022;"> 12";NA;NA;NA;NA;NA;19;19;"MT";0;-0,5;51
50;2022;"> 12";NA;NA;NA;NA;NA;20;20;"MT";0;-0,5;51
51;2022;"> 12";NA;NA;NA;NA;NA;21;22;"MT";0;-0,5;51
52;2022;"> 12";NA;NA;NA;NA;NA;19;22;"MT";0;-0,5;51
1;2023;"> 12";NA;NA;NA;NA;NA;15;12;"MT";0;-0,5;51
2;2023;"> 12";NA;NA;NA;NA;NA;9;10;"MT";0;-0,5;51
3;2023;"> 12";NA;NA;NA;NA;NA;6;6;"MT";0;-0,5;51
4;2023;"> 12";NA;NA;NA;NA;NA;5;3;"MT";0;-0,5;51
5;2023;"> 12";NA;NA;NA;NA;NA;4;5;"MT";0;-0,5;51
6;2023;"> 12";NA;NA;NA;NA;NA;5;3;"MT";0;-0,5;51
7;2023;"> 12";NA;NA;NA;NA;NA;6;6;"MT";0;-0,5;51
8;2023;"> 12";NA;NA;NA;NA;NA;9;9;"MT";0;-0,5;51
9;2023;"> 12";NA;NA;NA;NA;NA;9;11;"MT";0;-0,5;51
10;2023;"> 12";NA;NA;NA;NA;NA;7;8;"MT";0;-0,5;51
11;2023;"> 12";NA;NA;NA;NA;NA;9;2;"MT";0;-0,5;51
12;2023;"> 12";NA;NA;NA;NA;NA;12;18;"MT";0;-0,5;51
13;2023;"> 12";NA;NA;NA;NA;NA;19;17;"MT";0;-0,5;51
14;2023;"> 12";NA;NA;NA;NA;NA;20;22;"MT";0;-0,5;51
15;2023;"> 12";NA;NA;NA;NA;NA;20;20;"MT";0;-0,5;51
16;2023;"> 12";NA;NA;NA;NA;NA;16;17;"MT";0;-0,5;51
17;2023;"> 12";NA;NA;NA;NA;NA;15;12;"MT";0;-0,5;51
18;2023;"> 12";NA;NA;NA;NA;NA;15;15;"MT";0;-0,5;51
19;2023;"> 12";NA;NA;NA;NA;NA;19;18;"MT";0;-0,5;51
20;2023;"> 12";NA;NA;NA;NA;NA;19;23;"MT";0;-0,5;51
21;2023;"> 12";NA;NA;NA;NA;NA;16;17;"MT";0;-0,5;51
22;2023;"> 12";NA;NA;NA;NA;NA;13;8;"MT";0;-0,5;51
23;2023;"> 12";NA;NA;NA;NA;NA;13;15;"MT";0;-0,5;51
24;2023;"> 12";NA;NA;NA;NA;NA;13;16;"MT";0;-0,5;51
25;2023;"> 12";NA;NA;NA;NA;NA;11;7;"MT";0;-0,5;51
26;2023;"> 12";NA;NA;NA;NA;NA;8;9;"MT";0;-0,5;51
27;2023;"> 12";NA;NA;NA;NA;NA;9;7;"MT";0;-0,5;51
28;2023;"> 12";NA;NA;NA;NA;NA;7;11;"MT";0;-0,5;51
29;2023;"> 12";NA;NA;NA;NA;NA;6;4;"MT";0;-0,5;51
30;2023;"> 12";NA;NA;NA;NA;NA;3;4;"MT";0;-0,5;51
31;2023;"> 12";NA;NA;NA;NA;NA;4;2;"MT";0;-0,5;51
32;2023;"> 12";NA;NA;NA;NA;NA;5;5;"MT";0;-0,5;51
33;2023;"> 12";NA;NA;NA;NA;NA;6;8;"MT";0;-0,5;51
34;2023;"> 12";NA;NA;NA;NA;NA;5;5;"MT";0;-0,5;51
36;2023;"> 12";NA;NA;NA;NA;NA;4;3;"MT";0;-0,5;51
37;2023;"> 12";NA;NA;NA;NA;NA;4;5;"MT";0;-0,5;51
39;2023;"> 12";NA;NA;NA;NA;NA;3;3;"MT";0;-0,5;51
40;2023;"> 12";NA;NA;NA;NA;NA;2;1;"MT";0;-0,5;51
41;2023;"> 12";NA;NA;NA;NA;NA;1;1;"MT";0;-0,5;51
42;2023;"> 12";NA;NA;NA;NA;NA;1;1;"MT";0;-0,5;51
43;2023;"> 12";NA;NA;NA;NA;NA;2;2;"MT";0;-0,5;51
45;2023;"> 12";NA;NA;NA;NA;NA;3;4;"MT";0;-0,5;51
46;2023;"> 12";NA;NA;NA;NA;NA;3;2;"MT";0;-0,5;51
47;2023;"> 12";NA;NA;NA;NA;NA;5;4;"MT";0;-0,5;51
48;2023;"> 12";NA;NA;NA;NA;NA;6;9;"MT";0;-0,5;51
49;2023;"> 12";NA;NA;NA;NA;NA;5;5;"MT";0;-0,5;51
50;2023;"> 12";NA;NA;NA;NA;NA;3;1;"MT";0;-0,5;51
51;2023;"> 12";NA;NA;NA;NA;NA;3;3;"MT";0;-0,5;51
52;2023;"> 12";NA;NA;NA;NA;NA;4;4;"MT";0;-0,5;51
1;2024;"> 12";NA;NA;NA;NA;NA;7;5;"MT";0;-0,5;51
2;2024;"> 12";NA;NA;NA;NA;NA;10;12;"MT";0;-0,5;51
3;2024;"> 12";NA;NA;NA;NA;NA;13;13;"MT";0;-0,5;51
4;2024;"> 12";NA;NA;NA;NA;NA;15;13;"MT";0;-0,5;51
5;2024;"> 12";NA;NA;NA;NA;NA;14;18;"MT";0;-0,5;51
6;2024;"> 12";NA;NA;NA;NA;NA;12;12;"MT";0;-0,5;51
7;2024;"> 12";NA;NA;NA;NA;NA;12;7;"MT";0;-0,5;51
8;2024;"> 12";NA;NA;NA;NA;NA;10;17;"MT";0;-0,5;51
9;2024;"> 12";NA;NA;NA;NA;NA;9;6;"MT";0;-0,5;51
10;2024;"> 12";NA;NA;NA;NA;NA;5;4;"MT";0;-0,5;51
11;2024;"> 12";NA;NA;NA;NA;NA;3;4;"MT";0;-0,5;51
12;2024;"> 12";NA;NA;NA;NA;NA;3;2;"MT";0;-0,5;51
13;2024;"> 12";NA;NA;NA;NA;NA;7;3;"MT";0;-0,5;51
14;2024;"> 12";NA;NA;NA;NA;NA;9;15;"MT";0;-0,5;51
15;2024;"> 12";NA;NA;NA;NA;NA;13;8;"MT";0;-0,5;51
16;2024;"> 12";NA;NA;NA;NA;NA;15;15;"MT";0;-0,5;51
17;2024;"> 12";NA;NA;NA;NA;NA;18;22;"MT";0;-0,5;51
18;2024;"> 12";NA;NA;NA;NA;NA;18;18;"MT";0;-0,5;51
19;2024;"> 12";NA;NA;NA;NA;NA;16;14;"MT";0;-0,5;51
20;2024;"> 12";NA;NA;NA;NA;NA;13;15;"MT";0;-0,5;51
21;2024;"> 12";NA;NA;NA;NA;NA;10;9;"MT";0;-0,5;51
22;2024;"> 12";NA;NA;NA;NA;NA;9;5;"MT";0;-0,5;51
23;2024;"> 12";NA;NA;NA;NA;NA;7;12;"MT";0;-0,5;51
24;2024;"> 12";NA;NA;NA;NA;NA;10;3;"MT";0;-0,5;51
25;2024;"> 12";NA;NA;NA;NA;NA;8;14;"MT";0;-0,5;51
26;2024;"> 12";NA;NA;NA;NA;NA;10;7;"MT";0;-0,5;51
27;2024;"> 12";NA;NA;NA;NA;NA;7;8;"MT";0;-0,5;51
28;2024;"> 12";NA;NA;NA;NA;NA;7;5;"MT";0;-0,5;51
29;2024;"> 12";NA;NA;NA;NA;NA;6;7;"MT";0;-0,5;51
30;2024;"> 12";NA;NA;NA;NA;NA;6;6;"MT";0;-0,5;51
31;2024;"> 12";NA;NA;NA;NA;NA;5;6;"MT";0;-0,5;51
32;2024;"> 12";NA;NA;NA;NA;NA;7;2;"MT";0;-0,5;51
33;2024;"> 12";NA;NA;NA;NA;NA;8;12;"MT";0;-0,5;51
34;2024;"> 12";NA;NA;NA;NA;NA;12;10;"MT";0;-0,5;51
35;2024;"> 12";NA;NA;NA;NA;NA;12;14;"MT";0;-0,5;51
36;2024;"> 12";NA;NA;NA;NA;NA;13;12;"MT";0;-0,5;51
37;2024;"> 12";NA;NA;NA;NA;NA;13;12;"MT";0;-0,5;51
38;2024;"> 12";NA;NA;NA;NA;NA;11;14;"MT";0;-0,5;51
39;2024;"> 12";NA;NA;NA;NA;NA;10;6;"MT";0;-0,5;51
40;2024;"> 12";NA;NA;NA;NA;NA;11;10;"MT";0;-0,5;51
41;2024;"> 12";NA;NA;NA;NA;NA;13;18;"MT";0;-0,5;51
42;2024;"> 12";NA;NA;NA;NA;NA;14;10;"MT";0;-0,5;51
43;2024;"> 12";NA;NA;NA;NA;NA;9;13;"MT";0;-0,5;51
44;2024;"> 12";NA;NA;NA;NA;NA;8;4;"MT";0;-0,5;51
45;2024;"> 12";NA;NA;NA;NA;NA;6;6;"MT";0;-0,5;51
46;2024;"> 12";NA;NA;NA;NA;NA;10;8;"MT";0;-0,5;51
47;2024;"> 12";NA;NA;NA;NA;NA;9;16;"MT";0;-0,5;51
48;2024;"> 12";NA;NA;NA;NA;NA;9;4;"MT";0;-0,5;51
49;2024;"> 12";NA;NA;NA;NA;NA;6;7;"MT";0;-0,5;51
50;2024;"> 12";NA;NA;NA;NA;NA;7;6;"MT";0;-0,5;51
51;2024;"> 12";NA;NA;NA;NA;NA;8;9;"MT";0;-0,5;51
52;2024;"> 12";NA;NA;NA;NA;NA;8;8;"MT";0;-0,5;51
1;2025;"> 12";NA;NA;NA;NA;NA;8;8;"MT";0;-0,5;51
2;2025;"> 12";NA;NA;NA;NA;NA;8;8;"MT";0;-0,5;51
3;2025;"> 12";NA;NA;NA;NA;NA;12;9;"MT";0;-0,5;51
4;2025;"> 12";NA;NA;NA;NA;NA;14;20;"MT";0;-0,5;51
5;2025;"> 12";NA;NA;NA;NA;NA;16;14;"MT";0;-0,5;51
6;2025;"> 12";NA;NA;NA;NA;NA;14;14;"MT";0;-0,5;51
7;2025;"> 12";NA;NA;NA;NA;NA;13;13;"MT";0;-0,5;51
8;2025;"> 12";NA;NA;NA;NA;NA;13;11;"MT";0;-0,5;51
9;2025;"> 12";NA;NA;NA;NA;NA;13;14;"MT";0;-0,5;51
10;2025;"> 12";NA;NA;NA;NA;NA;14;13;"MT";0;-0,5;51
11;2025;"> 12";NA;NA;NA;NA;NA;13;14;"MT";0;-0,5;51
12;2025;"> 12";NA;NA;NA;NA;NA;13;11;"MT";0;-0,5;51
13;2025;"> 12";NA;NA;NA;NA;NA;17;14;"MT";0;-0,5;51
14;2025;"> 12";NA;NA;NA;NA;NA;19;26;"MT";0;-0,5;51
15;2025;"> 12";NA;NA;NA;NA;NA;24;18;"MT";0;-0,5;51
16;2025;"> 12";NA;NA;NA;NA;NA;23;27;"MT";0;-0,5;51
17;2025;"> 12";NA;NA;NA;NA;NA;29;24;"MT";0;-0,5;51
18;2025;"> 12";NA;NA;NA;NA;NA;33;36;"MT";0;-0,5;51
19;2025;"> 12";NA;NA;NA;NA;NA;41;38;"MT";0;-0,5;51
20;2025;"> 12";NA;NA;NA;NA;NA;42;50;"MT";0;-0,5;51
21;2025;"> 12";NA;NA;NA;NA;NA;44;38;"MT";0;-0,5;51
22;2025;"> 12";NA;NA;NA;NA;NA;43;43;"MT";0;-0,5;51
23;2025;"> 12";NA;NA;NA;NA;NA;49;49;"MT";0;-0,5;51
24;2025;"> 12";NA;NA;NA;NA;NA;44;56;"MT";0;-0,5;51
25;2025;"> 12";NA;NA;NA;NA;NA;36;26;"MT";0;-0,5;51
26;2025;"> 12";NA;NA;NA;NA;NA;26;25;"MT";0;-0,5;51
27;2025;"> 12";NA;NA;NA;NA;NA;29;26;"MT";0;-0,5;51
28;2025;"> 12";NA;NA;NA;NA;NA;29;35;"MT";0;-0,5;51
29;2025;"> 12";NA;NA;NA;NA;NA;30;27;"MT";0;-0,5;51
30;2025;"> 12";NA;NA;NA;NA;NA;23;28;"MT";0;-0,5;51
31;2025;"> 12";NA;NA;NA;NA;NA;20;13;"MT";0;-0,5;51
32;2025;"> 12";NA;NA;NA;NA;NA;21;18;"MT";0;-0,5;51
33;2025;"> 12";NA;NA;NA;NA;NA;23;32;"MT";0;-0,5;51
34;2025;"> 12";NA;NA;NA;NA;NA;24;18;"MT";0;-0,5;51
35;2025;"> 12";NA;NA;NA;NA;NA;20;21;"MT";0;-0,5;51
36;2025;"> 12";NA;NA;NA;NA;NA;20;22;"MT";0;-0,5;51
37;2025;"> 12";NA;NA;NA;NA;NA;19;17;"MT";0;-0,5;51
38;2025;"> 12";NA;NA;NA;NA;NA;17;19;"MT";0;-0,5;51
39;2025;"> 12";NA;NA;NA;NA;NA;17;14;"MT";0;-0,5;51
40;2025;"> 12";NA;NA;NA;NA;NA;15;17;"MT";0;-0,5;51
41;2025;"> 12";NA;NA;NA;NA;NA;13;13;"MT";0;-0,5;51
42;2025;"> 12";NA;NA;NA;NA;NA;11;8;"MT";0;-0,5;51
43;2025;"> 12";NA;NA;NA;NA;NA;11;13;"MT";0;-0,5;51
44;2025;"> 12";NA;NA;NA;NA;NA;11;11;"MT";0;-0,5;51
45;2025;"> 12";NA;NA;NA;NA;NA;10;10;"MT";0;-0,5;51
46;2025;"> 12";NA;NA;NA;NA;NA;8;10;"MT";0;-0,5;51
47;2025;"> 12";NA;NA;NA;NA;NA;7;5;"MT";0;-0,5;51
48;2025;"> 12";NA;NA;NA;NA;NA;8;7;"MT";0;-0,5;51
49;2025;"> 12";NA;NA;NA;NA;NA;10;13;"MT";0;-0,5;51
50;2025;"> 12";NA;NA;NA;NA;NA;13;11;"MT";0;-0,5;51
51;2025;"> 12";NA;NA;NA;NA;NA;11;16;"MT";0;-0,5;51
52;2025;"> 12";NA;NA;NA;NA;NA;10;6;"MT";0;-0,5;51
53;2025;"> 12";NA;NA;NA;NA;NA;8;9;"MT";0;-0,5;51
1;2026;"> 12";NA;NA;NA;NA;NA;11;9;"MT";0;-0,5;51
2;2026;"> 12";NA;NA;NA;NA;NA;10;14;"MT";0;-0,5;51
3;2026;"> 12";NA;NA;NA;NA;NA;9;8;"MT";0;-0,5;51
4;2026;"> 12";NA;NA;NA;NA;NA;7;6;"MT";0;-0,5;51
5;2026;"> 12";NA;NA;NA;NA;NA;7;6;"MT";0;-0,5;51
6;2026;"> 12";NA;NA;NA;NA;NA;9;10;"MT";0;-0,5;51
7;2026;"> 12";11;12;11;11;11;14;11;"MT";0;-0,5;51
8;2026;"> 12";20;22;20;20;20;16;21;"MT";0;-0,5;51
9;2026;"> 12";18;20;18;18;18;20;18;"MT";0;-0,5;51
10;2026;"> 12";23;25;23;24;23;23;23;"MT";0;-0,5;51
11;2026;"> 12";27;30;27;28;27;29;28;"MT";0;-0,5;51
12;2026;"> 12";37;39;36;37;36;35;36;"MT";0;-0,5;51
13;2026;"> 12";40;43;39;41;39;39;41;"MT";0;-0,5;51
14;2026;"> 12";40;45;38;42;39;35;39;"MT";0;-0,5;51
15;2026;"> 12";25;31;22;27;24;30;22;"MT";0;-0,5;51
16;2026;"> 12";25;30;21;26;24;23;24;"MT";0;-0,5;51
17;2026;"> 12";19;26;14;21;17;20;15;"MT";0;-0,5;51
18;2026;"> 12";17;27;11;20;14;16;11;"MT";0;-0,5;51
19;2026;"> 12";13;29,025;4;18;10;NA;9;"MT";0;-0,5;51
1;2022;"> 12";NA;NA;NA;NA;NA;NA;379;"PA";0,5;1;15
2;2022;"> 12";NA;NA;NA;NA;NA;341;322;"PA";0,5;1;15
3;2022;"> 12";NA;NA;NA;NA;NA;321;323;"PA";0,5;1;15
4;2022;"> 12";NA;NA;NA;NA;NA;304;319;"PA";0,5;1;15
5;2022;"> 12";NA;NA;NA;NA;NA;239;271;"PA";0,5;1;15
6;2022;"> 12";NA;NA;NA;NA;NA;160;126;"PA";0,5;1;15
7;2022;"> 12";NA;NA;NA;NA;NA;90;83;"PA";0,5;1;15
8;2022;"> 12";NA;NA;NA;NA;NA;60;61;"PA";0,5;1;15
9;2022;"> 12";NA;NA;NA;NA;NA;41;37;"PA";0,5;1;15
10;2022;"> 12";NA;NA;NA;NA;NA;28;25;"PA";0,5;1;15
11;2022;"> 12";NA;NA;NA;NA;NA;26;22;"PA";0,5;1;15
12;2022;"> 12";NA;NA;NA;NA;NA;28;32;"PA";0,5;1;15
13;2022;"> 12";NA;NA;NA;NA;NA;29;30;"PA";0,5;1;15
14;2022;"> 12";NA;NA;NA;NA;NA;27;24;"PA";0,5;1;15
15;2022;"> 12";NA;NA;NA;NA;NA;26;28;"PA";0,5;1;15
16;2022;"> 12";NA;NA;NA;NA;NA;26;27;"PA";0,5;1;15
17;2022;"> 12";NA;NA;NA;NA;NA;25;23;"PA";0,5;1;15
18;2022;"> 12";NA;NA;NA;NA;NA;26;24;"PA";0,5;1;15
19;2022;"> 12";NA;NA;NA;NA;NA;25;31;"PA";0,5;1;15
20;2022;"> 12";NA;NA;NA;NA;NA;27;20;"PA";0,5;1;15
21;2022;"> 12";NA;NA;NA;NA;NA;29;29;"PA";0,5;1;15
22;2022;"> 12";NA;NA;NA;NA;NA;35;38;"PA";0,5;1;15
23;2022;"> 12";NA;NA;NA;NA;NA;35;37;"PA";0,5;1;15
24;2022;"> 12";NA;NA;NA;NA;NA;43;30;"PA";0,5;1;15
25;2022;"> 12";NA;NA;NA;NA;NA;58;62;"PA";0,5;1;15
26;2022;"> 12";NA;NA;NA;NA;NA;85;83;"PA";0,5;1;15
27;2022;"> 12";NA;NA;NA;NA;NA;111;110;"PA";0,5;1;15
28;2022;"> 12";NA;NA;NA;NA;NA;115;141;"PA";0,5;1;15
29;2022;"> 12";NA;NA;NA;NA;NA;97;95;"PA";0,5;1;15
30;2022;"> 12";NA;NA;NA;NA;NA;63;56;"PA";0,5;1;15
31;2022;"> 12";NA;NA;NA;NA;NA;42;38;"PA";0,5;1;15
32;2022;"> 12";NA;NA;NA;NA;NA;29;31;"PA";0,5;1;15
33;2022;"> 12";NA;NA;NA;NA;NA;23;17;"PA";0,5;1;15
34;2022;"> 12";NA;NA;NA;NA;NA;19;20;"PA";0,5;1;15
35;2022;"> 12";NA;NA;NA;NA;NA;18;19;"PA";0,5;1;15
36;2022;"> 12";NA;NA;NA;NA;NA;16;14;"PA";0,5;1;15
37;2022;"> 12";NA;NA;NA;NA;NA;13;14;"PA";0,5;1;15
38;2022;"> 12";NA;NA;NA;NA;NA;13;12;"PA";0,5;1;15
39;2022;"> 12";NA;NA;NA;NA;NA;15;14;"PA";0,5;1;15
40;2022;"> 12";NA;NA;NA;NA;NA;17;19;"PA";0,5;1;15
41;2022;"> 12";NA;NA;NA;NA;NA;19;17;"PA";0,5;1;15
42;2022;"> 12";NA;NA;NA;NA;NA;19;21;"PA";0,5;1;15
43;2022;"> 12";NA;NA;NA;NA;NA;21;18;"PA";0,5;1;15
44;2022;"> 12";NA;NA;NA;NA;NA;21;24;"PA";0,5;1;15
45;2022;"> 12";NA;NA;NA;NA;NA;24;21;"PA";0,5;1;15
46;2022;"> 12";NA;NA;NA;NA;NA;24;28;"PA";0,5;1;15
47;2022;"> 12";NA;NA;NA;NA;NA;27;24;"PA";0,5;1;15
48;2022;"> 12";NA;NA;NA;NA;NA;27;30;"PA";0,5;1;15
49;2022;"> 12";NA;NA;NA;NA;NA;25;26;"PA";0,5;1;15
50;2022;"> 12";NA;NA;NA;NA;NA;23;19;"PA";0,5;1;15
51;2022;"> 12";NA;NA;NA;NA;NA;21;24;"PA";0,5;1;15
52;2022;"> 12";NA;NA;NA;NA;NA;24;19;"PA";0,5;1;15
1;2023;"> 12";NA;NA;NA;NA;NA;23;30;"PA";0,5;1;15
2;2023;"> 12";NA;NA;NA;NA;NA;22;19;"PA";0,5;1;15
3;2023;"> 12";NA;NA;NA;NA;NA;19;17;"PA";0,5;1;15
4;2023;"> 12";NA;NA;NA;NA;NA;22;22;"PA";0,5;1;15
5;2023;"> 12";NA;NA;NA;NA;NA;24;28;"PA";0,5;1;15
6;2023;"> 12";NA;NA;NA;NA;NA;26;23;"PA";0,5;1;15
7;2023;"> 12";NA;NA;NA;NA;NA;31;28;"PA";0,5;1;15
8;2023;"> 12";NA;NA;NA;NA;NA;40;42;"PA";0,5;1;15
9;2023;"> 12";NA;NA;NA;NA;NA;43;51;"PA";0,5;1;15
10;2023;"> 12";NA;NA;NA;NA;NA;37;35;"PA";0,5;1;15
11;2023;"> 12";NA;NA;NA;NA;NA;31;26;"PA";0,5;1;15
12;2023;"> 12";NA;NA;NA;NA;NA;33;32;"PA";0,5;1;15
13;2023;"> 12";NA;NA;NA;NA;NA;37;41;"PA";0,5;1;15
14;2023;"> 12";NA;NA;NA;NA;NA;39;37;"PA";0,5;1;15
15;2023;"> 12";NA;NA;NA;NA;NA;35;38;"PA";0,5;1;15
16;2023;"> 12";NA;NA;NA;NA;NA;34;31;"PA";0,5;1;15
17;2023;"> 12";NA;NA;NA;NA;NA;31;33;"PA";0,5;1;15
18;2023;"> 12";NA;NA;NA;NA;NA;34;30;"PA";0,5;1;15
19;2023;"> 12";NA;NA;NA;NA;NA;38;38;"PA";0,5;1;15
20;2023;"> 12";NA;NA;NA;NA;NA;39;47;"PA";0,5;1;15
21;2023;"> 12";NA;NA;NA;NA;NA;38;31;"PA";0,5;1;15
22;2023;"> 12";NA;NA;NA;NA;NA;32;37;"PA";0,5;1;15
23;2023;"> 12";NA;NA;NA;NA;NA;30;29;"PA";0,5;1;15
24;2023;"> 12";NA;NA;NA;NA;NA;27;23;"PA";0,5;1;15
25;2023;"> 12";NA;NA;NA;NA;NA;26;28;"PA";0,5;1;15
26;2023;"> 12";NA;NA;NA;NA;NA;25;26;"PA";0,5;1;15
27;2023;"> 12";NA;NA;NA;NA;NA;27;21;"PA";0,5;1;15
28;2023;"> 12";NA;NA;NA;NA;NA;28;35;"PA";0,5;1;15
29;2023;"> 12";NA;NA;NA;NA;NA;31;28;"PA";0,5;1;15
30;2023;"> 12";NA;NA;NA;NA;NA;29;29;"PA";0,5;1;15
31;2023;"> 12";NA;NA;NA;NA;NA;33;31;"PA";0,5;1;15
32;2023;"> 12";NA;NA;NA;NA;NA;34;38;"PA";0,5;1;15
33;2023;"> 12";NA;NA;NA;NA;NA;32;32;"PA";0,5;1;15
34;2023;"> 12";NA;NA;NA;NA;NA;27;27;"PA";0,5;1;15
35;2023;"> 12";NA;NA;NA;NA;NA;23;21;"PA";0,5;1;15
36;2023;"> 12";NA;NA;NA;NA;NA;21;20;"PA";0,5;1;15
37;2023;"> 12";NA;NA;NA;NA;NA;23;23;"PA";0,5;1;15
38;2023;"> 12";NA;NA;NA;NA;NA;21;26;"PA";0,5;1;15
39;2023;"> 12";NA;NA;NA;NA;NA;22;14;"PA";0,5;1;15
40;2023;"> 12";NA;NA;NA;NA;NA;21;25;"PA";0,5;1;15
41;2023;"> 12";NA;NA;NA;NA;NA;25;24;"PA";0,5;1;15
42;2023;"> 12";NA;NA;NA;NA;NA;20;25;"PA";0,5;1;15
43;2023;"> 12";NA;NA;NA;NA;NA;19;12;"PA";0,5;1;15
44;2023;"> 12";NA;NA;NA;NA;NA;17;19;"PA";0,5;1;15
45;2023;"> 12";NA;NA;NA;NA;NA;18;21;"PA";0,5;1;15
46;2023;"> 12";NA;NA;NA;NA;NA;16;14;"PA";0,5;1;15
47;2023;"> 12";NA;NA;NA;NA;NA;13;14;"PA";0,5;1;15
48;2023;"> 12";NA;NA;NA;NA;NA;14;11;"PA";0,5;1;15
49;2023;"> 12";NA;NA;NA;NA;NA;18;18;"PA";0,5;1;15
50;2023;"> 12";NA;NA;NA;NA;NA;25;25;"PA";0,5;1;15
51;2023;"> 12";NA;NA;NA;NA;NA;33;32;"PA";0,5;1;15
52;2023;"> 12";NA;NA;NA;NA;NA;53;43;"PA";0,5;1;15
1;2024;"> 12";NA;NA;NA;NA;NA;65;85;"PA";0,5;1;15
2;2024;"> 12";NA;NA;NA;NA;NA;71;68;"PA";0,5;1;15
3;2024;"> 12";NA;NA;NA;NA;NA;54;60;"PA";0,5;1;15
4;2024;"> 12";NA;NA;NA;NA;NA;46;34;"PA";0,5;1;15
5;2024;"> 12";NA;NA;NA;NA;NA;33;44;"PA";0,5;1;15
6;2024;"> 12";NA;NA;NA;NA;NA;33;22;"PA";0,5;1;15
7;2024;"> 12";NA;NA;NA;NA;NA;30;32;"PA";0,5;1;15
8;2024;"> 12";NA;NA;NA;NA;NA;31;36;"PA";0,5;1;15
9;2024;"> 12";NA;NA;NA;NA;NA;30;25;"PA";0,5;1;15
10;2024;"> 12";NA;NA;NA;NA;NA;30;30;"PA";0,5;1;15
11;2024;"> 12";NA;NA;NA;NA;NA;34;34;"PA";0,5;1;15
12;2024;"> 12";NA;NA;NA;NA;NA;36;39;"PA";0,5;1;15
13;2024;"> 12";NA;NA;NA;NA;NA;44;36;"PA";0,5;1;15
14;2024;"> 12";NA;NA;NA;NA;NA;47;57;"PA";0,5;1;15
15;2024;"> 12";NA;NA;NA;NA;NA;56;47;"PA";0,5;1;15
16;2024;"> 12";NA;NA;NA;NA;NA;48;64;"PA";0,5;1;15
17;2024;"> 12";NA;NA;NA;NA;NA;47;32;"PA";0,5;1;15
18;2024;"> 12";NA;NA;NA;NA;NA;42;46;"PA";0,5;1;15
19;2024;"> 12";NA;NA;NA;NA;NA;43;47;"PA";0,5;1;15
20;2024;"> 12";NA;NA;NA;NA;NA;40;37;"PA";0,5;1;15
21;2024;"> 12";NA;NA;NA;NA;NA;32;36;"PA";0,5;1;15
22;2024;"> 12";NA;NA;NA;NA;NA;30;23;"PA";0,5;1;15
23;2024;"> 12";NA;NA;NA;NA;NA;25;32;"PA";0,5;1;15
24;2024;"> 12";NA;NA;NA;NA;NA;30;21;"PA";0,5;1;15
25;2024;"> 12";NA;NA;NA;NA;NA;27;37;"PA";0,5;1;15
26;2024;"> 12";NA;NA;NA;NA;NA;30;22;"PA";0,5;1;15
27;2024;"> 12";NA;NA;NA;NA;NA;26;32;"PA";0,5;1;15
28;2024;"> 12";NA;NA;NA;NA;NA;28;23;"PA";0,5;1;15
29;2024;"> 12";NA;NA;NA;NA;NA;27;30;"PA";0,5;1;15
30;2024;"> 12";NA;NA;NA;NA;NA;26;29;"PA";0,5;1;15
31;2024;"> 12";NA;NA;NA;NA;NA;22;20;"PA";0,5;1;15
32;2024;"> 12";NA;NA;NA;NA;NA;17;17;"PA";0,5;1;15
33;2024;"> 12";NA;NA;NA;NA;NA;16;15;"PA";0,5;1;15
34;2024;"> 12";NA;NA;NA;NA;NA;15;17;"PA";0,5;1;15
35;2024;"> 12";NA;NA;NA;NA;NA;16;13;"PA";0,5;1;15
36;2024;"> 12";NA;NA;NA;NA;NA;17;18;"PA";0,5;1;15
37;2024;"> 12";NA;NA;NA;NA;NA;19;19;"PA";0,5;1;15
38;2024;"> 12";NA;NA;NA;NA;NA;18;21;"PA";0,5;1;15
39;2024;"> 12";NA;NA;NA;NA;NA;19;14;"PA";0,5;1;15
40;2024;"> 12";NA;NA;NA;NA;NA;20;23;"PA";0,5;1;15
41;2024;"> 12";NA;NA;NA;NA;NA;19;23;"PA";0,5;1;15
42;2024;"> 12";NA;NA;NA;NA;NA;16;12;"PA";0,5;1;15
43;2024;"> 12";NA;NA;NA;NA;NA;16;14;"PA";0,5;1;15
44;2024;"> 12";NA;NA;NA;NA;NA;17;21;"PA";0,5;1;15
45;2024;"> 12";NA;NA;NA;NA;NA;18;17;"PA";0,5;1;15
46;2024;"> 12";NA;NA;NA;NA;NA;15;16;"PA";0,5;1;15
47;2024;"> 12";NA;NA;NA;NA;NA;14;13;"PA";0,5;1;15
48;2024;"> 12";NA;NA;NA;NA;NA;15;13;"PA";0,5;1;15
49;2024;"> 12";NA;NA;NA;NA;NA;20;18;"PA";0,5;1;15
50;2024;"> 12";NA;NA;NA;NA;NA;23;30;"PA";0,5;1;15
51;2024;"> 12";NA;NA;NA;NA;NA;25;21;"PA";0,5;1;15
52;2024;"> 12";NA;NA;NA;NA;NA;33;23;"PA";0,5;1;15
1;2025;"> 12";NA;NA;NA;NA;NA;48;54;"PA";0,5;1;15
2;2025;"> 12";NA;NA;NA;NA;NA;55;67;"PA";0,5;1;15
3;2025;"> 12";NA;NA;NA;NA;NA;54;44;"PA";0,5;1;15
4;2025;"> 12";NA;NA;NA;NA;NA;43;50;"PA";0,5;1;15
5;2025;"> 12";NA;NA;NA;NA;NA;35;34;"PA";0,5;1;15
6;2025;"> 12";NA;NA;NA;NA;NA;33;22;"PA";0,5;1;15
7;2025;"> 12";NA;NA;NA;NA;NA;35;44;"PA";0,5;1;15
8;2025;"> 12";NA;NA;NA;NA;NA;37;38;"PA";0,5;1;15
9;2025;"> 12";NA;NA;NA;NA;NA;32;29;"PA";0,5;1;15
10;2025;"> 12";NA;NA;NA;NA;NA;37;28;"PA";0,5;1;15
11;2025;"> 12";NA;NA;NA;NA;NA;41;54;"PA";0,5;1;15
12;2025;"> 12";NA;NA;NA;NA;NA;45;41;"PA";0,5;1;15
13;2025;"> 12";NA;NA;NA;NA;NA;48;41;"PA";0,5;1;15
14;2025;"> 12";NA;NA;NA;NA;NA;55;61;"PA";0,5;1;15
15;2025;"> 12";NA;NA;NA;NA;NA;61;62;"PA";0,5;1;15
16;2025;"> 12";NA;NA;NA;NA;NA;66;60;"PA";0,5;1;15
17;2025;"> 12";NA;NA;NA;NA;NA;69;75;"PA";0,5;1;15
18;2025;"> 12";NA;NA;NA;NA;NA;71;73;"PA";0,5;1;15
19;2025;"> 12";NA;NA;NA;NA;NA;64;64;"PA";0,5;1;15
20;2025;"> 12";NA;NA;NA;NA;NA;59;55;"PA";0,5;1;15
21;2025;"> 12";NA;NA;NA;NA;NA;59;58;"PA";0,5;1;15
22;2025;"> 12";NA;NA;NA;NA;NA;64;63;"PA";0,5;1;15
23;2025;"> 12";NA;NA;NA;NA;NA;60;71;"PA";0,5;1;15
24;2025;"> 12";NA;NA;NA;NA;NA;54;46;"PA";0,5;1;15
25;2025;"> 12";NA;NA;NA;NA;NA;45;45;"PA";0,5;1;15
26;2025;"> 12";NA;NA;NA;NA;NA;47;45;"PA";0,5;1;15
27;2025;"> 12";NA;NA;NA;NA;NA;44;51;"PA";0,5;1;15
28;2025;"> 12";NA;NA;NA;NA;NA;46;36;"PA";0,5;1;15
29;2025;"> 12";NA;NA;NA;NA;NA;42;51;"PA";0,5;1;15
30;2025;"> 12";NA;NA;NA;NA;NA;40;40;"PA";0,5;1;15
31;2025;"> 12";NA;NA;NA;NA;NA;37;29;"PA";0,5;1;15
32;2025;"> 12";NA;NA;NA;NA;NA;41;41;"PA";0,5;1;15
33;2025;"> 12";NA;NA;NA;NA;NA;45;54;"PA";0,5;1;15
34;2025;"> 12";NA;NA;NA;NA;NA;46;39;"PA";0,5;1;15
35;2025;"> 12";NA;NA;NA;NA;NA;38;44;"PA";0,5;1;15
36;2025;"> 12";NA;NA;NA;NA;NA;38;32;"PA";0,5;1;15
37;2025;"> 12";NA;NA;NA;NA;NA;31;38;"PA";0,5;1;15
38;2025;"> 12";NA;NA;NA;NA;NA;30;22;"PA";0,5;1;15
39;2025;"> 12";NA;NA;NA;NA;NA;30;30;"PA";0,5;1;15
40;2025;"> 12";NA;NA;NA;NA;NA;36;37;"PA";0,5;1;15
41;2025;"> 12";NA;NA;NA;NA;NA;35;41;"PA";0,5;1;15
42;2025;"> 12";NA;NA;NA;NA;NA;31;28;"PA";0,5;1;15
43;2025;"> 12";NA;NA;NA;NA;NA;29;24;"PA";0,5;1;15
44;2025;"> 12";NA;NA;NA;NA;NA;31;35;"PA";0,5;1;15
45;2025;"> 12";NA;NA;NA;NA;NA;35;35;"PA";0,5;1;15
46;2025;"> 12";NA;NA;NA;NA;NA;34;35;"PA";0,5;1;15
47;2025;"> 12";NA;NA;NA;NA;NA;34;32;"PA";0,5;1;15
48;2025;"> 12";NA;NA;NA;NA;NA;34;35;"PA";0,5;1;15
49;2025;"> 12";NA;NA;NA;NA;NA;34;34;"PA";0,5;1;15
50;2025;"> 12";NA;NA;NA;NA;NA;32;32;"PA";0,5;1;15
51;2025;"> 12";NA;NA;NA;NA;NA;30;30;"PA";0,5;1;15
52;2025;"> 12";NA;NA;NA;NA;NA;33;28;"PA";0,5;1;15
53;2025;"> 12";NA;NA;NA;NA;NA;35;40;"PA";0,5;1;15
1;2026;"> 12";NA;NA;NA;NA;NA;33;37;"PA";0,5;1;15
2;2026;"> 12";NA;NA;NA;NA;NA;35;22;"PA";0,5;1;15
3;2026;"> 12";NA;NA;NA;NA;NA;34;45;"PA";0,5;1;15
4;2026;"> 12";NA;NA;NA;NA;NA;40;35;"PA";0,5;1;15
5;2026;"> 12";NA;NA;NA;NA;NA;39;41;"PA";0,5;1;15
6;2026;"> 12";40;42;40;41;40;49;41;"PA";0,5;1;15
7;2026;"> 12";67;69;66;67;66;58;66;"PA";0,5;1;15
8;2026;"> 12";67;71;66;68;66;63;67;"PA";0,5;1;15
9;2026;"> 12";55;59,025;53;56;54;62;55;"PA";0,5;1;15
10;2026;"> 12";64;69;61;65;63;58;62;"PA";0,5;1;15
11;2026;"> 12";55;60;51;56;53;53;53;"PA";0,5;1;15
12;2026;"> 12";39;44;35;41;38;47;35;"PA";0,5;1;15
13;2026;"> 12";46;51;42;47;44;41;41;"PA";0,5;1;15
14;2026;"> 12";37;43;33;39;35;41;34;"PA";0,5;1;15
15;2026;"> 12";40;49;35;43;38;41;36;"PA";0,5;1;15
16;2026;"> 12";46;56;38;48;43;45;35;"PA";0,5;1;15
17;2026;"> 12";48;62;39;53;45;50;35;"PA";0,5;1;15
18;2026;"> 12";55;75,025;41;61;50;50;32;"PA";0,5;1;15
19;2026;"> 12";47;83;26;58;38;NA;23;"PA";0,5;1;15
1;2022;"> 12";NA;NA;NA;NA;NA;NA;203;"PB";0,5;1;25
2;2022;"> 12";NA;NA;NA;NA;NA;211;199;"PB";0,5;1;25
3;2022;"> 12";NA;NA;NA;NA;NA;230;231;"PB";0,5;1;25
4;2022;"> 12";NA;NA;NA;NA;NA;248;259;"PB";0,5;1;25
5;2022;"> 12";NA;NA;NA;NA;NA;215;255;"PB";0,5;1;25
6;2022;"> 12";NA;NA;NA;NA;NA;149;131;"PB";0,5;1;25
7;2022;"> 12";NA;NA;NA;NA;NA;75;62;"PB";0,5;1;25
8;2022;"> 12";NA;NA;NA;NA;NA;40;32;"PB";0,5;1;25
9;2022;"> 12";NA;NA;NA;NA;NA;25;25;"PB";0,5;1;25
10;2022;"> 12";NA;NA;NA;NA;NA;22;19;"PB";0,5;1;25
11;2022;"> 12";NA;NA;NA;NA;NA;23;22;"PB";0,5;1;25
12;2022;"> 12";NA;NA;NA;NA;NA;18;28;"PB";0,5;1;25
13;2022;"> 12";NA;NA;NA;NA;NA;15;3;"PB";0,5;1;25
14;2022;"> 12";NA;NA;NA;NA;NA;13;15;"PB";0,5;1;25
15;2022;"> 12";NA;NA;NA;NA;NA;16;20;"PB";0,5;1;25
16;2022;"> 12";NA;NA;NA;NA;NA;14;12;"PB";0,5;1;25
17;2022;"> 12";NA;NA;NA;NA;NA;14;10;"PB";0,5;1;25
18;2022;"> 12";NA;NA;NA;NA;NA;17;21;"PB";0,5;1;25
19;2022;"> 12";NA;NA;NA;NA;NA;21;19;"PB";0,5;1;25
20;2022;"> 12";NA;NA;NA;NA;NA;26;23;"PB";0,5;1;25
21;2022;"> 12";NA;NA;NA;NA;NA;28;36;"PB";0,5;1;25
22;2022;"> 12";NA;NA;NA;NA;NA;33;25;"PB";0,5;1;25
23;2022;"> 12";NA;NA;NA;NA;NA;44;39;"PB";0,5;1;25
24;2022;"> 12";NA;NA;NA;NA;NA;61;67;"PB";0,5;1;25
25;2022;"> 12";NA;NA;NA;NA;NA;77;76;"PB";0,5;1;25
26;2022;"> 12";NA;NA;NA;NA;NA;80;89;"PB";0,5;1;25
27;2022;"> 12";NA;NA;NA;NA;NA;74;75;"PB";0,5;1;25
28;2022;"> 12";NA;NA;NA;NA;NA;54;58;"PB";0,5;1;25
29;2022;"> 12";NA;NA;NA;NA;NA;34;28;"PB";0,5;1;25
30;2022;"> 12";NA;NA;NA;NA;NA;20;15;"PB";0,5;1;25
31;2022;"> 12";NA;NA;NA;NA;NA;14;16;"PB";0,5;1;25
32;2022;"> 12";NA;NA;NA;NA;NA;14;12;"PB";0,5;1;25
33;2022;"> 12";NA;NA;NA;NA;NA;11;13;"PB";0,5;1;25
34;2022;"> 12";NA;NA;NA;NA;NA;8;7;"PB";0,5;1;25
35;2022;"> 12";NA;NA;NA;NA;NA;5;4;"PB";0,5;1;25
36;2022;"> 12";NA;NA;NA;NA;NA;5;4;"PB";0,5;1;25
37;2022;"> 12";NA;NA;NA;NA;NA;6;8;"PB";0,5;1;25
38;2022;"> 12";NA;NA;NA;NA;NA;6;6;"PB";0,5;1;25
39;2022;"> 12";NA;NA;NA;NA;NA;4;3;"PB";0,5;1;25
40;2022;"> 12";NA;NA;NA;NA;NA;4;4;"PB";0,5;1;25
41;2022;"> 12";NA;NA;NA;NA;NA;4;4;"PB";0,5;1;25
42;2022;"> 12";NA;NA;NA;NA;NA;5;5;"PB";0,5;1;25
43;2022;"> 12";NA;NA;NA;NA;NA;13;7;"PB";0,5;1;25
44;2022;"> 12";NA;NA;NA;NA;NA;31;28;"PB";0,5;1;25
45;2022;"> 12";NA;NA;NA;NA;NA;54;58;"PB";0,5;1;25
46;2022;"> 12";NA;NA;NA;NA;NA;69;77;"PB";0,5;1;25
47;2022;"> 12";NA;NA;NA;NA;NA;73;72;"PB";0,5;1;25
48;2022;"> 12";NA;NA;NA;NA;NA;63;70;"PB";0,5;1;25
49;2022;"> 12";NA;NA;NA;NA;NA;44;48;"PB";0,5;1;25
50;2022;"> 12";NA;NA;NA;NA;NA;24;15;"PB";0,5;1;25
51;2022;"> 12";NA;NA;NA;NA;NA;11;8;"PB";0,5;1;25
52;2022;"> 12";NA;NA;NA;NA;NA;7;11;"PB";0,5;1;25
1;2023;"> 12";NA;NA;NA;NA;NA;6;1;"PB";0,5;1;25
2;2023;"> 12";NA;NA;NA;NA;NA;3;5;"PB";0,5;1;25
3;2023;"> 12";NA;NA;NA;NA;NA;4;4;"PB";0,5;1;25
4;2023;"> 12";NA;NA;NA;NA;NA;4;4;"PB";0,5;1;25
5;2023;"> 12";NA;NA;NA;NA;NA;6;5;"PB";0,5;1;25
6;2023;"> 12";NA;NA;NA;NA;NA;6;8;"PB";0,5;1;25
8;2023;"> 12";NA;NA;NA;NA;NA;6;6;"PB";0,5;1;25
9;2023;"> 12";NA;NA;NA;NA;NA;4;3;"PB";0,5;1;25
10;2023;"> 12";NA;NA;NA;NA;NA;4;4;"PB";0,5;1;25
11;2023;"> 12";NA;NA;NA;NA;NA;4;4;"PB";0,5;1;25
12;2023;"> 12";NA;NA;NA;NA;NA;5;3;"PB";0,5;1;25
13;2023;"> 12";NA;NA;NA;NA;NA;6;9;"PB";0,5;1;25
14;2023;"> 12";NA;NA;NA;NA;NA;8;7;"PB";0,5;1;25
15;2023;"> 12";NA;NA;NA;NA;NA;11;9;"PB";0,5;1;25
16;2023;"> 12";NA;NA;NA;NA;NA;14;16;"PB";0,5;1;25
17;2023;"> 12";NA;NA;NA;NA;NA;22;16;"PB";0,5;1;25
18;2023;"> 12";NA;NA;NA;NA;NA;30;34;"PB";0,5;1;25
19;2023;"> 12";NA;NA;NA;NA;NA;40;39;"PB";0,5;1;25
20;2023;"> 12";NA;NA;NA;NA;NA;40;46;"PB";0,5;1;25
21;2023;"> 12";NA;NA;NA;NA;NA;41;36;"PB";0,5;1;25
22;2023;"> 12";NA;NA;NA;NA;NA;36;40;"PB";0,5;1;25
23;2023;"> 12";NA;NA;NA;NA;NA;30;31;"PB";0,5;1;25
24;2023;"> 12";NA;NA;NA;NA;NA;25;20;"PB";0,5;1;25
25;2023;"> 12";NA;NA;NA;NA;NA;24;23;"PB";0,5;1;25
26;2023;"> 12";NA;NA;NA;NA;NA;27;29;"PB";0,5;1;25
27;2023;"> 12";NA;NA;NA;NA;NA;29;30;"PB";0,5;1;25
28;2023;"> 12";NA;NA;NA;NA;NA;28;27;"PB";0,5;1;25
29;2023;"> 12";NA;NA;NA;NA;NA;26;27;"PB";0,5;1;25
30;2023;"> 12";NA;NA;NA;NA;NA;25;23;"PB";0,5;1;25
31;2023;"> 12";NA;NA;NA;NA;NA;20;24;"PB";0,5;1;25
32;2023;"> 12";NA;NA;NA;NA;NA;14;14;"PB";0,5;1;25
33;2023;"> 12";NA;NA;NA;NA;NA;10;5;"PB";0,5;1;25
34;2023;"> 12";NA;NA;NA;NA;NA;7;11;"PB";0,5;1;25
35;2023;"> 12";NA;NA;NA;NA;NA;8;6;"PB";0,5;1;25
36;2023;"> 12";NA;NA;NA;NA;NA;7;7;"PB";0,5;1;25
37;2023;"> 12";NA;NA;NA;NA;NA;7;7;"PB";0,5;1;25
38;2023;"> 12";NA;NA;NA;NA;NA;9;7;"PB";0,5;1;25
39;2023;"> 12";NA;NA;NA;NA;NA;12;14;"PB";0,5;1;25
40;2023;"> 12";NA;NA;NA;NA;NA;11;14;"PB";0,5;1;25
41;2023;"> 12";NA;NA;NA;NA;NA;8;6;"PB";0,5;1;25
42;2023;"> 12";NA;NA;NA;NA;NA;5;3;"PB";0,5;1;25
43;2023;"> 12";NA;NA;NA;NA;NA;6;6;"PB";0,5;1;25
44;2023;"> 12";NA;NA;NA;NA;NA;7;8;"PB";0,5;1;25
45;2023;"> 12";NA;NA;NA;NA;NA;9;8;"PB";0,5;1;25
46;2023;"> 12";NA;NA;NA;NA;NA;9;11;"PB";0,5;1;25
47;2023;"> 12";NA;NA;NA;NA;NA;11;9;"PB";0,5;1;25
48;2023;"> 12";NA;NA;NA;NA;NA;13;13;"PB";0,5;1;25
49;2023;"> 12";NA;NA;NA;NA;NA;19;16;"PB";0,5;1;25
50;2023;"> 12";NA;NA;NA;NA;NA;26;28;"PB";0,5;1;25
51;2023;"> 12";NA;NA;NA;NA;NA;33;33;"PB";0,5;1;25
52;2023;"> 12";NA;NA;NA;NA;NA;37;39;"PB";0,5;1;25
1;2024;"> 12";NA;NA;NA;NA;NA;34;39;"PB";0,5;1;25
2;2024;"> 12";NA;NA;NA;NA;NA;25;24;"PB";0,5;1;25
3;2024;"> 12";NA;NA;NA;NA;NA;18;12;"PB";0,5;1;25
4;2024;"> 12";NA;NA;NA;NA;NA;13;19;"PB";0,5;1;25
5;2024;"> 12";NA;NA;NA;NA;NA;11;9;"PB";0,5;1;25
6;2024;"> 12";NA;NA;NA;NA;NA;10;6;"PB";0,5;1;25
7;2024;"> 12";NA;NA;NA;NA;NA;11;14;"PB";0,5;1;25
8;2024;"> 12";NA;NA;NA;NA;NA;14;12;"PB";0,5;1;25
9;2024;"> 12";NA;NA;NA;NA;NA;13;15;"PB";0,5;1;25
10;2024;"> 12";NA;NA;NA;NA;NA;16;13;"PB";0,5;1;25
11;2024;"> 12";NA;NA;NA;NA;NA;19;20;"PB";0,5;1;25
12;2024;"> 12";NA;NA;NA;NA;NA;23;23;"PB";0,5;1;25
13;2024;"> 12";NA;NA;NA;NA;NA;25;26;"PB";0,5;1;25
14;2024;"> 12";NA;NA;NA;NA;NA;27;27;"PB";0,5;1;25
15;2024;"> 12";NA;NA;NA;NA;NA;29;27;"PB";0,5;1;25
16;2024;"> 12";NA;NA;NA;NA;NA;26;32;"PB";0,5;1;25
17;2024;"> 12";NA;NA;NA;NA;NA;29;19;"PB";0,5;1;25
18;2024;"> 12";NA;NA;NA;NA;NA;30;36;"PB";0,5;1;25
19;2024;"> 12";NA;NA;NA;NA;NA;36;34;"PB";0,5;1;25
20;2024;"> 12";NA;NA;NA;NA;NA;34;37;"PB";0,5;1;25
21;2024;"> 12";NA;NA;NA;NA;NA;35;31;"PB";0,5;1;25
22;2024;"> 12";NA;NA;NA;NA;NA;28;37;"PB";0,5;1;25
23;2024;"> 12";NA;NA;NA;NA;NA;23;17;"PB";0,5;1;25
24;2024;"> 12";NA;NA;NA;NA;NA;20;15;"PB";0,5;1;25
25;2024;"> 12";NA;NA;NA;NA;NA;19;27;"PB";0,5;1;25
26;2024;"> 12";NA;NA;NA;NA;NA;21;16;"PB";0,5;1;25
27;2024;"> 12";NA;NA;NA;NA;NA;20;21;"PB";0,5;1;25
28;2024;"> 12";NA;NA;NA;NA;NA;23;24;"PB";0,5;1;25
29;2024;"> 12";NA;NA;NA;NA;NA;22;25;"PB";0,5;1;25
30;2024;"> 12";NA;NA;NA;NA;NA;21;18;"PB";0,5;1;25
31;2024;"> 12";NA;NA;NA;NA;NA;21;19;"PB";0,5;1;25
32;2024;"> 12";NA;NA;NA;NA;NA;20;26;"PB";0,5;1;25
33;2024;"> 12";NA;NA;NA;NA;NA;22;14;"PB";0,5;1;25
34;2024;"> 12";NA;NA;NA;NA;NA;19;25;"PB";0,5;1;25
35;2024;"> 12";NA;NA;NA;NA;NA;19;17;"PB";0,5;1;25
36;2024;"> 12";NA;NA;NA;NA;NA;15;16;"PB";0,5;1;25
37;2024;"> 12";NA;NA;NA;NA;NA;17;13;"PB";0,5;1;25
38;2024;"> 12";NA;NA;NA;NA;NA;15;21;"PB";0,5;1;25
39;2024;"> 12";NA;NA;NA;NA;NA;18;10;"PB";0,5;1;25
40;2024;"> 12";NA;NA;NA;NA;NA;17;22;"PB";0,5;1;25
41;2024;"> 12";NA;NA;NA;NA;NA;20;18;"PB";0,5;1;25
42;2024;"> 12";NA;NA;NA;NA;NA;18;19;"PB";0,5;1;25
43;2024;"> 12";NA;NA;NA;NA;NA;16;18;"PB";0,5;1;25
44;2024;"> 12";NA;NA;NA;NA;NA;16;11;"PB";0,5;1;25
45;2024;"> 12";NA;NA;NA;NA;NA;15;19;"PB";0,5;1;25
46;2024;"> 12";NA;NA;NA;NA;NA;14;14;"PB";0,5;1;25
47;2024;"> 12";NA;NA;NA;NA;NA;11;9;"PB";0,5;1;25
48;2024;"> 12";NA;NA;NA;NA;NA;13;10;"PB";0,5;1;25
49;2024;"> 12";NA;NA;NA;NA;NA;15;19;"PB";0,5;1;25
50;2024;"> 12";NA;NA;NA;NA;NA;20;17;"PB";0,5;1;25
51;2024;"> 12";NA;NA;NA;NA;NA;20;25;"PB";0,5;1;25
52;2024;"> 12";NA;NA;NA;NA;NA;27;17;"PB";0,5;1;25
1;2025;"> 12";NA;NA;NA;NA;NA;31;40;"PB";0,5;1;25
2;2025;"> 12";NA;NA;NA;NA;NA;34;36;"PB";0,5;1;25
3;2025;"> 12";NA;NA;NA;NA;NA;32;25;"PB";0,5;1;25
4;2025;"> 12";NA;NA;NA;NA;NA;27;36;"PB";0,5;1;25
5;2025;"> 12";NA;NA;NA;NA;NA;25;19;"PB";0,5;1;25
6;2025;"> 12";NA;NA;NA;NA;NA;20;21;"PB";0,5;1;25
7;2025;"> 12";NA;NA;NA;NA;NA;18;19;"PB";0,5;1;25
8;2025;"> 12";NA;NA;NA;NA;NA;18;15;"PB";0,5;1;25
9;2025;"> 12";NA;NA;NA;NA;NA;15;21;"PB";0,5;1;25
10;2025;"> 12";NA;NA;NA;NA;NA;15;10;"PB";0,5;1;25
11;2025;"> 12";NA;NA;NA;NA;NA;14;14;"PB";0,5;1;25
12;2025;"> 12";NA;NA;NA;NA;NA;17;19;"PB";0,5;1;25
13;2025;"> 12";NA;NA;NA;NA;NA;20;17;"PB";0,5;1;25
14;2025;"> 12";NA;NA;NA;NA;NA;18;24;"PB";0,5;1;25
15;2025;"> 12";NA;NA;NA;NA;NA;22;13;"PB";0,5;1;25
16;2025;"> 12";NA;NA;NA;NA;NA;19;28;"PB";0,5;1;25
17;2025;"> 12";NA;NA;NA;NA;NA;20;17;"PB";0,5;1;25
18;2025;"> 12";NA;NA;NA;NA;NA;19;16;"PB";0,5;1;25
19;2025;"> 12";NA;NA;NA;NA;NA;24;23;"PB";0,5;1;25
20;2025;"> 12";NA;NA;NA;NA;NA;32;32;"PB";0,5;1;25
21;2025;"> 12";NA;NA;NA;NA;NA;38;42;"PB";0,5;1;25
22;2025;"> 12";NA;NA;NA;NA;NA;42;40;"PB";0,5;1;25
23;2025;"> 12";NA;NA;NA;NA;NA;42;45;"PB";0,5;1;25
24;2025;"> 12";NA;NA;NA;NA;NA;43;42;"PB";0,5;1;25
25;2025;"> 12";NA;NA;NA;NA;NA;41;42;"PB";0,5;1;25
26;2025;"> 12";NA;NA;NA;NA;NA;41;38;"PB";0,5;1;25
27;2025;"> 12";NA;NA;NA;NA;NA;40;42;"PB";0,5;1;25
28;2025;"> 12";NA;NA;NA;NA;NA;40;40;"PB";0,5;1;25
29;2025;"> 12";NA;NA;NA;NA;NA;40;38;"PB";0,5;1;25
30;2025;"> 12";NA;NA;NA;NA;NA;41;43;"PB";0,5;1;25
31;2025;"> 12";NA;NA;NA;NA;NA;44;43;"PB";0,5;1;25
32;2025;"> 12";NA;NA;NA;NA;NA;41;47;"PB";0,5;1;25
33;2025;"> 12";NA;NA;NA;NA;NA;36;33;"PB";0,5;1;25
34;2025;"> 12";NA;NA;NA;NA;NA;33;27;"PB";0,5;1;25
35;2025;"> 12";NA;NA;NA;NA;NA;32;38;"PB";0,5;1;25
36;2025;"> 12";NA;NA;NA;NA;NA;31;31;"PB";0,5;1;25
37;2025;"> 12";NA;NA;NA;NA;NA;31;25;"PB";0,5;1;25
38;2025;"> 12";NA;NA;NA;NA;NA;28;38;"PB";0,5;1;25
39;2025;"> 12";NA;NA;NA;NA;NA;27;21;"PB";0,5;1;25
40;2025;"> 12";NA;NA;NA;NA;NA;20;21;"PB";0,5;1;25
41;2025;"> 12";NA;NA;NA;NA;NA;19;17;"PB";0,5;1;25
42;2025;"> 12";NA;NA;NA;NA;NA;18;20;"PB";0,5;1;25
43;2025;"> 12";NA;NA;NA;NA;NA;19;17;"PB";0,5;1;25
44;2025;"> 12";NA;NA;NA;NA;NA;21;21;"PB";0,5;1;25
45;2025;"> 12";NA;NA;NA;NA;NA;20;24;"PB";0,5;1;25
46;2025;"> 12";NA;NA;NA;NA;NA;17;15;"PB";0,5;1;25
47;2025;"> 12";NA;NA;NA;NA;NA;14;12;"PB";0,5;1;25
48;2025;"> 12";NA;NA;NA;NA;NA;15;14;"PB";0,5;1;25
49;2025;"> 12";NA;NA;NA;NA;NA;16;18;"PB";0,5;1;25
50;2025;"> 12";NA;NA;NA;NA;NA;15;15;"PB";0,5;1;25
51;2025;"> 12";NA;NA;NA;NA;NA;13;13;"PB";0,5;1;25
52;2025;"> 12";NA;NA;NA;NA;NA;15;10;"PB";0,5;1;25
53;2025;"> 12";NA;NA;NA;NA;NA;15;22;"PB";0,5;1;25
1;2026;"> 12";NA;NA;NA;NA;NA;16;13;"PB";0,5;1;25
2;2026;"> 12";NA;NA;NA;NA;NA;12;12;"PB";0,5;1;25
3;2026;"> 12";NA;NA;NA;NA;NA;13;11;"PB";0,5;1;25
4;2026;"> 12";NA;NA;NA;NA;NA;13;17;"PB";0,5;1;25
5;2026;"> 12";NA;NA;NA;NA;NA;16;12;"PB";0,5;1;25
6;2026;"> 12";NA;NA;NA;NA;NA;18;18;"PB";0,5;1;25
7;2026;"> 12";NA;NA;NA;NA;NA;21;25;"PB";0,5;1;25
8;2026;"> 12";NA;NA;NA;NA;NA;25;21;"PB";0,5;1;25
9;2026;"> 12";NA;NA;NA;NA;NA;24;28;"PB";0,5;1;25
10;2026;"> 12";NA;NA;NA;NA;NA;25;24;"PB";0,5;1;25
11;2026;"> 12";NA;NA;NA;NA;NA;31;23;"PB";0,5;1;25
12;2026;"> 12";NA;NA;NA;NA;NA;34;47;"PB";0,5;1;25
13;2026;"> 12";NA;NA;NA;NA;NA;40;32;"PB";0,5;1;25
14;2026;"> 12";NA;NA;NA;NA;NA;42;41;"PB";0,5;1;25
15;2026;"> 12";53;55;52;53;52;44;52;"PB";0,5;1;25
16;2026;"> 12";38;42;36;39;37;43;36;"PB";0,5;1;25
17;2026;"> 12";39;44;36;40;38;39;36;"PB";0,5;1;25
18;2026;"> 12";40;48;35;43;38;38;37;"PB";0,5;1;25
19;2026;"> 12";36,5;60,025;21,975;43;30;NA;27;"PB";0,5;1;25
1;2022;"> 12";NA;NA;NA;NA;NA;NA;875;"PE";0;0;26
2;2022;"> 12";NA;NA;NA;NA;NA;701;688;"PE";0;0;26
3;2022;"> 12";NA;NA;NA;NA;NA;593;539;"PE";0;0;26
4;2022;"> 12";NA;NA;NA;NA;NA;549;552;"PE";0;0;26
5;2022;"> 12";NA;NA;NA;NA;NA;495;555;"PE";0;0;26
6;2022;"> 12";NA;NA;NA;NA;NA;389;379;"PE";0;0;26
7;2022;"> 12";NA;NA;NA;NA;NA;256;232;"PE";0;0;26
8;2022;"> 12";NA;NA;NA;NA;NA;184;156;"PE";0;0;26
9;2022;"> 12";NA;NA;NA;NA;NA;154;163;"PE";0;0;26
10;2022;"> 12";NA;NA;NA;NA;NA;146;144;"PE";0;0;26
11;2022;"> 12";NA;NA;NA;NA;NA;144;132;"PE";0;0;26
12;2022;"> 12";NA;NA;NA;NA;NA;141;156;"PE";0;0;26
13;2022;"> 12";NA;NA;NA;NA;NA;129;136;"PE";0;0;26
14;2022;"> 12";NA;NA;NA;NA;NA;115;95;"PE";0;0;26
15;2022;"> 12";NA;NA;NA;NA;NA;97;113;"PE";0;0;26
16;2022;"> 12";NA;NA;NA;NA;NA;106;82;"PE";0;0;26
17;2022;"> 12";NA;NA;NA;NA;NA;112;123;"PE";0;0;26
18;2022;"> 12";NA;NA;NA;NA;NA;131;130;"PE";0;0;26
19;2022;"> 12";NA;NA;NA;NA;NA;133;140;"PE";0;0;26
20;2022;"> 12";NA;NA;NA;NA;NA;129;129;"PE";0;0;26
21;2022;"> 12";NA;NA;NA;NA;NA;132;117;"PE";0;0;26
22;2022;"> 12";NA;NA;NA;NA;NA;156;149;"PE";0;0;26
23;2022;"> 12";NA;NA;NA;NA;NA;183;203;"PE";0;0;26
24;2022;"> 12";NA;NA;NA;NA;NA;228;196;"PE";0;0;26
25;2022;"> 12";NA;NA;NA;NA;NA;247;285;"PE";0;0;26
26;2022;"> 12";NA;NA;NA;NA;NA;268;259;"PE";0;0;26
27;2022;"> 12";NA;NA;NA;NA;NA;253;259;"PE";0;0;26
28;2022;"> 12";NA;NA;NA;NA;NA;209;242;"PE";0;0;26
29;2022;"> 12";NA;NA;NA;NA;NA;165;126;"PE";0;0;26
30;2022;"> 12";NA;NA;NA;NA;NA;126;126;"PE";0;0;26
31;2022;"> 12";NA;NA;NA;NA;NA;120;127;"PE";0;0;26
32;2022;"> 12";NA;NA;NA;NA;NA;112;106;"PE";0;0;26
33;2022;"> 12";NA;NA;NA;NA;NA;94;102;"PE";0;0;26
34;2022;"> 12";NA;NA;NA;NA;NA;93;74;"PE";0;0;26
35;2022;"> 12";NA;NA;NA;NA;NA;87;102;"PE";0;0;26
36;2022;"> 12";NA;NA;NA;NA;NA;90;85;"PE";0;0;26
37;2022;"> 12";NA;NA;NA;NA;NA;84;84;"PE";0;0;26
38;2022;"> 12";NA;NA;NA;NA;NA;90;84;"PE";0;0;26
39;2022;"> 12";NA;NA;NA;NA;NA;94;101;"PE";0;0;26
40;2022;"> 12";NA;NA;NA;NA;NA;92;96;"PE";0;0;26
41;2022;"> 12";NA;NA;NA;NA;NA;90;80;"PE";0;0;26
42;2022;"> 12";NA;NA;NA;NA;NA;90;95;"PE";0;0;26
43;2022;"> 12";NA;NA;NA;NA;NA;101;94;"PE";0;0;26
44;2022;"> 12";NA;NA;NA;NA;NA;116;113;"PE";0;0;26
45;2022;"> 12";NA;NA;NA;NA;NA;157;140;"PE";0;0;26
46;2022;"> 12";NA;NA;NA;NA;NA;174;219;"PE";0;0;26
47;2022;"> 12";NA;NA;NA;NA;NA;170;164;"PE";0;0;26
48;2022;"> 12";NA;NA;NA;NA;NA;140;128;"PE";0;0;26
49;2022;"> 12";NA;NA;NA;NA;NA;116;128;"PE";0;0;26
50;2022;"> 12";NA;NA;NA;NA;NA;106;91;"PE";0;0;26
51;2022;"> 12";NA;NA;NA;NA;NA;85;99;"PE";0;0;26
52;2022;"> 12";NA;NA;NA;NA;NA;97;65;"PE";0;0;26
1;2023;"> 12";NA;NA;NA;NA;NA;89;126;"PE";0;0;26
2;2023;"> 12";NA;NA;NA;NA;NA;98;77;"PE";0;0;26
3;2023;"> 12";NA;NA;NA;NA;NA;76;91;"PE";0;0;26
4;2023;"> 12";NA;NA;NA;NA;NA;73;61;"PE";0;0;26
5;2023;"> 12";NA;NA;NA;NA;NA;71;68;"PE";0;0;26
6;2023;"> 12";NA;NA;NA;NA;NA;71;83;"PE";0;0;26
7;2023;"> 12";NA;NA;NA;NA;NA;81;61;"PE";0;0;26
8;2023;"> 12";NA;NA;NA;NA;NA;83;100;"PE";0;0;26
9;2023;"> 12";NA;NA;NA;NA;NA;90;89;"PE";0;0;26
10;2023;"> 12";NA;NA;NA;NA;NA;85;81;"PE";0;0;26
11;2023;"> 12";NA;NA;NA;NA;NA;83;85;"PE";0;0;26
12;2023;"> 12";NA;NA;NA;NA;NA;83;82;"PE";0;0;26
13;2023;"> 12";NA;NA;NA;NA;NA;84;83;"PE";0;0;26
14;2023;"> 12";NA;NA;NA;NA;NA;86;88;"PE";0;0;26
15;2023;"> 12";NA;NA;NA;NA;NA;81;88;"PE";0;0;26
16;2023;"> 12";NA;NA;NA;NA;NA;69;67;"PE";0;0;26
17;2023;"> 12";NA;NA;NA;NA;NA;68;53;"PE";0;0;26
18;2023;"> 12";NA;NA;NA;NA;NA;69;85;"PE";0;0;26
19;2023;"> 12";NA;NA;NA;NA;NA;81;68;"PE";0;0;26
20;2023;"> 12";NA;NA;NA;NA;NA;75;91;"PE";0;0;26
21;2023;"> 12";NA;NA;NA;NA;NA;74;66;"PE";0;0;26
22;2023;"> 12";NA;NA;NA;NA;NA;68;64;"PE";0;0;26
23;2023;"> 12";NA;NA;NA;NA;NA;59;74;"PE";0;0;26
24;2023;"> 12";NA;NA;NA;NA;NA;54;39;"PE";0;0;26
25;2023;"> 12";NA;NA;NA;NA;NA;46;50;"PE";0;0;26
26;2023;"> 12";NA;NA;NA;NA;NA;47;48;"PE";0;0;26
27;2023;"> 12";NA;NA;NA;NA;NA;46;42;"PE";0;0;26
28;2023;"> 12";NA;NA;NA;NA;NA;43;48;"PE";0;0;26
29;2023;"> 12";NA;NA;NA;NA;NA;37;39;"PE";0;0;26
30;2023;"> 12";NA;NA;NA;NA;NA;31;25;"PE";0;0;26
31;2023;"> 12";NA;NA;NA;NA;NA;24;28;"PE";0;0;26
32;2023;"> 12";NA;NA;NA;NA;NA;22;19;"PE";0;0;26
33;2023;"> 12";NA;NA;NA;NA;NA;18;19;"PE";0;0;26
34;2023;"> 12";NA;NA;NA;NA;NA;18;17;"PE";0;0;26
35;2023;"> 12";NA;NA;NA;NA;NA;18;18;"PE";0;0;26
36;2023;"> 12";NA;NA;NA;NA;NA;19;19;"PE";0;0;26
37;2023;"> 12";NA;NA;NA;NA;NA;20;19;"PE";0;0;26
38;2023;"> 12";NA;NA;NA;NA;NA;20;22;"PE";0;0;26
39;2023;"> 12";NA;NA;NA;NA;NA;24;20;"PE";0;0;26
40;2023;"> 12";NA;NA;NA;NA;NA;23;30;"PE";0;0;26
41;2023;"> 12";NA;NA;NA;NA;NA;22;18;"PE";0;0;26
42;2023;"> 12";NA;NA;NA;NA;NA;20;18;"PE";0;0;26
43;2023;"> 12";NA;NA;NA;NA;NA;20;23;"PE";0;0;26
44;2023;"> 12";NA;NA;NA;NA;NA;25;19;"PE";0;0;26
45;2023;"> 12";NA;NA;NA;NA;NA;23;32;"PE";0;0;26
46;2023;"> 12";NA;NA;NA;NA;NA;27;19;"PE";0;0;26
47;2023;"> 12";NA;NA;NA;NA;NA;25;29;"PE";0;0;26
48;2023;"> 12";NA;NA;NA;NA;NA;28;27;"PE";0;0;26
49;2023;"> 12";NA;NA;NA;NA;NA;33;27;"PE";0;0;26
50;2023;"> 12";NA;NA;NA;NA;NA;32;44;"PE";0;0;26
51;2023;"> 12";NA;NA;NA;NA;NA;38;26;"PE";0;0;26
52;2023;"> 12";NA;NA;NA;NA;NA;34;45;"PE";0;0;26
1;2024;"> 12";NA;NA;NA;NA;NA;38;30;"PE";0;0;26
2;2024;"> 12";NA;NA;NA;NA;NA;31;39;"PE";0;0;26
3;2024;"> 12";NA;NA;NA;NA;NA;26;23;"PE";0;0;26
4;2024;"> 12";NA;NA;NA;NA;NA;21;16;"PE";0;0;26
5;2024;"> 12";NA;NA;NA;NA;NA;22;23;"PE";0;0;26
6;2024;"> 12";NA;NA;NA;NA;NA;25;27;"PE";0;0;26
7;2024;"> 12";NA;NA;NA;NA;NA;26;25;"PE";0;0;26
8;2024;"> 12";NA;NA;NA;NA;NA;29;27;"PE";0;0;26
9;2024;"> 12";NA;NA;NA;NA;NA;34;35;"PE";0;0;26
10;2024;"> 12";NA;NA;NA;NA;NA;36;41;"PE";0;0;26
11;2024;"> 12";NA;NA;NA;NA;NA;32;31;"PE";0;0;26
12;2024;"> 12";NA;NA;NA;NA;NA;29;25;"PE";0;0;26
13;2024;"> 12";NA;NA;NA;NA;NA;28;31;"PE";0;0;26
14;2024;"> 12";NA;NA;NA;NA;NA;32;27;"PE";0;0;26
15;2024;"> 12";NA;NA;NA;NA;NA;34;38;"PE";0;0;26
16;2024;"> 12";NA;NA;NA;NA;NA;39;37;"PE";0;0;26
17;2024;"> 12";NA;NA;NA;NA;NA;39;42;"PE";0;0;26
18;2024;"> 12";NA;NA;NA;NA;NA;36;37;"PE";0;0;26
19;2024;"> 12";NA;NA;NA;NA;NA;30;28;"PE";0;0;26
20;2024;"> 12";NA;NA;NA;NA;NA;28;26;"PE";0;0;26
21;2024;"> 12";NA;NA;NA;NA;NA;29;30;"PE";0;0;26
22;2024;"> 12";NA;NA;NA;NA;NA;28;32;"PE";0;0;26
23;2024;"> 12";NA;NA;NA;NA;NA;24;22;"PE";0;0;26
24;2024;"> 12";NA;NA;NA;NA;NA;23;19;"PE";0;0;26
25;2024;"> 12";NA;NA;NA;NA;NA;23;29;"PE";0;0;26
26;2024;"> 12";NA;NA;NA;NA;NA;31;22;"PE";0;0;26
27;2024;"> 12";NA;NA;NA;NA;NA;30;41;"PE";0;0;26
28;2024;"> 12";NA;NA;NA;NA;NA;32;26;"PE";0;0;26
29;2024;"> 12";NA;NA;NA;NA;NA;28;30;"PE";0;0;26
30;2024;"> 12";NA;NA;NA;NA;NA;26;28;"PE";0;0;26
31;2024;"> 12";NA;NA;NA;NA;NA;21;19;"PE";0;0;26
32;2024;"> 12";NA;NA;NA;NA;NA;18;17;"PE";0;0;26
33;2024;"> 12";NA;NA;NA;NA;NA;19;18;"PE";0;0;26
34;2024;"> 12";NA;NA;NA;NA;NA;18;22;"PE";0;0;26
35;2024;"> 12";NA;NA;NA;NA;NA;17;13;"PE";0;0;26
36;2024;"> 12";NA;NA;NA;NA;NA;16;16;"PE";0;0;26
37;2024;"> 12";NA;NA;NA;NA;NA;20;19;"PE";0;0;26
38;2024;"> 12";NA;NA;NA;NA;NA;23;25;"PE";0;0;26
39;2024;"> 12";NA;NA;NA;NA;NA;23;26;"PE";0;0;26
40;2024;"> 12";NA;NA;NA;NA;NA;19;19;"PE";0;0;26
41;2024;"> 12";NA;NA;NA;NA;NA;18;13;"PE";0;0;26
42;2024;"> 12";NA;NA;NA;NA;NA;18;21;"PE";0;0;26
43;2024;"> 12";NA;NA;NA;NA;NA;19;20;"PE";0;0;26
44;2024;"> 12";NA;NA;NA;NA;NA;18;17;"PE";0;0;26
45;2024;"> 12";NA;NA;NA;NA;NA;15;17;"PE";0;0;26
46;2024;"> 12";NA;NA;NA;NA;NA;17;11;"PE";0;0;26
47;2024;"> 12";NA;NA;NA;NA;NA;16;24;"PE";0;0;26
48;2024;"> 12";NA;NA;NA;NA;NA;15;12;"PE";0;0;26
49;2024;"> 12";NA;NA;NA;NA;NA;12;9;"PE";0;0;26
50;2024;"> 12";NA;NA;NA;NA;NA;12;15;"PE";0;0;26
51;2024;"> 12";NA;NA;NA;NA;NA;17;13;"PE";0;0;26
52;2024;"> 12";NA;NA;NA;NA;NA;20;23;"PE";0;0;26
1;2025;"> 12";NA;NA;NA;NA;NA;26;24;"PE";0;0;26
2;2025;"> 12";NA;NA;NA;NA;NA;29;32;"PE";0;0;26
3;2025;"> 12";NA;NA;NA;NA;NA;29;30;"PE";0;0;26
4;2025;"> 12";NA;NA;NA;NA;NA;24;24;"PE";0;0;26
5;2025;"> 12";NA;NA;NA;NA;NA;20;19;"PE";0;0;26
6;2025;"> 12";NA;NA;NA;NA;NA;17;17;"PE";0;0;26
7;2025;"> 12";NA;NA;NA;NA;NA;16;14;"PE";0;0;26
8;2025;"> 12";NA;NA;NA;NA;NA;17;17;"PE";0;0;26
9;2025;"> 12";NA;NA;NA;NA;NA;22;21;"PE";0;0;26
10;2025;"> 12";NA;NA;NA;NA;NA;23;29;"PE";0;0;26
11;2025;"> 12";NA;NA;NA;NA;NA;25;19;"PE";0;0;26
12;2025;"> 12";NA;NA;NA;NA;NA;21;28;"PE";0;0;26
13;2025;"> 12";NA;NA;NA;NA;NA;27;17;"PE";0;0;26
14;2025;"> 12";NA;NA;NA;NA;NA;31;37;"PE";0;0;26
15;2025;"> 12";NA;NA;NA;NA;NA;35;40;"PE";0;0;26
16;2025;"> 12";NA;NA;NA;NA;NA;35;29;"PE";0;0;26
17;2025;"> 12";NA;NA;NA;NA;NA;32;35;"PE";0;0;26
18;2025;"> 12";NA;NA;NA;NA;NA;29;31;"PE";0;0;26
19;2025;"> 12";NA;NA;NA;NA;NA;27;21;"PE";0;0;26
20;2025;"> 12";NA;NA;NA;NA;NA;30;28;"PE";0;0;26
21;2025;"> 12";NA;NA;NA;NA;NA;32;42;"PE";0;0;26
22;2025;"> 12";NA;NA;NA;NA;NA;33;25;"PE";0;0;26
23;2025;"> 12";NA;NA;NA;NA;NA;28;31;"PE";0;0;26
24;2025;"> 12";NA;NA;NA;NA;NA;28;28;"PE";0;0;26
25;2025;"> 12";NA;NA;NA;NA;NA;28;26;"PE";0;0;26
26;2025;"> 12";NA;NA;NA;NA;NA;29;29;"PE";0;0;26
27;2025;"> 12";NA;NA;NA;NA;NA;32;31;"PE";0;0;26
28;2025;"> 12";NA;NA;NA;NA;NA;31;36;"PE";0;0;26
29;2025;"> 12";NA;NA;NA;NA;NA;32;26;"PE";0;0;26
30;2025;"> 12";NA;NA;NA;NA;NA;27;35;"PE";0;0;26
31;2025;"> 12";NA;NA;NA;NA;NA;23;20;"PE";0;0;26
32;2025;"> 12";NA;NA;NA;NA;NA;16;14;"PE";0;0;26
33;2025;"> 12";NA;NA;NA;NA;NA;13;14;"PE";0;0;26
34;2025;"> 12";NA;NA;NA;NA;NA;13;12;"PE";0;0;26
35;2025;"> 12";NA;NA;NA;NA;NA;12;12;"PE";0;0;26
36;2025;"> 12";NA;NA;NA;NA;NA;15;13;"PE";0;0;26
37;2025;"> 12";NA;NA;NA;NA;NA;17;20;"PE";0;0;26
38;2025;"> 12";NA;NA;NA;NA;NA;16;17;"PE";0;0;26
39;2025;"> 12";NA;NA;NA;NA;NA;13;10;"PE";0;0;26
40;2025;"> 12";NA;NA;NA;NA;NA;13;13;"PE";0;0;26
41;2025;"> 12";NA;NA;NA;NA;NA;14;16;"PE";0;0;26
42;2025;"> 12";NA;NA;NA;NA;NA;12;13;"PE";0;0;26
43;2025;"> 12";NA;NA;NA;NA;NA;12;7;"PE";0;0;26
44;2025;"> 12";NA;NA;NA;NA;NA;10;15;"PE";0;0;26
45;2025;"> 12";NA;NA;NA;NA;NA;11;9;"PE";0;0;26
46;2025;"> 12";NA;NA;NA;NA;NA;8;9;"PE";0;0;26
47;2025;"> 12";NA;NA;NA;NA;NA;7;7;"PE";0;0;26
48;2025;"> 12";NA;NA;NA;NA;NA;8;4;"PE";0;0;26
49;2025;"> 12";NA;NA;NA;NA;NA;9;13;"PE";0;0;26
50;2025;"> 12";NA;NA;NA;NA;NA;12;11;"PE";0;0;26
51;2025;"> 12";NA;NA;NA;NA;NA;12;12;"PE";0;0;26
52;2025;"> 12";NA;NA;NA;NA;NA;11;14;"PE";0;0;26
53;2025;"> 12";NA;NA;NA;NA;NA;11;6;"PE";0;0;26
1;2026;"> 12";NA;NA;NA;NA;NA;11;14;"PE";0;0;26
2;2026;"> 12";NA;NA;NA;NA;NA;12;13;"PE";0;0;26
3;2026;"> 12";NA;NA;NA;NA;NA;11;9;"PE";0;0;26
4;2026;"> 12";NA;NA;NA;NA;NA;11;10;"PE";0;0;26
5;2026;"> 12";NA;NA;NA;NA;NA;18;15;"PE";0;0;26
6;2026;"> 12";NA;NA;NA;NA;NA;29;29;"PE";0;0;26
7;2026;"> 12";NA;NA;NA;NA;NA;37;42;"PE";0;0;26
8;2026;"> 12";NA;NA;NA;NA;NA;43;41;"PE";0;0;26
9;2026;"> 12";NA;NA;NA;NA;NA;38;46;"PE";0;0;26
10;2026;"> 12";NA;NA;NA;NA;NA;35;28;"PE";0;0;26
11;2026;"> 12";30;31;30;30;30;26;31;"PE";0;0;26
12;2026;"> 12";20;22;20;20;20;24;20;"PE";0;0;26
13;2026;"> 12";22;24;22;23;22;19;22;"PE";0;0;26
14;2026;"> 12";15;18;15;16;15;20;15;"PE";0;0;26
15;2026;"> 12";24;27;23;25;23;21;23;"PE";0;0;26
16;2026;"> 12";23;27;22;24;22;21;22;"PE";0;0;26
17;2026;"> 12";16;20;14;17;15;19;14;"PE";0;0;26
18;2026;"> 12";17;25;12;19;15;17;18;"PE";0;0;26
19;2026;"> 12";18;36;9;24;14;NA;12;"PE";0;0;26
1;2022;"> 12";NA;NA;NA;NA;NA;NA;211;"PI";0;0;22
2;2022;"> 12";NA;NA;NA;NA;NA;188;183;"PI";0;0;22
3;2022;"> 12";NA;NA;NA;NA;NA;171;170;"PI";0;0;22
4;2022;"> 12";NA;NA;NA;NA;NA;160;161;"PI";0;0;22
5;2022;"> 12";NA;NA;NA;NA;NA;142;148;"PI";0;0;22
6;2022;"> 12";NA;NA;NA;NA;NA;107;116;"PI";0;0;22
7;2022;"> 12";NA;NA;NA;NA;NA;74;56;"PI";0;0;22
8;2022;"> 12";NA;NA;NA;NA;NA;44;51;"PI";0;0;22
9;2022;"> 12";NA;NA;NA;NA;NA;34;26;"PI";0;0;22
10;2022;"> 12";NA;NA;NA;NA;NA;24;26;"PI";0;0;22
11;2022;"> 12";NA;NA;NA;NA;NA;24;20;"PI";0;0;22
12;2022;"> 12";NA;NA;NA;NA;NA;20;27;"PI";0;0;22
13;2022;"> 12";NA;NA;NA;NA;NA;20;13;"PI";0;0;22
14;2022;"> 12";NA;NA;NA;NA;NA;15;21;"PI";0;0;22
15;2022;"> 12";NA;NA;NA;NA;NA;18;11;"PI";0;0;22
16;2022;"> 12";NA;NA;NA;NA;NA;12;21;"PI";0;0;22
17;2022;"> 12";NA;NA;NA;NA;NA;15;5;"PI";0;0;22
18;2022;"> 12";NA;NA;NA;NA;NA;14;20;"PI";0;0;22
19;2022;"> 12";NA;NA;NA;NA;NA;20;16;"PI";0;0;22
20;2022;"> 12";NA;NA;NA;NA;NA;18;23;"PI";0;0;22
21;2022;"> 12";NA;NA;NA;NA;NA;20;16;"PI";0;0;22
22;2022;"> 12";NA;NA;NA;NA;NA;22;22;"PI";0;0;22
23;2022;"> 12";NA;NA;NA;NA;NA;24;29;"PI";0;0;22
24;2022;"> 12";NA;NA;NA;NA;NA;33;21;"PI";0;0;22
25;2022;"> 12";NA;NA;NA;NA;NA;45;49;"PI";0;0;22
26;2022;"> 12";NA;NA;NA;NA;NA;57;66;"PI";0;0;22
27;2022;"> 12";NA;NA;NA;NA;NA;59;57;"PI";0;0;22
28;2022;"> 12";NA;NA;NA;NA;NA;53;55;"PI";0;0;22
29;2022;"> 12";NA;NA;NA;NA;NA;43;47;"PI";0;0;22
30;2022;"> 12";NA;NA;NA;NA;NA;29;27;"PI";0;0;22
31;2022;"> 12";NA;NA;NA;NA;NA;20;13;"PI";0;0;22
32;2022;"> 12";NA;NA;NA;NA;NA;17;20;"PI";0;0;22
33;2022;"> 12";NA;NA;NA;NA;NA;17;18;"PI";0;0;22
34;2022;"> 12";NA;NA;NA;NA;NA;13;12;"PI";0;0;22
35;2022;"> 12";NA;NA;NA;NA;NA;11;8;"PI";0;0;22
36;2022;"> 12";NA;NA;NA;NA;NA;11;14;"PI";0;0;22
37;2022;"> 12";NA;NA;NA;NA;NA;11;11;"PI";0;0;22
38;2022;"> 12";NA;NA;NA;NA;NA;8;9;"PI";0;0;22
39;2022;"> 12";NA;NA;NA;NA;NA;6;5;"PI";0;0;22
40;2022;"> 12";NA;NA;NA;NA;NA;6;5;"PI";0;0;22
41;2022;"> 12";NA;NA;NA;NA;NA;8;9;"PI";0;0;22
42;2022;"> 12";NA;NA;NA;NA;NA;11;10;"PI";0;0;22
43;2022;"> 12";NA;NA;NA;NA;NA;12;13;"PI";0;0;22
44;2022;"> 12";NA;NA;NA;NA;NA;12;12;"PI";0;0;22
45;2022;"> 12";NA;NA;NA;NA;NA;14;11;"PI";0;0;22
46;2022;"> 12";NA;NA;NA;NA;NA;21;18;"PI";0;0;22
47;2022;"> 12";NA;NA;NA;NA;NA;30;35;"PI";0;0;22
48;2022;"> 12";NA;NA;NA;NA;NA;38;36;"PI";0;0;22
49;2022;"> 12";NA;NA;NA;NA;NA;36;43;"PI";0;0;22
50;2022;"> 12";NA;NA;NA;NA;NA;30;29;"PI";0;0;22
51;2022;"> 12";NA;NA;NA;NA;NA;19;19;"PI";0;0;22
52;2022;"> 12";NA;NA;NA;NA;NA;15;10;"PI";0;0;22
1;2023;"> 12";NA;NA;NA;NA;NA;15;16;"PI";0;0;22
2;2023;"> 12";NA;NA;NA;NA;NA;15;19;"PI";0;0;22
3;2023;"> 12";NA;NA;NA;NA;NA;13;9;"PI";0;0;22
4;2023;"> 12";NA;NA;NA;NA;NA;8;11;"PI";0;0;22
5;2023;"> 12";NA;NA;NA;NA;NA;10;5;"PI";0;0;22
6;2023;"> 12";NA;NA;NA;NA;NA;9;15;"PI";0;0;22
7;2023;"> 12";NA;NA;NA;NA;NA;10;6;"PI";0;0;22
8;2023;"> 12";NA;NA;NA;NA;NA;9;10;"PI";0;0;22
9;2023;"> 12";NA;NA;NA;NA;NA;10;10;"PI";0;0;22
10;2023;"> 12";NA;NA;NA;NA;NA;10;11;"PI";0;0;22
11;2023;"> 12";NA;NA;NA;NA;NA;12;10;"PI";0;0;22
12;2023;"> 12";NA;NA;NA;NA;NA;15;16;"PI";0;0;22
13;2023;"> 12";NA;NA;NA;NA;NA;16;18;"PI";0;0;22
14;2023;"> 12";NA;NA;NA;NA;NA;15;13;"PI";0;0;22
15;2023;"> 12";NA;NA;NA;NA;NA;14;15;"PI";0;0;22
16;2023;"> 12";NA;NA;NA;NA;NA;16;13;"PI";0;0;22
17;2023;"> 12";NA;NA;NA;NA;NA;21;21;"PI";0;0;22
18;2023;"> 12";NA;NA;NA;NA;NA;26;30;"PI";0;0;22
19;2023;"> 12";NA;NA;NA;NA;NA;27;27;"PI";0;0;22
20;2023;"> 12";NA;NA;NA;NA;NA;23;25;"PI";0;0;22
21;2023;"> 12";NA;NA;NA;NA;NA;22;16;"PI";0;0;22
22;2023;"> 12";NA;NA;NA;NA;NA;19;25;"PI";0;0;22
23;2023;"> 12";NA;NA;NA;NA;NA;20;16;"PI";0;0;22
24;2023;"> 12";NA;NA;NA;NA;NA;16;19;"PI";0;0;22
25;2023;"> 12";NA;NA;NA;NA;NA;15;14;"PI";0;0;22
26;2023;"> 12";NA;NA;NA;NA;NA;11;12;"PI";0;0;22
27;2023;"> 12";NA;NA;NA;NA;NA;7;7;"PI";0;0;22
28;2023;"> 12";NA;NA;NA;NA;NA;6;3;"PI";0;0;22
29;2023;"> 12";NA;NA;NA;NA;NA;7;9;"PI";0;0;22
30;2023;"> 12";NA;NA;NA;NA;NA;10;8;"PI";0;0;22
31;2023;"> 12";NA;NA;NA;NA;NA;9;14;"PI";0;0;22
32;2023;"> 12";NA;NA;NA;NA;NA;9;6;"PI";0;0;22
33;2023;"> 12";NA;NA;NA;NA;NA;6;6;"PI";0;0;22
34;2023;"> 12";NA;NA;NA;NA;NA;8;7;"PI";0;0;22
35;2023;"> 12";NA;NA;NA;NA;NA;8;10;"PI";0;0;22
36;2023;"> 12";NA;NA;NA;NA;NA;9;8;"PI";0;0;22
37;2023;"> 12";NA;NA;NA;NA;NA;7;8;"PI";0;0;22
38;2023;"> 12";NA;NA;NA;NA;NA;7;6;"PI";0;0;22
39;2023;"> 12";NA;NA;NA;NA;NA;7;6;"PI";0;0;22
40;2023;"> 12";NA;NA;NA;NA;NA;7;9;"PI";0;0;22
41;2023;"> 12";NA;NA;NA;NA;NA;7;6;"PI";0;0;22
42;2023;"> 12";NA;NA;NA;NA;NA;7;7;"PI";0;0;22
43;2023;"> 12";NA;NA;NA;NA;NA;5;7;"PI";0;0;22
44;2023;"> 12";NA;NA;NA;NA;NA;4;2;"PI";0;0;22
45;2023;"> 12";NA;NA;NA;NA;NA;4;3;"PI";0;0;22
46;2023;"> 12";NA;NA;NA;NA;NA;8;7;"PI";0;0;22
47;2023;"> 12";NA;NA;NA;NA;NA;10;13;"PI";0;0;22
48;2023;"> 12";NA;NA;NA;NA;NA;10;9;"PI";0;0;22
49;2023;"> 12";NA;NA;NA;NA;NA;10;8;"PI";0;0;22
50;2023;"> 12";NA;NA;NA;NA;NA;13;13;"PI";0;0;22
51;2023;"> 12";NA;NA;NA;NA;NA;17;17;"PI";0;0;22
52;2023;"> 12";NA;NA;NA;NA;NA;21;21;"PI";0;0;22
1;2024;"> 12";NA;NA;NA;NA;NA;22;26;"PI";0;0;22
2;2024;"> 12";NA;NA;NA;NA;NA;21;19;"PI";0;0;22
3;2024;"> 12";NA;NA;NA;NA;NA;14;18;"PI";0;0;22
4;2024;"> 12";NA;NA;NA;NA;NA;13;6;"PI";0;0;22
5;2024;"> 12";NA;NA;NA;NA;NA;10;16;"PI";0;0;22
6;2024;"> 12";NA;NA;NA;NA;NA;12;9;"PI";0;0;22
7;2024;"> 12";NA;NA;NA;NA;NA;11;10;"PI";0;0;22
8;2024;"> 12";NA;NA;NA;NA;NA;12;13;"PI";0;0;22
9;2024;"> 12";NA;NA;NA;NA;NA;13;13;"PI";0;0;22
10;2024;"> 12";NA;NA;NA;NA;NA;14;14;"PI";0;0;22
11;2024;"> 12";NA;NA;NA;NA;NA;12;16;"PI";0;0;22
12;2024;"> 12";NA;NA;NA;NA;NA;12;7;"PI";0;0;22
13;2024;"> 12";NA;NA;NA;NA;NA;12;12;"PI";0;0;22
14;2024;"> 12";NA;NA;NA;NA;NA;16;18;"PI";0;0;22
15;2024;"> 12";NA;NA;NA;NA;NA;19;17;"PI";0;0;22
16;2024;"> 12";NA;NA;NA;NA;NA;17;21;"PI";0;0;22
17;2024;"> 12";NA;NA;NA;NA;NA;16;14;"PI";0;0;22
18;2024;"> 12";NA;NA;NA;NA;NA;13;13;"PI";0;0;22
19;2024;"> 12";NA;NA;NA;NA;NA;11;12;"PI";0;0;22
20;2024;"> 12";NA;NA;NA;NA;NA;11;7;"PI";0;0;22
21;2024;"> 12";NA;NA;NA;NA;NA;9;14;"PI";0;0;22
22;2024;"> 12";NA;NA;NA;NA;NA;10;5;"PI";0;0;22
23;2024;"> 12";NA;NA;NA;NA;NA;9;12;"PI";0;0;22
24;2024;"> 12";NA;NA;NA;NA;NA;12;10;"PI";0;0;22
25;2024;"> 12";NA;NA;NA;NA;NA;11;14;"PI";0;0;22
26;2024;"> 12";NA;NA;NA;NA;NA;12;8;"PI";0;0;22
27;2024;"> 12";NA;NA;NA;NA;NA;10;14;"PI";0;0;22
28;2024;"> 12";NA;NA;NA;NA;NA;11;9;"PI";0;0;22
29;2024;"> 12";NA;NA;NA;NA;NA;9;10;"PI";0;0;22
30;2024;"> 12";NA;NA;NA;NA;NA;8;8;"PI";0;0;22
31;2024;"> 12";NA;NA;NA;NA;NA;6;5;"PI";0;0;22
32;2024;"> 12";NA;NA;NA;NA;NA;6;6;"PI";0;0;22
33;2024;"> 12";NA;NA;NA;NA;NA;9;8;"PI";0;0;22
34;2024;"> 12";NA;NA;NA;NA;NA;10;12;"PI";0;0;22
35;2024;"> 12";NA;NA;NA;NA;NA;10;9;"PI";0;0;22
36;2024;"> 12";NA;NA;NA;NA;NA;7;8;"PI";0;0;22
37;2024;"> 12";NA;NA;NA;NA;NA;7;5;"PI";0;0;22
38;2024;"> 12";NA;NA;NA;NA;NA;7;8;"PI";0;0;22
39;2024;"> 12";NA;NA;NA;NA;NA;7;7;"PI";0;0;22
40;2024;"> 12";NA;NA;NA;NA;NA;7;7;"PI";0;0;22
41;2024;"> 12";NA;NA;NA;NA;NA;8;7;"PI";0;0;22
42;2024;"> 12";NA;NA;NA;NA;NA;11;9;"PI";0;0;22
43;2024;"> 12";NA;NA;NA;NA;NA;10;18;"PI";0;0;22
44;2024;"> 12";NA;NA;NA;NA;NA;9;3;"PI";0;0;22
45;2024;"> 12";NA;NA;NA;NA;NA;6;6;"PI";0;0;22
46;2024;"> 12";NA;NA;NA;NA;NA;6;9;"PI";0;0;22
47;2024;"> 12";NA;NA;NA;NA;NA;9;3;"PI";0;0;22
48;2024;"> 12";NA;NA;NA;NA;NA;9;14;"PI";0;0;22
49;2024;"> 12";NA;NA;NA;NA;NA;9;9;"PI";0;0;22
50;2024;"> 12";NA;NA;NA;NA;NA;6;4;"PI";0;0;22
51;2024;"> 12";NA;NA;NA;NA;NA;6;4;"PI";0;0;22
52;2024;"> 12";NA;NA;NA;NA;NA;10;11;"PI";0;0;22
1;2025;"> 12";NA;NA;NA;NA;NA;16;14;"PI";0;0;22
2;2025;"> 12";NA;NA;NA;NA;NA;19;24;"PI";0;0;22
3;2025;"> 12";NA;NA;NA;NA;NA;18;19;"PI";0;0;22
4;2025;"> 12";NA;NA;NA;NA;NA;12;10;"PI";0;0;22
5;2025;"> 12";NA;NA;NA;NA;NA;13;8;"PI";0;0;22
6;2025;"> 12";NA;NA;NA;NA;NA;14;21;"PI";0;0;22
7;2025;"> 12";NA;NA;NA;NA;NA;18;14;"PI";0;0;22
8;2025;"> 12";NA;NA;NA;NA;NA;14;18;"PI";0;0;22
9;2025;"> 12";NA;NA;NA;NA;NA;13;9;"PI";0;0;22
10;2025;"> 12";NA;NA;NA;NA;NA;11;13;"PI";0;0;22
11;2025;"> 12";NA;NA;NA;NA;NA;13;12;"PI";0;0;22
12;2025;"> 12";NA;NA;NA;NA;NA;11;14;"PI";0;0;22
13;2025;"> 12";NA;NA;NA;NA;NA;10;6;"PI";0;0;22
14;2025;"> 12";NA;NA;NA;NA;NA;9;10;"PI";0;0;22
15;2025;"> 12";NA;NA;NA;NA;NA;10;11;"PI";0;0;22
16;2025;"> 12";NA;NA;NA;NA;NA;10;10;"PI";0;0;22
17;2025;"> 12";NA;NA;NA;NA;NA;11;8;"PI";0;0;22
18;2025;"> 12";NA;NA;NA;NA;NA;10;15;"PI";0;0;22
19;2025;"> 12";NA;NA;NA;NA;NA;10;7;"PI";0;0;22
20;2025;"> 12";NA;NA;NA;NA;NA;11;7;"PI";0;0;22
21;2025;"> 12";NA;NA;NA;NA;NA;12;18;"PI";0;0;22
22;2025;"> 12";NA;NA;NA;NA;NA;15;11;"PI";0;0;22
23;2025;"> 12";NA;NA;NA;NA;NA;14;17;"PI";0;0;22
24;2025;"> 12";NA;NA;NA;NA;NA;15;14;"PI";0;0;22
25;2025;"> 12";NA;NA;NA;NA;NA;14;14;"PI";0;0;22
26;2025;"> 12";NA;NA;NA;NA;NA;13;15;"PI";0;0;22
27;2025;"> 12";NA;NA;NA;NA;NA;12;9;"PI";0;0;22
28;2025;"> 12";NA;NA;NA;NA;NA;11;11;"PI";0;0;22
29;2025;"> 12";NA;NA;NA;NA;NA;10;12;"PI";0;0;22
30;2025;"> 12";NA;NA;NA;NA;NA;8;6;"PI";0;0;22
31;2025;"> 12";NA;NA;NA;NA;NA;8;7;"PI";0;0;22
32;2025;"> 12";NA;NA;NA;NA;NA;13;12;"PI";0;0;22
33;2025;"> 12";NA;NA;NA;NA;NA;15;21;"PI";0;0;22
34;2025;"> 12";NA;NA;NA;NA;NA;16;12;"PI";0;0;22
35;2025;"> 12";NA;NA;NA;NA;NA;13;14;"PI";0;0;22
36;2025;"> 12";NA;NA;NA;NA;NA;14;14;"PI";0;0;22
37;2025;"> 12";NA;NA;NA;NA;NA;12;14;"PI";0;0;22
38;2025;"> 12";NA;NA;NA;NA;NA;10;7;"PI";0;0;22
39;2025;"> 12";NA;NA;NA;NA;NA;9;8;"PI";0;0;22
40;2025;"> 12";NA;NA;NA;NA;NA;10;13;"PI";0;0;22
41;2025;"> 12";NA;NA;NA;NA;NA;10;10;"PI";0;0;22
42;2025;"> 12";NA;NA;NA;NA;NA;9;7;"PI";0;0;22
43;2025;"> 12";NA;NA;NA;NA;NA;8;9;"PI";0;0;22
44;2025;"> 12";NA;NA;NA;NA;NA;8;7;"PI";0;0;22
45;2025;"> 12";NA;NA;NA;NA;NA;7;8;"PI";0;0;22
46;2025;"> 12";NA;NA;NA;NA;NA;7;5;"PI";0;0;22
47;2025;"> 12";NA;NA;NA;NA;NA;7;8;"PI";0;0;22
48;2025;"> 12";NA;NA;NA;NA;NA;8;7;"PI";0;0;22
49;2025;"> 12";NA;NA;NA;NA;NA;7;9;"PI";0;0;22
50;2025;"> 12";NA;NA;NA;NA;NA;8;6;"PI";0;0;22
51;2025;"> 12";NA;NA;NA;NA;NA;10;10;"PI";0;0;22
52;2025;"> 12";NA;NA;NA;NA;NA;12;14;"PI";0;0;22
53;2025;"> 12";NA;NA;NA;NA;NA;11;12;"PI";0;0;22
1;2026;"> 12";NA;NA;NA;NA;NA;12;8;"PI";0;0;22
2;2026;"> 12";NA;NA;NA;NA;NA;10;15;"PI";0;0;22
3;2026;"> 12";NA;NA;NA;NA;NA;9;6;"PI";0;0;22
4;2026;"> 12";NA;NA;NA;NA;NA;8;6;"PI";0;0;22
5;2026;"> 12";12;13;12;12;12;8;12;"PI";0;0;22
6;2026;"> 12";7;8;7;7;7;12;7;"PI";0;0;22
7;2026;"> 12";17;19;17;17;17;15;17;"PI";0;0;22
8;2026;"> 12";20;22;20;21;20;19;20;"PI";0;0;22
9;2026;"> 12";21;23;21;22;21;19;22;"PI";0;0;22
10;2026;"> 12";17;20;17;18;17;20;17;"PI";0;0;22
11;2026;"> 12";21;24;21;22;21;19;21;"PI";0;0;22
12;2026;"> 12";20;23;19;21;19;21;19;"PI";0;0;22
13;2026;"> 12";22;26;21;23;21;22;22;"PI";0;0;22
14;2026;"> 12";25;30;23;27;24;19;23;"PI";0;0;22
15;2026;"> 12";10;17;7;12;9;15;8;"PI";0;0;22
16;2026;"> 12";10;18;6;12;8;10;9;"PI";0;0;22
17;2026;"> 12";11;21;6;14;9;11;9;"PI";0;0;22
18;2026;"> 12";12;24;6;15;9;10;7;"PI";0;0;22
19;2026;"> 12";8;26;1;13;5;NA;1;"PI";0;0;22
1;2022;"> 12";NA;NA;NA;NA;NA;NA;925;"PR";0,5;1;41
2;2022;"> 12";NA;NA;NA;NA;NA;1030;1017;"PR";0,5;1;41
3;2022;"> 12";NA;NA;NA;NA;NA;1031;1148;"PR";0,5;1;41
4;2022;"> 12";NA;NA;NA;NA;NA;964;929;"PR";0,5;1;41
5;2022;"> 12";NA;NA;NA;NA;NA;798;815;"PR";0,5;1;41
6;2022;"> 12";NA;NA;NA;NA;NA;641;649;"PR";0,5;1;41
7;2022;"> 12";NA;NA;NA;NA;NA;483;460;"PR";0,5;1;41
8;2022;"> 12";NA;NA;NA;NA;NA;357;339;"PR";0,5;1;41
9;2022;"> 12";NA;NA;NA;NA;NA;269;272;"PR";0,5;1;41
10;2022;"> 12";NA;NA;NA;NA;NA;214;197;"PR";0,5;1;41
11;2022;"> 12";NA;NA;NA;NA;NA;181;174;"PR";0,5;1;41
12;2022;"> 12";NA;NA;NA;NA;NA;176;173;"PR";0,5;1;41
13;2022;"> 12";NA;NA;NA;NA;NA;180;182;"PR";0,5;1;41
14;2022;"> 12";NA;NA;NA;NA;NA;191;184;"PR";0,5;1;41
15;2022;"> 12";NA;NA;NA;NA;NA;214;208;"PR";0,5;1;41
16;2022;"> 12";NA;NA;NA;NA;NA;236;249;"PR";0,5;1;41
17;2022;"> 12";NA;NA;NA;NA;NA;273;251;"PR";0,5;1;41
18;2022;"> 12";NA;NA;NA;NA;NA;324;318;"PR";0,5;1;41
19;2022;"> 12";NA;NA;NA;NA;NA;418;404;"PR";0,5;1;41
20;2022;"> 12";NA;NA;NA;NA;NA;487;532;"PR";0,5;1;41
21;2022;"> 12";NA;NA;NA;NA;NA;514;526;"PR";0,5;1;41
22;2022;"> 12";NA;NA;NA;NA;NA;499;483;"PR";0,5;1;41
23;2022;"> 12";NA;NA;NA;NA;NA;497;489;"PR";0,5;1;41
24;2022;"> 12";NA;NA;NA;NA;NA;491;520;"PR";0,5;1;41
25;2022;"> 12";NA;NA;NA;NA;NA;470;465;"PR";0,5;1;41
26;2022;"> 12";NA;NA;NA;NA;NA;439;424;"PR";0,5;1;41
27;2022;"> 12";NA;NA;NA;NA;NA;412;427;"PR";0,5;1;41
28;2022;"> 12";NA;NA;NA;NA;NA;372;386;"PR";0,5;1;41
29;2022;"> 12";NA;NA;NA;NA;NA;317;302;"PR";0,5;1;41
30;2022;"> 12";NA;NA;NA;NA;NA;282;264;"PR";0,5;1;41
31;2022;"> 12";NA;NA;NA;NA;NA;258;280;"PR";0,5;1;41
32;2022;"> 12";NA;NA;NA;NA;NA;266;231;"PR";0,5;1;41
33;2022;"> 12";NA;NA;NA;NA;NA;248;287;"PR";0,5;1;41
34;2022;"> 12";NA;NA;NA;NA;NA;239;226;"PR";0,5;1;41
35;2022;"> 12";NA;NA;NA;NA;NA;205;204;"PR";0,5;1;41
36;2022;"> 12";NA;NA;NA;NA;NA;185;184;"PR";0,5;1;41
37;2022;"> 12";NA;NA;NA;NA;NA;168;166;"PR";0,5;1;41
38;2022;"> 12";NA;NA;NA;NA;NA;163;153;"PR";0,5;1;41
39;2022;"> 12";NA;NA;NA;NA;NA;152;169;"PR";0,5;1;41
40;2022;"> 12";NA;NA;NA;NA;NA;152;133;"PR";0,5;1;41
41;2022;"> 12";NA;NA;NA;NA;NA;134;154;"PR";0,5;1;41
42;2022;"> 12";NA;NA;NA;NA;NA;130;115;"PR";0,5;1;41
43;2022;"> 12";NA;NA;NA;NA;NA;120;120;"PR";0,5;1;41
44;2022;"> 12";NA;NA;NA;NA;NA;142;125;"PR";0,5;1;41
45;2022;"> 12";NA;NA;NA;NA;NA;191;180;"PR";0,5;1;41
46;2022;"> 12";NA;NA;NA;NA;NA;233;268;"PR";0,5;1;41
47;2022;"> 12";NA;NA;NA;NA;NA;281;250;"PR";0,5;1;41
48;2022;"> 12";NA;NA;NA;NA;NA;293;325;"PR";0,5;1;41
49;2022;"> 12";NA;NA;NA;NA;NA;305;303;"PR";0,5;1;41
50;2022;"> 12";NA;NA;NA;NA;NA;285;288;"PR";0,5;1;41
51;2022;"> 12";NA;NA;NA;NA;NA;273;265;"PR";0,5;1;41
52;2022;"> 12";NA;NA;NA;NA;NA;240;267;"PR";0,5;1;41
1;2023;"> 12";NA;NA;NA;NA;NA;212;188;"PR";0,5;1;41
2;2023;"> 12";NA;NA;NA;NA;NA;167;181;"PR";0,5;1;41
3;2023;"> 12";NA;NA;NA;NA;NA;136;133;"PR";0,5;1;41
4;2023;"> 12";NA;NA;NA;NA;NA;110;95;"PR";0,5;1;41
5;2023;"> 12";NA;NA;NA;NA;NA;96;101;"PR";0,5;1;41
6;2023;"> 12";NA;NA;NA;NA;NA;101;91;"PR";0,5;1;41
7;2023;"> 12";NA;NA;NA;NA;NA;108;111;"PR";0,5;1;41
8;2023;"> 12";NA;NA;NA;NA;NA;125;122;"PR";0,5;1;41
9;2023;"> 12";NA;NA;NA;NA;NA;132;141;"PR";0,5;1;41
10;2023;"> 12";NA;NA;NA;NA;NA;137;133;"PR";0,5;1;41
11;2023;"> 12";NA;NA;NA;NA;NA;146;136;"PR";0,5;1;41
12;2023;"> 12";NA;NA;NA;NA;NA;151;168;"PR";0,5;1;41
13;2023;"> 12";NA;NA;NA;NA;NA;150;149;"PR";0,5;1;41
14;2023;"> 12";NA;NA;NA;NA;NA;158;132;"PR";0,5;1;41
15;2023;"> 12";NA;NA;NA;NA;NA;170;194;"PR";0,5;1;41
16;2023;"> 12";NA;NA;NA;NA;NA;184;184;"PR";0,5;1;41
17;2023;"> 12";NA;NA;NA;NA;NA;188;173;"PR";0,5;1;41
18;2023;"> 12";NA;NA;NA;NA;NA;192;208;"PR";0,5;1;41
19;2023;"> 12";NA;NA;NA;NA;NA;217;195;"PR";0,5;1;41
20;2023;"> 12";NA;NA;NA;NA;NA;216;249;"PR";0,5;1;41
21;2023;"> 12";NA;NA;NA;NA;NA;223;203;"PR";0,5;1;41
22;2023;"> 12";NA;NA;NA;NA;NA;205;216;"PR";0,5;1;41
23;2023;"> 12";NA;NA;NA;NA;NA;203;195;"PR";0,5;1;41
24;2023;"> 12";NA;NA;NA;NA;NA;204;199;"PR";0,5;1;41
25;2023;"> 12";NA;NA;NA;NA;NA;207;218;"PR";0,5;1;41
26;2023;"> 12";NA;NA;NA;NA;NA;201;205;"PR";0,5;1;41
27;2023;"> 12";NA;NA;NA;NA;NA;188;180;"PR";0,5;1;41
28;2023;"> 12";NA;NA;NA;NA;NA;176;178;"PR";0,5;1;41
29;2023;"> 12";NA;NA;NA;NA;NA;154;169;"PR";0,5;1;41
30;2023;"> 12";NA;NA;NA;NA;NA;138;114;"PR";0,5;1;41
31;2023;"> 12";NA;NA;NA;NA;NA;116;131;"PR";0,5;1;41
32;2023;"> 12";NA;NA;NA;NA;NA;124;103;"PR";0,5;1;41
33;2023;"> 12";NA;NA;NA;NA;NA;125;138;"PR";0,5;1;41
34;2023;"> 12";NA;NA;NA;NA;NA;139;135;"PR";0,5;1;41
35;2023;"> 12";NA;NA;NA;NA;NA;137;144;"PR";0,5;1;41
36;2023;"> 12";NA;NA;NA;NA;NA;135;131;"PR";0,5;1;41
37;2023;"> 12";NA;NA;NA;NA;NA;124;131;"PR";0,5;1;41
38;2023;"> 12";NA;NA;NA;NA;NA;124;111;"PR";0,5;1;41
39;2023;"> 12";NA;NA;NA;NA;NA;129;130;"PR";0,5;1;41
40;2023;"> 12";NA;NA;NA;NA;NA;142;145;"PR";0,5;1;41
41;2023;"> 12";NA;NA;NA;NA;NA;148;152;"PR";0,5;1;41
42;2023;"> 12";NA;NA;NA;NA;NA;152;148;"PR";0,5;1;41
43;2023;"> 12";NA;NA;NA;NA;NA;155;156;"PR";0,5;1;41
44;2023;"> 12";NA;NA;NA;NA;NA;164;162;"PR";0,5;1;41
45;2023;"> 12";NA;NA;NA;NA;NA;154;173;"PR";0,5;1;41
46;2023;"> 12";NA;NA;NA;NA;NA;140;128;"PR";0,5;1;41
47;2023;"> 12";NA;NA;NA;NA;NA;119;119;"PR";0,5;1;41
48;2023;"> 12";NA;NA;NA;NA;NA;105;109;"PR";0,5;1;41
49;2023;"> 12";NA;NA;NA;NA;NA;106;87;"PR";0,5;1;41
50;2023;"> 12";NA;NA;NA;NA;NA;102;122;"PR";0,5;1;41
51;2023;"> 12";NA;NA;NA;NA;NA;100;97;"PR";0,5;1;41
52;2023;"> 12";NA;NA;NA;NA;NA;93;80;"PR";0,5;1;41
1;2024;"> 12";NA;NA;NA;NA;NA;97;102;"PR";0,5;1;41
2;2024;"> 12";NA;NA;NA;NA;NA;98;109;"PR";0,5;1;41
3;2024;"> 12";NA;NA;NA;NA;NA;92;84;"PR";0,5;1;41
4;2024;"> 12";NA;NA;NA;NA;NA;87;82;"PR";0,5;1;41
5;2024;"> 12";NA;NA;NA;NA;NA;92;94;"PR";0,5;1;41
6;2024;"> 12";NA;NA;NA;NA;NA;100;101;"PR";0,5;1;41
7;2024;"> 12";NA;NA;NA;NA;NA;111;105;"PR";0,5;1;41
8;2024;"> 12";NA;NA;NA;NA;NA;119;127;"PR";0,5;1;41
9;2024;"> 12";NA;NA;NA;NA;NA;129;125;"PR";0,5;1;41
10;2024;"> 12";NA;NA;NA;NA;NA;137;136;"PR";0,5;1;41
11;2024;"> 12";NA;NA;NA;NA;NA;132;151;"PR";0,5;1;41
12;2024;"> 12";NA;NA;NA;NA;NA;118;108;"PR";0,5;1;41
13;2024;"> 12";NA;NA;NA;NA;NA;104;95;"PR";0,5;1;41
14;2024;"> 12";NA;NA;NA;NA;NA;107;109;"PR";0,5;1;41
15;2024;"> 12";NA;NA;NA;NA;NA;119;116;"PR";0,5;1;41
16;2024;"> 12";NA;NA;NA;NA;NA;127;131;"PR";0,5;1;41
17;2024;"> 12";NA;NA;NA;NA;NA;140;133;"PR";0,5;1;41
18;2024;"> 12";NA;NA;NA;NA;NA;144;155;"PR";0,5;1;41
19;2024;"> 12";NA;NA;NA;NA;NA;156;145;"PR";0,5;1;41
20;2024;"> 12";NA;NA;NA;NA;NA;165;168;"PR";0,5;1;41
21;2024;"> 12";NA;NA;NA;NA;NA;181;181;"PR";0,5;1;41
22;2024;"> 12";NA;NA;NA;NA;NA;206;193;"PR";0,5;1;41
23;2024;"> 12";NA;NA;NA;NA;NA;226;244;"PR";0,5;1;41
24;2024;"> 12";NA;NA;NA;NA;NA;226;240;"PR";0,5;1;41
25;2024;"> 12";NA;NA;NA;NA;NA;210;195;"PR";0,5;1;41
26;2024;"> 12";NA;NA;NA;NA;NA;209;194;"PR";0,5;1;41
27;2024;"> 12";NA;NA;NA;NA;NA;227;239;"PR";0,5;1;41
28;2024;"> 12";NA;NA;NA;NA;NA;243;249;"PR";0,5;1;41
29;2024;"> 12";NA;NA;NA;NA;NA;226;240;"PR";0,5;1;41
30;2024;"> 12";NA;NA;NA;NA;NA;213;188;"PR";0,5;1;41
31;2024;"> 12";NA;NA;NA;NA;NA;191;210;"PR";0,5;1;41
32;2024;"> 12";NA;NA;NA;NA;NA;208;175;"PR";0,5;1;41
33;2024;"> 12";NA;NA;NA;NA;NA;227;240;"PR";0,5;1;41
34;2024;"> 12";NA;NA;NA;NA;NA;249;266;"PR";0,5;1;41
35;2024;"> 12";NA;NA;NA;NA;NA;269;240;"PR";0,5;1;41
36;2024;"> 12";NA;NA;NA;NA;NA;258;301;"PR";0,5;1;41
37;2024;"> 12";NA;NA;NA;NA;NA;252;232;"PR";0,5;1;41
38;2024;"> 12";NA;NA;NA;NA;NA;212;223;"PR";0,5;1;41
39;2024;"> 12";NA;NA;NA;NA;NA;193;180;"PR";0,5;1;41
40;2024;"> 12";NA;NA;NA;NA;NA;167;176;"PR";0,5;1;41
41;2024;"> 12";NA;NA;NA;NA;NA;170;144;"PR";0,5;1;41
42;2024;"> 12";NA;NA;NA;NA;NA;170;189;"PR";0,5;1;41
43;2024;"> 12";NA;NA;NA;NA;NA;170;177;"PR";0,5;1;41
44;2024;"> 12";NA;NA;NA;NA;NA;146;145;"PR";0,5;1;41
45;2024;"> 12";NA;NA;NA;NA;NA;135;117;"PR";0,5;1;41
46;2024;"> 12";NA;NA;NA;NA;NA;132;142;"PR";0,5;1;41
47;2024;"> 12";NA;NA;NA;NA;NA;130;138;"PR";0,5;1;41
48;2024;"> 12";NA;NA;NA;NA;NA;135;111;"PR";0,5;1;41
49;2024;"> 12";NA;NA;NA;NA;NA;135;157;"PR";0,5;1;41
50;2024;"> 12";NA;NA;NA;NA;NA;139;136;"PR";0,5;1;41
51;2024;"> 12";NA;NA;NA;NA;NA;125;125;"PR";0,5;1;41
52;2024;"> 12";NA;NA;NA;NA;NA;124;113;"PR";0,5;1;41
1;2025;"> 12";NA;NA;NA;NA;NA;119;135;"PR";0,5;1;41
2;2025;"> 12";NA;NA;NA;NA;NA;115;110;"PR";0,5;1;41
3;2025;"> 12";NA;NA;NA;NA;NA;99;101;"PR";0,5;1;41
4;2025;"> 12";NA;NA;NA;NA;NA;94;85;"PR";0,5;1;41
5;2025;"> 12";NA;NA;NA;NA;NA;87;97;"PR";0,5;1;41
6;2025;"> 12";NA;NA;NA;NA;NA;100;80;"PR";0,5;1;41
7;2025;"> 12";NA;NA;NA;NA;NA;108;122;"PR";0,5;1;41
8;2025;"> 12";NA;NA;NA;NA;NA;120;123;"PR";0,5;1;41
9;2025;"> 12";NA;NA;NA;NA;NA;117;114;"PR";0,5;1;41
10;2025;"> 12";NA;NA;NA;NA;NA;116;113;"PR";0,5;1;41
11;2025;"> 12";NA;NA;NA;NA;NA;110;121;"PR";0,5;1;41
12;2025;"> 12";NA;NA;NA;NA;NA;106;95;"PR";0,5;1;41
13;2025;"> 12";NA;NA;NA;NA;NA;97;102;"PR";0,5;1;41
14;2025;"> 12";NA;NA;NA;NA;NA;99;95;"PR";0,5;1;41
15;2025;"> 12";NA;NA;NA;NA;NA;101;99;"PR";0,5;1;41
16;2025;"> 12";NA;NA;NA;NA;NA;129;110;"PR";0,5;1;41
17;2025;"> 12";NA;NA;NA;NA;NA;178;177;"PR";0,5;1;41
18;2025;"> 12";NA;NA;NA;NA;NA;244;248;"PR";0,5;1;41
19;2025;"> 12";NA;NA;NA;NA;NA;307;306;"PR";0,5;1;41
20;2025;"> 12";NA;NA;NA;NA;NA;364;367;"PR";0,5;1;41
21;2025;"> 12";NA;NA;NA;NA;NA;421;420;"PR";0,5;1;41
22;2025;"> 12";NA;NA;NA;NA;NA;493;475;"PR";0,5;1;41
23;2025;"> 12";NA;NA;NA;NA;NA;552;585;"PR";0,5;1;41
24;2025;"> 12";NA;NA;NA;NA;NA;581;597;"PR";0,5;1;41
25;2025;"> 12";NA;NA;NA;NA;NA;532;561;"PR";0,5;1;41
26;2025;"> 12";NA;NA;NA;NA;NA;452;437;"PR";0,5;1;41
27;2025;"> 12";NA;NA;NA;NA;NA;389;357;"PR";0,5;1;41
28;2025;"> 12";NA;NA;NA;NA;NA;361;374;"PR";0,5;1;41
29;2025;"> 12";NA;NA;NA;NA;NA;341;352;"PR";0,5;1;41
30;2025;"> 12";NA;NA;NA;NA;NA;301;298;"PR";0,5;1;41
31;2025;"> 12";NA;NA;NA;NA;NA;249;253;"PR";0,5;1;41
32;2025;"> 12";NA;NA;NA;NA;NA;224;195;"PR";0,5;1;41
33;2025;"> 12";NA;NA;NA;NA;NA;211;223;"PR";0,5;1;41
34;2025;"> 12";NA;NA;NA;NA;NA;205;214;"PR";0,5;1;41
35;2025;"> 12";NA;NA;NA;NA;NA;190;179;"PR";0,5;1;41
36;2025;"> 12";NA;NA;NA;NA;NA;181;176;"PR";0,5;1;41
37;2025;"> 12";NA;NA;NA;NA;NA;183;187;"PR";0,5;1;41
38;2025;"> 12";NA;NA;NA;NA;NA;186;185;"PR";0,5;1;41
39;2025;"> 12";NA;NA;NA;NA;NA;184;187;"PR";0,5;1;41
40;2025;"> 12";NA;NA;NA;NA;NA;186;180;"PR";0,5;1;41
41;2025;"> 12";NA;NA;NA;NA;NA;178;191;"PR";0,5;1;41
42;2025;"> 12";NA;NA;NA;NA;NA;181;162;"PR";0,5;1;41
43;2025;"> 12";NA;NA;NA;NA;NA;172;190;"PR";0,5;1;41
44;2025;"> 12";NA;NA;NA;NA;NA;172;164;"PR";0,5;1;41
45;2025;"> 12";NA;NA;NA;NA;NA;165;162;"PR";0,5;1;41
46;2025;"> 12";NA;NA;NA;NA;NA;166;168;"PR";0,5;1;41
47;2025;"> 12";NA;NA;NA;NA;NA;163;169;"PR";0,5;1;41
48;2025;"> 12";NA;NA;NA;NA;NA;157;153;"PR";0,5;1;41
49;2025;"> 12";NA;NA;NA;NA;NA;143;149;"PR";0,5;1;41
50;2025;"> 12";NA;NA;NA;NA;NA;129;128;"PR";0,5;1;41
51;2025;"> 12";NA;NA;NA;NA;NA;114;110;"PR";0,5;1;41
52;2025;"> 12";NA;NA;NA;NA;NA;110;105;"PR";0,5;1;41
53;2025;"> 12";NA;NA;NA;NA;NA;117;114;"PR";0,5;1;41
1;2026;"> 12";NA;NA;NA;NA;NA;119;132;"PR";0,5;1;41
2;2026;"> 12";NA;NA;NA;NA;NA;113;112;"PR";0,5;1;41
3;2026;"> 12";NA;NA;NA;NA;NA;97;96;"PR";0,5;1;41
4;2026;"> 12";NA;NA;NA;NA;NA;89;83;"PR";0,5;1;41
5;2026;"> 12";NA;NA;NA;NA;NA;94;89;"PR";0,5;1;41
6;2026;"> 12";NA;NA;NA;NA;NA;100;111;"PR";0,5;1;41
7;2026;"> 12";NA;NA;NA;NA;NA;114;100;"PR";0,5;1;41
8;2026;"> 12";NA;NA;NA;NA;NA;114;132;"PR";0,5;1;41
9;2026;"> 12";NA;NA;NA;NA;NA;128;111;"PR";0,5;1;41
10;2026;"> 12";NA;NA;NA;NA;NA;129;140;"PR";0,5;1;41
11;2026;"> 12";NA;NA;NA;NA;NA;127;137;"PR";0,5;1;41
12;2026;"> 12";NA;NA;NA;NA;NA;116;103;"PR";0,5;1;41
13;2026;"> 12";107;109;107;107;107;111;107;"PR";0,5;1;41
14;2026;"> 12";124;126;123;124;123;136;123;"PR";0,5;1;41
15;2026;"> 12";176;180;174;177;175;158;176;"PR";0,5;1;41
16;2026;"> 12";174;180;170;176;172;173;175;"PR";0,5;1;41
17;2026;"> 12";168;178;161;171;165;179;158;"PR";0,5;1;41
18;2026;"> 12";195;227;177;205;188;196;189;"PR";0,5;1;41
19;2026;"> 12";226;339;159,975;263,25;197;NA;237;"PR";0,5;1;41
1;2022;"> 12";NA;NA;NA;NA;NA;NA;485;"RJ";0;0,5;33
2;2022;"> 12";NA;NA;NA;NA;NA;745;798;"RJ";0;0,5;33
3;2022;"> 12";NA;NA;NA;NA;NA;819;952;"RJ";0;0,5;33
4;2022;"> 12";NA;NA;NA;NA;NA;682;708;"RJ";0;0,5;33
5;2022;"> 12";NA;NA;NA;NA;NA;435;387;"RJ";0;0,5;33
6;2022;"> 12";NA;NA;NA;NA;NA;247;209;"RJ";0;0,5;33
7;2022;"> 12";NA;NA;NA;NA;NA;148;146;"RJ";0;0,5;33
8;2022;"> 12";NA;NA;NA;NA;NA;99;89;"RJ";0;0,5;33
9;2022;"> 12";NA;NA;NA;NA;NA;68;62;"RJ";0;0,5;33
10;2022;"> 12";NA;NA;NA;NA;NA;61;54;"RJ";0;0,5;33
11;2022;"> 12";NA;NA;NA;NA;NA;57;68;"RJ";0;0,5;33
12;2022;"> 12";NA;NA;NA;NA;NA;60;50;"RJ";0;0,5;33
13;2022;"> 12";NA;NA;NA;NA;NA;53;62;"RJ";0;0,5;33
14;2022;"> 12";NA;NA;NA;NA;NA;56;48;"RJ";0;0,5;33
15;2022;"> 12";NA;NA;NA;NA;NA;57;58;"RJ";0;0,5;33
16;2022;"> 12";NA;NA;NA;NA;NA;66;66;"RJ";0;0,5;33
17;2022;"> 12";NA;NA;NA;NA;NA;73;73;"RJ";0;0,5;33
18;2022;"> 12";NA;NA;NA;NA;NA;82;79;"RJ";0;0,5;33
19;2022;"> 12";NA;NA;NA;NA;NA;101;94;"RJ";0;0,5;33
20;2022;"> 12";NA;NA;NA;NA;NA;128;130;"RJ";0;0,5;33
21;2022;"> 12";NA;NA;NA;NA;NA;181;160;"RJ";0;0,5;33
22;2022;"> 12";NA;NA;NA;NA;NA;238;252;"RJ";0;0,5;33
23;2022;"> 12";NA;NA;NA;NA;NA;284;303;"RJ";0;0,5;33
24;2022;"> 12";NA;NA;NA;NA;NA;320;296;"RJ";0;0,5;33
25;2022;"> 12";NA;NA;NA;NA;NA;310;362;"RJ";0;0,5;33
26;2022;"> 12";NA;NA;NA;NA;NA;274;271;"RJ";0;0,5;33
27;2022;"> 12";NA;NA;NA;NA;NA;201;190;"RJ";0;0,5;33
28;2022;"> 12";NA;NA;NA;NA;NA;142;143;"RJ";0;0,5;33
29;2022;"> 12";NA;NA;NA;NA;NA;106;93;"RJ";0;0,5;33
30;2022;"> 12";NA;NA;NA;NA;NA;81;82;"RJ";0;0,5;33
31;2022;"> 12";NA;NA;NA;NA;NA;66;67;"RJ";0;0,5;33
32;2022;"> 12";NA;NA;NA;NA;NA;58;50;"RJ";0;0,5;33
33;2022;"> 12";NA;NA;NA;NA;NA;50;56;"RJ";0;0,5;33
34;2022;"> 12";NA;NA;NA;NA;NA;48;43;"RJ";0;0,5;33
35;2022;"> 12";NA;NA;NA;NA;NA;42;45;"RJ";0;0,5;33
36;2022;"> 12";NA;NA;NA;NA;NA;43;37;"RJ";0;0,5;33
37;2022;"> 12";NA;NA;NA;NA;NA;39;46;"RJ";0;0,5;33
38;2022;"> 12";NA;NA;NA;NA;NA;39;33;"RJ";0;0,5;33
39;2022;"> 12";NA;NA;NA;NA;NA;38;38;"RJ";0;0,5;33
40;2022;"> 12";NA;NA;NA;NA;NA;40;43;"RJ";0;0,5;33
41;2022;"> 12";NA;NA;NA;NA;NA;46;40;"RJ";0;0,5;33
42;2022;"> 12";NA;NA;NA;NA;NA;54;54;"RJ";0;0,5;33
43;2022;"> 12";NA;NA;NA;NA;NA;82;69;"RJ";0;0,5;33
44;2022;"> 12";NA;NA;NA;NA;NA;130;124;"RJ";0;0,5;33
45;2022;"> 12";NA;NA;NA;NA;NA;197;196;"RJ";0;0,5;33
46;2022;"> 12";NA;NA;NA;NA;NA;217;272;"RJ";0;0,5;33
47;2022;"> 12";NA;NA;NA;NA;NA;192;183;"RJ";0;0,5;33
48;2022;"> 12";NA;NA;NA;NA;NA;137;120;"RJ";0;0,5;33
49;2022;"> 12";NA;NA;NA;NA;NA;100;108;"RJ";0;0,5;33
50;2022;"> 12";NA;NA;NA;NA;NA;80;71;"RJ";0;0,5;33
51;2022;"> 12";NA;NA;NA;NA;NA;70;61;"RJ";0;0,5;33
52;2022;"> 12";NA;NA;NA;NA;NA;66;77;"RJ";0;0,5;33
1;2023;"> 12";NA;NA;NA;NA;NA;57;59;"RJ";0;0,5;33
2;2023;"> 12";NA;NA;NA;NA;NA;46;34;"RJ";0;0,5;33
3;2023;"> 12";NA;NA;NA;NA;NA;39;45;"RJ";0;0,5;33
4;2023;"> 12";NA;NA;NA;NA;NA;42;38;"RJ";0;0,5;33
5;2023;"> 12";NA;NA;NA;NA;NA;44;42;"RJ";0;0,5;33
6;2023;"> 12";NA;NA;NA;NA;NA;48;52;"RJ";0;0,5;33
7;2023;"> 12";NA;NA;NA;NA;NA;58;50;"RJ";0;0,5;33
8;2023;"> 12";NA;NA;NA;NA;NA;77;73;"RJ";0;0,5;33
9;2023;"> 12";NA;NA;NA;NA;NA;87;108;"RJ";0;0,5;33
10;2023;"> 12";NA;NA;NA;NA;NA;93;79;"RJ";0;0,5;33
11;2023;"> 12";NA;NA;NA;NA;NA;84;92;"RJ";0;0,5;33
12;2023;"> 12";NA;NA;NA;NA;NA;79;82;"RJ";0;0,5;33
13;2023;"> 12";NA;NA;NA;NA;NA;73;64;"RJ";0;0,5;33
14;2023;"> 12";NA;NA;NA;NA;NA;67;73;"RJ";0;0,5;33
15;2023;"> 12";NA;NA;NA;NA;NA;67;64;"RJ";0;0,5;33
16;2023;"> 12";NA;NA;NA;NA;NA;61;63;"RJ";0;0,5;33
17;2023;"> 12";NA;NA;NA;NA;NA;64;57;"RJ";0;0,5;33
18;2023;"> 12";NA;NA;NA;NA;NA;75;73;"RJ";0;0,5;33
19;2023;"> 12";NA;NA;NA;NA;NA;78;95;"RJ";0;0,5;33
20;2023;"> 12";NA;NA;NA;NA;NA;76;66;"RJ";0;0,5;33
21;2023;"> 12";NA;NA;NA;NA;NA;67;67;"RJ";0;0,5;33
22;2023;"> 12";NA;NA;NA;NA;NA;68;69;"RJ";0;0,5;33
23;2023;"> 12";NA;NA;NA;NA;NA;65;68;"RJ";0;0,5;33
24;2023;"> 12";NA;NA;NA;NA;NA;59;59;"RJ";0;0,5;33
25;2023;"> 12";NA;NA;NA;NA;NA;52;51;"RJ";0;0,5;33
26;2023;"> 12";NA;NA;NA;NA;NA;54;47;"RJ";0;0,5;33
27;2023;"> 12";NA;NA;NA;NA;NA;58;64;"RJ";0;0,5;33
28;2023;"> 12";NA;NA;NA;NA;NA;58;63;"RJ";0;0,5;33
29;2023;"> 12";NA;NA;NA;NA;NA;56;47;"RJ";0;0,5;33
30;2023;"> 12";NA;NA;NA;NA;NA;52;57;"RJ";0;0,5;33
31;2023;"> 12";NA;NA;NA;NA;NA;52;53;"RJ";0;0,5;33
32;2023;"> 12";NA;NA;NA;NA;NA;45;47;"RJ";0;0,5;33
33;2023;"> 12";NA;NA;NA;NA;NA;51;35;"RJ";0;0,5;33
34;2023;"> 12";NA;NA;NA;NA;NA;62;72;"RJ";0;0,5;33
35;2023;"> 12";NA;NA;NA;NA;NA;77;78;"RJ";0;0,5;33
36;2023;"> 12";NA;NA;NA;NA;NA;76;80;"RJ";0;0,5;33
37;2023;"> 12";NA;NA;NA;NA;NA;79;71;"RJ";0;0,5;33
38;2023;"> 12";NA;NA;NA;NA;NA;79;87;"RJ";0;0,5;33
39;2023;"> 12";NA;NA;NA;NA;NA;83;80;"RJ";0;0,5;33
40;2023;"> 12";NA;NA;NA;NA;NA;79;81;"RJ";0;0,5;33
41;2023;"> 12";NA;NA;NA;NA;NA;75;75;"RJ";0;0,5;33
42;2023;"> 12";NA;NA;NA;NA;NA;73;69;"RJ";0;0,5;33
43;2023;"> 12";NA;NA;NA;NA;NA;72;75;"RJ";0;0,5;33
44;2023;"> 12";NA;NA;NA;NA;NA;73;73;"RJ";0;0,5;33
45;2023;"> 12";NA;NA;NA;NA;NA;66;72;"RJ";0;0,5;33
46;2023;"> 12";NA;NA;NA;NA;NA;59;53;"RJ";0;0,5;33
47;2023;"> 12";NA;NA;NA;NA;NA;45;52;"RJ";0;0,5;33
48;2023;"> 12";NA;NA;NA;NA;NA;40;29;"RJ";0;0,5;33
49;2023;"> 12";NA;NA;NA;NA;NA;35;40;"RJ";0;0,5;33
50;2023;"> 12";NA;NA;NA;NA;NA;34;37;"RJ";0;0,5;33
51;2023;"> 12";NA;NA;NA;NA;NA;30;26;"RJ";0;0,5;33
52;2023;"> 12";NA;NA;NA;NA;NA;33;26;"RJ";0;0,5;33
1;2024;"> 12";NA;NA;NA;NA;NA;35;48;"RJ";0;0,5;33
2;2024;"> 12";NA;NA;NA;NA;NA;37;31;"RJ";0;0,5;33
3;2024;"> 12";NA;NA;NA;NA;NA;37;33;"RJ";0;0,5;33
4;2024;"> 12";NA;NA;NA;NA;NA;48;46;"RJ";0;0,5;33
5;2024;"> 12";NA;NA;NA;NA;NA;62;65;"RJ";0;0,5;33
6;2024;"> 12";NA;NA;NA;NA;NA;76;75;"RJ";0;0,5;33
7;2024;"> 12";NA;NA;NA;NA;NA;87;89;"RJ";0;0,5;33
8;2024;"> 12";NA;NA;NA;NA;NA;91;98;"RJ";0;0,5;33
9;2024;"> 12";NA;NA;NA;NA;NA;88;86;"RJ";0;0,5;33
10;2024;"> 12";NA;NA;NA;NA;NA;73;79;"RJ";0;0,5;33
11;2024;"> 12";NA;NA;NA;NA;NA;62;55;"RJ";0;0,5;33
12;2024;"> 12";NA;NA;NA;NA;NA;52;52;"RJ";0;0,5;33
13;2024;"> 12";NA;NA;NA;NA;NA;53;48;"RJ";0;0,5;33
14;2024;"> 12";NA;NA;NA;NA;NA;54;58;"RJ";0;0,5;33
15;2024;"> 12";NA;NA;NA;NA;NA;60;55;"RJ";0;0,5;33
16;2024;"> 12";NA;NA;NA;NA;NA;61;67;"RJ";0;0,5;33
17;2024;"> 12";NA;NA;NA;NA;NA;65;61;"RJ";0;0,5;33
18;2024;"> 12";NA;NA;NA;NA;NA;62;68;"RJ";0;0,5;33
19;2024;"> 12";NA;NA;NA;NA;NA;61;58;"RJ";0;0,5;33
20;2024;"> 12";NA;NA;NA;NA;NA;55;58;"RJ";0;0,5;33
21;2024;"> 12";NA;NA;NA;NA;NA;55;49;"RJ";0;0,5;33
22;2024;"> 12";NA;NA;NA;NA;NA;51;57;"RJ";0;0,5;33
23;2024;"> 12";NA;NA;NA;NA;NA;52;47;"RJ";0;0,5;33
24;2024;"> 12";NA;NA;NA;NA;NA;50;51;"RJ";0;0,5;33
25;2024;"> 12";NA;NA;NA;NA;NA;49;51;"RJ";0;0,5;33
26;2024;"> 12";NA;NA;NA;NA;NA;47;45;"RJ";0;0,5;33
27;2024;"> 12";NA;NA;NA;NA;NA;45;46;"RJ";0;0,5;33
28;2024;"> 12";NA;NA;NA;NA;NA;44;44;"RJ";0;0,5;33
29;2024;"> 12";NA;NA;NA;NA;NA;45;41;"RJ";0;0,5;33
30;2024;"> 12";NA;NA;NA;NA;NA;47;49;"RJ";0;0,5;33
31;2024;"> 12";NA;NA;NA;NA;NA;48;50;"RJ";0;0,5;33
32;2024;"> 12";NA;NA;NA;NA;NA;48;46;"RJ";0;0,5;33
33;2024;"> 12";NA;NA;NA;NA;NA;51;48;"RJ";0;0,5;33
34;2024;"> 12";NA;NA;NA;NA;NA;60;60;"RJ";0;0,5;33
35;2024;"> 12";NA;NA;NA;NA;NA;75;72;"RJ";0;0,5;33
36;2024;"> 12";NA;NA;NA;NA;NA;71;93;"RJ";0;0,5;33
37;2024;"> 12";NA;NA;NA;NA;NA;65;49;"RJ";0;0,5;33
38;2024;"> 12";NA;NA;NA;NA;NA;50;54;"RJ";0;0,5;33
39;2024;"> 12";NA;NA;NA;NA;NA;51;47;"RJ";0;0,5;33
40;2024;"> 12";NA;NA;NA;NA;NA;48;51;"RJ";0;0,5;33
41;2024;"> 12";NA;NA;NA;NA;NA;52;45;"RJ";0;0,5;33
42;2024;"> 12";NA;NA;NA;NA;NA;61;59;"RJ";0;0,5;33
43;2024;"> 12";NA;NA;NA;NA;NA;70;80;"RJ";0;0,5;33
44;2024;"> 12";NA;NA;NA;NA;NA;75;72;"RJ";0;0,5;33
45;2024;"> 12";NA;NA;NA;NA;NA;71;74;"RJ";0;0,5;33
46;2024;"> 12";NA;NA;NA;NA;NA;68;67;"RJ";0;0,5;33
47;2024;"> 12";NA;NA;NA;NA;NA;70;64;"RJ";0;0,5;33
48;2024;"> 12";NA;NA;NA;NA;NA;65;78;"RJ";0;0,5;33
49;2024;"> 12";NA;NA;NA;NA;NA;66;54;"RJ";0;0,5;33
50;2024;"> 12";NA;NA;NA;NA;NA;58;66;"RJ";0;0,5;33
51;2024;"> 12";NA;NA;NA;NA;NA;55;54;"RJ";0;0,5;33
52;2024;"> 12";NA;NA;NA;NA;NA;55;46;"RJ";0;0,5;33
1;2025;"> 12";NA;NA;NA;NA;NA;50;65;"RJ";0;0,5;33
2;2025;"> 12";NA;NA;NA;NA;NA;51;39;"RJ";0;0,5;33
3;2025;"> 12";NA;NA;NA;NA;NA;44;49;"RJ";0;0,5;33
4;2025;"> 12";NA;NA;NA;NA;NA;40;43;"RJ";0;0,5;33
5;2025;"> 12";NA;NA;NA;NA;NA;33;29;"RJ";0;0,5;33
6;2025;"> 12";NA;NA;NA;NA;NA;30;27;"RJ";0;0,5;33
7;2025;"> 12";NA;NA;NA;NA;NA;34;33;"RJ";0;0,5;33
8;2025;"> 12";NA;NA;NA;NA;NA;35;41;"RJ";0;0,5;33
9;2025;"> 12";NA;NA;NA;NA;NA;37;31;"RJ";0;0,5;33
10;2025;"> 12";NA;NA;NA;NA;NA;35;38;"RJ";0;0,5;33
11;2025;"> 12";NA;NA;NA;NA;NA;38;37;"RJ";0;0,5;33
12;2025;"> 12";NA;NA;NA;NA;NA;35;40;"RJ";0;0,5;33
13;2025;"> 12";NA;NA;NA;NA;NA;41;27;"RJ";0;0,5;33
14;2025;"> 12";NA;NA;NA;NA;NA;47;57;"RJ";0;0,5;33
15;2025;"> 12";NA;NA;NA;NA;NA;61;56;"RJ";0;0,5;33
16;2025;"> 12";NA;NA;NA;NA;NA;73;69;"RJ";0;0,5;33
17;2025;"> 12";NA;NA;NA;NA;NA;85;93;"RJ";0;0,5;33
18;2025;"> 12";NA;NA;NA;NA;NA;103;93;"RJ";0;0,5;33
19;2025;"> 12";NA;NA;NA;NA;NA;127;122;"RJ";0;0,5;33
20;2025;"> 12";NA;NA;NA;NA;NA;160;167;"RJ";0;0,5;33
21;2025;"> 12";NA;NA;NA;NA;NA;181;192;"RJ";0;0,5;33
22;2025;"> 12";NA;NA;NA;NA;NA;195;184;"RJ";0;0,5;33
23;2025;"> 12";NA;NA;NA;NA;NA;173;210;"RJ";0;0,5;33
24;2025;"> 12";NA;NA;NA;NA;NA;156;126;"RJ";0;0,5;33
25;2025;"> 12";NA;NA;NA;NA;NA;122;132;"RJ";0;0,5;33
26;2025;"> 12";NA;NA;NA;NA;NA;111;107;"RJ";0;0,5;33
27;2025;"> 12";NA;NA;NA;NA;NA;98;93;"RJ";0;0,5;33
28;2025;"> 12";NA;NA;NA;NA;NA;92;93;"RJ";0;0,5;33
29;2025;"> 12";NA;NA;NA;NA;NA;89;90;"RJ";0;0,5;33
30;2025;"> 12";NA;NA;NA;NA;NA;82;83;"RJ";0;0,5;33
31;2025;"> 12";NA;NA;NA;NA;NA;80;74;"RJ";0;0,5;33
32;2025;"> 12";NA;NA;NA;NA;NA;78;83;"RJ";0;0,5;33
33;2025;"> 12";NA;NA;NA;NA;NA;80;78;"RJ";0;0,5;33
34;2025;"> 12";NA;NA;NA;NA;NA;76;80;"RJ";0;0,5;33
35;2025;"> 12";NA;NA;NA;NA;NA;74;71;"RJ";0;0,5;33
36;2025;"> 12";NA;NA;NA;NA;NA;64;71;"RJ";0;0,5;33
37;2025;"> 12";NA;NA;NA;NA;NA;62;49;"RJ";0;0,5;33
38;2025;"> 12";NA;NA;NA;NA;NA;58;67;"RJ";0;0,5;33
39;2025;"> 12";NA;NA;NA;NA;NA;62;57;"RJ";0;0,5;33
40;2025;"> 12";NA;NA;NA;NA;NA;58;62;"RJ";0;0,5;33
41;2025;"> 12";NA;NA;NA;NA;NA;65;56;"RJ";0;0,5;33
42;2025;"> 12";NA;NA;NA;NA;NA;65;78;"RJ";0;0,5;33
43;2025;"> 12";NA;NA;NA;NA;NA;66;61;"RJ";0;0,5;33
44;2025;"> 12";NA;NA;NA;NA;NA;62;60;"RJ";0;0,5;33
45;2025;"> 12";NA;NA;NA;NA;NA;65;65;"RJ";0;0,5;33
46;2025;"> 12";NA;NA;NA;NA;NA;63;70;"RJ";0;0,5;33
47;2025;"> 12";NA;NA;NA;NA;NA;57;53;"RJ";0;0,5;33
48;2025;"> 12";NA;NA;NA;NA;NA;56;47;"RJ";0;0,5;33
49;2025;"> 12";NA;NA;NA;NA;NA;56;68;"RJ";0;0,5;33
50;2025;"> 12";NA;NA;NA;NA;NA;62;52;"RJ";0;0,5;33
51;2025;"> 12";NA;NA;NA;NA;NA;53;67;"RJ";0;0,5;33
52;2025;"> 12";NA;NA;NA;NA;NA;51;40;"RJ";0;0,5;33
53;2025;"> 12";NA;NA;NA;NA;NA;44;47;"RJ";0;0,5;33
1;2026;"> 12";NA;NA;NA;NA;NA;49;46;"RJ";0;0,5;33
2;2026;"> 12";NA;NA;NA;NA;NA;49;53;"RJ";0;0,5;33
3;2026;"> 12";NA;NA;NA;NA;NA;43;48;"RJ";0;0,5;33
4;2026;"> 12";NA;NA;NA;NA;NA;44;28;"RJ";0;0,5;33
5;2026;"> 12";NA;NA;NA;NA;NA;40;55;"RJ";0;0,5;33
6;2026;"> 12";NA;NA;NA;NA;NA;55;37;"RJ";0;0,5;33
7;2026;"> 12";NA;NA;NA;NA;NA;63;73;"RJ";0;0,5;33
8;2026;"> 12";NA;NA;NA;NA;NA;79;80;"RJ";0;0,5;33
9;2026;"> 12";83;87;82;84;83;80;82;"RJ";0;0,5;33
10;2026;"> 12";78;84;74,975;80;77;78;77;"RJ";0;0,5;33
11;2026;"> 12";74;81,025;68;76;72;73;70;"RJ";0;0,5;33
12;2026;"> 12";67;76;61;70;64;73;58;"RJ";0;0,5;33
13;2026;"> 12";77;86;70;80;74;73;67;"RJ";0;0,5;33
14;2026;"> 12";75;85;67;78;72;76;67;"RJ";0;0,5;33
15;2026;"> 12";77;87;69;80;73;71;63;"RJ";0;0,5;33
16;2026;"> 12";61;73;53;64;58;63;47;"RJ";0;0,5;33
17;2026;"> 12";50;63;41;54;46;52;42;"RJ";0;0,5;33
18;2026;"> 12";45;64,025;33;51;41;45;31;"RJ";0;0,5;33
19;2026;"> 12";39;78;20;50;31;NA;32;"RJ";0;0,5;33
1;2022;"> 12";NA;NA;NA;NA;NA;NA;152;"RN";0,5;1;24
2;2022;"> 12";NA;NA;NA;NA;NA;177;155;"RN";0,5;1;24
3;2022;"> 12";NA;NA;NA;NA;NA;190;223;"RN";0,5;1;24
4;2022;"> 12";NA;NA;NA;NA;NA;190;191;"RN";0,5;1;24
5;2022;"> 12";NA;NA;NA;NA;NA;141;157;"RN";0,5;1;24
6;2022;"> 12";NA;NA;NA;NA;NA;88;74;"RN";0,5;1;24
7;2022;"> 12";NA;NA;NA;NA;NA;43;34;"RN";0,5;1;24
8;2022;"> 12";NA;NA;NA;NA;NA;28;20;"RN";0,5;1;24
9;2022;"> 12";NA;NA;NA;NA;NA;21;29;"RN";0,5;1;24
10;2022;"> 12";NA;NA;NA;NA;NA;20;15;"RN";0,5;1;24
11;2022;"> 12";NA;NA;NA;NA;NA;15;17;"RN";0,5;1;24
12;2022;"> 12";NA;NA;NA;NA;NA;14;13;"RN";0,5;1;24
13;2022;"> 12";NA;NA;NA;NA;NA;9;11;"RN";0,5;1;24
14;2022;"> 12";NA;NA;NA;NA;NA;10;4;"RN";0,5;1;24
15;2022;"> 12";NA;NA;NA;NA;NA;12;15;"RN";0,5;1;24
16;2022;"> 12";NA;NA;NA;NA;NA;15;17;"RN";0,5;1;24
17;2022;"> 12";NA;NA;NA;NA;NA;17;12;"RN";0,5;1;24
18;2022;"> 12";NA;NA;NA;NA;NA;21;22;"RN";0,5;1;24
19;2022;"> 12";NA;NA;NA;NA;NA;26;30;"RN";0,5;1;24
20;2022;"> 12";NA;NA;NA;NA;NA;25;27;"RN";0,5;1;24
21;2022;"> 12";NA;NA;NA;NA;NA;27;19;"RN";0,5;1;24
22;2022;"> 12";NA;NA;NA;NA;NA;39;34;"RN";0,5;1;24
23;2022;"> 12";NA;NA;NA;NA;NA;54;64;"RN";0,5;1;24
24;2022;"> 12";NA;NA;NA;NA;NA;66;63;"RN";0,5;1;24
25;2022;"> 12";NA;NA;NA;NA;NA;70;70;"RN";0,5;1;24
26;2022;"> 12";NA;NA;NA;NA;NA;69;77;"RN";0,5;1;24
27;2022;"> 12";NA;NA;NA;NA;NA;64;61;"RN";0,5;1;24
28;2022;"> 12";NA;NA;NA;NA;NA;48;54;"RN";0,5;1;24
29;2022;"> 12";NA;NA;NA;NA;NA;35;30;"RN";0,5;1;24
30;2022;"> 12";NA;NA;NA;NA;NA;23;20;"RN";0,5;1;24
31;2022;"> 12";NA;NA;NA;NA;NA;19;20;"RN";0,5;1;24
32;2022;"> 12";NA;NA;NA;NA;NA;18;17;"RN";0,5;1;24
33;2022;"> 12";NA;NA;NA;NA;NA;18;16;"RN";0,5;1;24
34;2022;"> 12";NA;NA;NA;NA;NA;16;20;"RN";0,5;1;24
35;2022;"> 12";NA;NA;NA;NA;NA;13;12;"RN";0,5;1;24
36;2022;"> 12";NA;NA;NA;NA;NA;7;6;"RN";0,5;1;24
37;2022;"> 12";NA;NA;NA;NA;NA;5;3;"RN";0,5;1;24
38;2022;"> 12";NA;NA;NA;NA;NA;4;5;"RN";0,5;1;24
39;2022;"> 12";NA;NA;NA;NA;NA;7;5;"RN";0,5;1;24
40;2022;"> 12";NA;NA;NA;NA;NA;8;11;"RN";0,5;1;24
41;2022;"> 12";NA;NA;NA;NA;NA;7;7;"RN";0,5;1;24
42;2022;"> 12";NA;NA;NA;NA;NA;8;4;"RN";0,5;1;24
43;2022;"> 12";NA;NA;NA;NA;NA;8;13;"RN";0,5;1;24
44;2022;"> 12";NA;NA;NA;NA;NA;12;8;"RN";0,5;1;24
45;2022;"> 12";NA;NA;NA;NA;NA;19;16;"RN";0,5;1;24
46;2022;"> 12";NA;NA;NA;NA;NA;34;32;"RN";0,5;1;24
47;2022;"> 12";NA;NA;NA;NA;NA;43;54;"RN";0,5;1;24
48;2022;"> 12";NA;NA;NA;NA;NA;49;44;"RN";0,5;1;24
49;2022;"> 12";NA;NA;NA;NA;NA;44;49;"RN";0,5;1;24
50;2022;"> 12";NA;NA;NA;NA;NA;35;40;"RN";0,5;1;24
51;2022;"> 12";NA;NA;NA;NA;NA;21;15;"RN";0,5;1;24
52;2022;"> 12";NA;NA;NA;NA;NA;10;9;"RN";0,5;1;24
1;2023;"> 12";NA;NA;NA;NA;NA;8;5;"RN";0,5;1;24
2;2023;"> 12";NA;NA;NA;NA;NA;8;9;"RN";0,5;1;24
3;2023;"> 12";NA;NA;NA;NA;NA;9;9;"RN";0,5;1;24
4;2023;"> 12";NA;NA;NA;NA;NA;7;10;"RN";0,5;1;24
5;2023;"> 12";NA;NA;NA;NA;NA;7;2;"RN";0,5;1;24
6;2023;"> 12";NA;NA;NA;NA;NA;5;8;"RN";0,5;1;24
7;2023;"> 12";NA;NA;NA;NA;NA;7;5;"RN";0,5;1;24
8;2023;"> 12";NA;NA;NA;NA;NA;7;9;"RN";0,5;1;24
9;2023;"> 12";NA;NA;NA;NA;NA;8;6;"RN";0,5;1;24
10;2023;"> 12";NA;NA;NA;NA;NA;8;9;"RN";0,5;1;24
11;2023;"> 12";NA;NA;NA;NA;NA;11;9;"RN";0,5;1;24
12;2023;"> 12";NA;NA;NA;NA;NA;12;14;"RN";0,5;1;24
13;2023;"> 12";NA;NA;NA;NA;NA;12;13;"RN";0,5;1;24
14;2023;"> 12";NA;NA;NA;NA;NA;15;10;"RN";0,5;1;24
15;2023;"> 12";NA;NA;NA;NA;NA;22;21;"RN";0,5;1;24
16;2023;"> 12";NA;NA;NA;NA;NA;27;35;"RN";0,5;1;24
17;2023;"> 12";NA;NA;NA;NA;NA;29;24;"RN";0,5;1;24
18;2023;"> 12";NA;NA;NA;NA;NA;27;27;"RN";0,5;1;24
19;2023;"> 12";NA;NA;NA;NA;NA;25;29;"RN";0,5;1;24
20;2023;"> 12";NA;NA;NA;NA;NA;20;20;"RN";0,5;1;24
21;2023;"> 12";NA;NA;NA;NA;NA;14;11;"RN";0,5;1;24
22;2023;"> 12";NA;NA;NA;NA;NA;12;12;"RN";0,5;1;24
23;2023;"> 12";NA;NA;NA;NA;NA;17;14;"RN";0,5;1;24
24;2023;"> 12";NA;NA;NA;NA;NA;18;25;"RN";0,5;1;24
25;2023;"> 12";NA;NA;NA;NA;NA;17;14;"RN";0,5;1;24
26;2023;"> 12";NA;NA;NA;NA;NA;11;11;"RN";0,5;1;24
27;2023;"> 12";NA;NA;NA;NA;NA;9;9;"RN";0,5;1;24
28;2023;"> 12";NA;NA;NA;NA;NA;8;8;"RN";0,5;1;24
29;2023;"> 12";NA;NA;NA;NA;NA;8;8;"RN";0,5;1;24
30;2023;"> 12";NA;NA;NA;NA;NA;9;8;"RN";0,5;1;24
31;2023;"> 12";NA;NA;NA;NA;NA;7;12;"RN";0,5;1;24
32;2023;"> 12";NA;NA;NA;NA;NA;8;2;"RN";0,5;1;24
33;2023;"> 12";NA;NA;NA;NA;NA;7;10;"RN";0,5;1;24
34;2023;"> 12";NA;NA;NA;NA;NA;9;8;"RN";0,5;1;24
35;2023;"> 12";NA;NA;NA;NA;NA;7;8;"RN";0,5;1;24
36;2023;"> 12";NA;NA;NA;NA;NA;6;5;"RN";0,5;1;24
37;2023;"> 12";NA;NA;NA;NA;NA;6;6;"RN";0,5;1;24
38;2023;"> 12";NA;NA;NA;NA;NA;6;6;"RN";0,5;1;24
39;2023;"> 12";NA;NA;NA;NA;NA;7;7;"RN";0,5;1;24
40;2023;"> 12";NA;NA;NA;NA;NA;8;7;"RN";0,5;1;24
41;2023;"> 12";NA;NA;NA;NA;NA;10;11;"RN";0,5;1;24
42;2023;"> 12";NA;NA;NA;NA;NA;9;11;"RN";0,5;1;24
43;2023;"> 12";NA;NA;NA;NA;NA;7;5;"RN";0,5;1;24
44;2023;"> 12";NA;NA;NA;NA;NA;6;6;"RN";0,5;1;24
45;2023;"> 12";NA;NA;NA;NA;NA;8;6;"RN";0,5;1;24
46;2023;"> 12";NA;NA;NA;NA;NA;8;13;"RN";0,5;1;24
47;2023;"> 12";NA;NA;NA;NA;NA;9;4;"RN";0,5;1;24
48;2023;"> 12";NA;NA;NA;NA;NA;11;10;"RN";0,5;1;24
49;2023;"> 12";NA;NA;NA;NA;NA;14;20;"RN";0,5;1;24
50;2023;"> 12";NA;NA;NA;NA;NA;14;11;"RN";0,5;1;24
51;2023;"> 12";NA;NA;NA;NA;NA;14;12;"RN";0,5;1;24
52;2023;"> 12";NA;NA;NA;NA;NA;19;18;"RN";0,5;1;24
1;2024;"> 12";NA;NA;NA;NA;NA;22;26;"RN";0,5;1;24
2;2024;"> 12";NA;NA;NA;NA;NA;21;23;"RN";0,5;1;24
3;2024;"> 12";NA;NA;NA;NA;NA;16;14;"RN";0,5;1;24
4;2024;"> 12";NA;NA;NA;NA;NA;10;10;"RN";0,5;1;24
5;2024;"> 12";NA;NA;NA;NA;NA;9;7;"RN";0,5;1;24
6;2024;"> 12";NA;NA;NA;NA;NA;8;11;"RN";0,5;1;24
7;2024;"> 12";NA;NA;NA;NA;NA;7;6;"RN";0,5;1;24
8;2024;"> 12";NA;NA;NA;NA;NA;5;4;"RN";0,5;1;24
9;2024;"> 12";NA;NA;NA;NA;NA;7;5;"RN";0,5;1;24
10;2024;"> 12";NA;NA;NA;NA;NA;9;13;"RN";0,5;1;24
11;2024;"> 12";NA;NA;NA;NA;NA;12;10;"RN";0,5;1;24
12;2024;"> 12";NA;NA;NA;NA;NA;10;12;"RN";0,5;1;24
13;2024;"> 12";NA;NA;NA;NA;NA;14;9;"RN";0,5;1;24
14;2024;"> 12";NA;NA;NA;NA;NA;16;22;"RN";0,5;1;24
15;2024;"> 12";NA;NA;NA;NA;NA;17;18;"RN";0,5;1;24
16;2024;"> 12";NA;NA;NA;NA;NA;15;12;"RN";0,5;1;24
17;2024;"> 12";NA;NA;NA;NA;NA;12;14;"RN";0,5;1;24
18;2024;"> 12";NA;NA;NA;NA;NA;13;11;"RN";0,5;1;24
19;2024;"> 12";NA;NA;NA;NA;NA;12;14;"RN";0,5;1;24
20;2024;"> 12";NA;NA;NA;NA;NA;11;10;"RN";0,5;1;24
21;2024;"> 12";NA;NA;NA;NA;NA;10;9;"RN";0,5;1;24
22;2024;"> 12";NA;NA;NA;NA;NA;10;12;"RN";0,5;1;24
23;2024;"> 12";NA;NA;NA;NA;NA;11;9;"RN";0,5;1;24
24;2024;"> 12";NA;NA;NA;NA;NA;9;11;"RN";0,5;1;24
25;2024;"> 12";NA;NA;NA;NA;NA;8;8;"RN";0,5;1;24
26;2024;"> 12";NA;NA;NA;NA;NA;6;4;"RN";0,5;1;24
27;2024;"> 12";NA;NA;NA;NA;NA;8;6;"RN";0,5;1;24
28;2024;"> 12";NA;NA;NA;NA;NA;8;13;"RN";0,5;1;24
29;2024;"> 12";NA;NA;NA;NA;NA;9;6;"RN";0,5;1;24
30;2024;"> 12";NA;NA;NA;NA;NA;8;8;"RN";0,5;1;24
31;2024;"> 12";NA;NA;NA;NA;NA;8;9;"RN";0,5;1;24
32;2024;"> 12";NA;NA;NA;NA;NA;7;7;"RN";0,5;1;24
33;2024;"> 12";NA;NA;NA;NA;NA;7;5;"RN";0,5;1;24
34;2024;"> 12";NA;NA;NA;NA;NA;7;9;"RN";0,5;1;24
35;2024;"> 12";NA;NA;NA;NA;NA;9;7;"RN";0,5;1;24
36;2024;"> 12";NA;NA;NA;NA;NA;7;10;"RN";0,5;1;24
37;2024;"> 12";NA;NA;NA;NA;NA;7;5;"RN";0,5;1;24
38;2024;"> 12";NA;NA;NA;NA;NA;5;6;"RN";0,5;1;24
39;2024;"> 12";NA;NA;NA;NA;NA;4;3;"RN";0,5;1;24
40;2024;"> 12";NA;NA;NA;NA;NA;5;3;"RN";0,5;1;24
41;2024;"> 12";NA;NA;NA;NA;NA;5;8;"RN";0,5;1;24
42;2024;"> 12";NA;NA;NA;NA;NA;6;4;"RN";0,5;1;24
43;2024;"> 12";NA;NA;NA;NA;NA;8;7;"RN";0,5;1;24
44;2024;"> 12";NA;NA;NA;NA;NA;8;13;"RN";0,5;1;24
45;2024;"> 12";NA;NA;NA;NA;NA;7;4;"RN";0,5;1;24
46;2024;"> 12";NA;NA;NA;NA;NA;4;4;"RN";0,5;1;24
47;2024;"> 12";NA;NA;NA;NA;NA;5;5;"RN";0,5;1;24
48;2024;"> 12";NA;NA;NA;NA;NA;7;7;"RN";0,5;1;24
49;2024;"> 12";NA;NA;NA;NA;NA;7;9;"RN";0,5;1;24
50;2024;"> 12";NA;NA;NA;NA;NA;8;6;"RN";0,5;1;24
51;2024;"> 12";NA;NA;NA;NA;NA;10;8;"RN";0,5;1;24
52;2024;"> 12";NA;NA;NA;NA;NA;13;15;"RN";0,5;1;24
1;2025;"> 12";NA;NA;NA;NA;NA;16;16;"RN";0,5;1;24
2;2025;"> 12";NA;NA;NA;NA;NA;15;16;"RN";0,5;1;24
3;2025;"> 12";NA;NA;NA;NA;NA;12;14;"RN";0,5;1;24
4;2025;"> 12";NA;NA;NA;NA;NA;8;6;"RN";0,5;1;24
5;2025;"> 12";NA;NA;NA;NA;NA;6;5;"RN";0,5;1;24
6;2025;"> 12";NA;NA;NA;NA;NA;6;7;"RN";0,5;1;24
7;2025;"> 12";NA;NA;NA;NA;NA;5;6;"RN";0,5;1;24
8;2025;"> 12";NA;NA;NA;NA;NA;5;1;"RN";0,5;1;24
9;2025;"> 12";NA;NA;NA;NA;NA;4;8;"RN";0,5;1;24
10;2025;"> 12";NA;NA;NA;NA;NA;6;2;"RN";0,5;1;24
11;2025;"> 12";NA;NA;NA;NA;NA;7;9;"RN";0,5;1;24
12;2025;"> 12";NA;NA;NA;NA;NA;12;11;"RN";0,5;1;24
13;2025;"> 12";NA;NA;NA;NA;NA;12;15;"RN";0,5;1;24
14;2025;"> 12";NA;NA;NA;NA;NA;14;9;"RN";0,5;1;24
15;2025;"> 12";NA;NA;NA;NA;NA;14;17;"RN";0,5;1;24
16;2025;"> 12";NA;NA;NA;NA;NA;18;17;"RN";0,5;1;24
17;2025;"> 12";NA;NA;NA;NA;NA;15;19;"RN";0,5;1;24
18;2025;"> 12";NA;NA;NA;NA;NA;16;10;"RN";0,5;1;24
19;2025;"> 12";NA;NA;NA;NA;NA;15;20;"RN";0,5;1;24
20;2025;"> 12";NA;NA;NA;NA;NA;16;14;"RN";0,5;1;24
21;2025;"> 12";NA;NA;NA;NA;NA;12;13;"RN";0,5;1;24
22;2025;"> 12";NA;NA;NA;NA;NA;14;9;"RN";0,5;1;24
23;2025;"> 12";NA;NA;NA;NA;NA;13;19;"RN";0,5;1;24
24;2025;"> 12";NA;NA;NA;NA;NA;14;12;"RN";0,5;1;24
25;2025;"> 12";NA;NA;NA;NA;NA;10;10;"RN";0,5;1;24
26;2025;"> 12";NA;NA;NA;NA;NA;10;9;"RN";0,5;1;24
27;2025;"> 12";NA;NA;NA;NA;NA;10;10;"RN";0,5;1;24
28;2025;"> 12";NA;NA;NA;NA;NA;10;12;"RN";0,5;1;24
29;2025;"> 12";NA;NA;NA;NA;NA;11;7;"RN";0,5;1;24
30;2025;"> 12";NA;NA;NA;NA;NA;13;13;"RN";0,5;1;24
31;2025;"> 12";NA;NA;NA;NA;NA;12;18;"RN";0,5;1;24
32;2025;"> 12";NA;NA;NA;NA;NA;9;4;"RN";0,5;1;24
33;2025;"> 12";NA;NA;NA;NA;NA;5;6;"RN";0,5;1;24
34;2025;"> 12";NA;NA;NA;NA;NA;6;6;"RN";0,5;1;24
35;2025;"> 12";NA;NA;NA;NA;NA;5;7;"RN";0,5;1;24
36;2025;"> 12";NA;NA;NA;NA;NA;6;3;"RN";0,5;1;24
37;2025;"> 12";NA;NA;NA;NA;NA;6;8;"RN";0,5;1;24
38;2025;"> 12";NA;NA;NA;NA;NA;8;8;"RN";0,5;1;24
39;2025;"> 12";NA;NA;NA;NA;NA;8;7;"RN";0,5;1;24
40;2025;"> 12";NA;NA;NA;NA;NA;8;8;"RN";0,5;1;24
41;2025;"> 12";NA;NA;NA;NA;NA;6;8;"RN";0,5;1;24
42;2025;"> 12";NA;NA;NA;NA;NA;7;3;"RN";0,5;1;24
43;2025;"> 12";NA;NA;NA;NA;NA;6;10;"RN";0,5;1;24
44;2025;"> 12";NA;NA;NA;NA;NA;6;4;"RN";0,5;1;24
45;2025;"> 12";NA;NA;NA;NA;NA;4;5;"RN";0,5;1;24
46;2025;"> 12";NA;NA;NA;NA;NA;4;2;"RN";0,5;1;24
47;2025;"> 12";NA;NA;NA;NA;NA;5;6;"RN";0,5;1;24
48;2025;"> 12";NA;NA;NA;NA;NA;6;6;"RN";0,5;1;24
49;2025;"> 12";NA;NA;NA;NA;NA;7;6;"RN";0,5;1;24
50;2025;"> 12";NA;NA;NA;NA;NA;7;8;"RN";0,5;1;24
51;2025;"> 12";NA;NA;NA;NA;NA;6;7;"RN";0,5;1;24
52;2025;"> 12";NA;NA;NA;NA;NA;5;4;"RN";0,5;1;24
53;2025;"> 12";NA;NA;NA;NA;NA;5;3;"RN";0,5;1;24
1;2026;"> 12";NA;NA;NA;NA;NA;5;7;"RN";0,5;1;24
2;2026;"> 12";NA;NA;NA;NA;NA;5;4;"RN";0,5;1;24
3;2026;"> 12";NA;NA;NA;NA;NA;4;5;"RN";0,5;1;24
4;2026;"> 12";NA;NA;NA;NA;NA;4;2;"RN";0,5;1;24
5;2026;"> 12";NA;NA;NA;NA;NA;5;4;"RN";0,5;1;24
6;2026;"> 12";NA;NA;NA;NA;NA;7;10;"RN";0,5;1;24
7;2026;"> 12";NA;NA;NA;NA;NA;10;7;"RN";0,5;1;24
8;2026;"> 12";NA;NA;NA;NA;NA;14;13;"RN";0,5;1;24
9;2026;"> 12";NA;NA;NA;NA;NA;19;22;"RN";0,5;1;24
10;2026;"> 12";NA;NA;NA;NA;NA;20;22;"RN";0,5;1;24
11;2026;"> 12";16;17;16;16;16;17;16;"RN";0,5;1;24
12;2026;"> 12";13;15;13;13;13;13;13;"RN";0,5;1;24
13;2026;"> 12";11;13;11;12;11;11;11;"RN";0,5;1;24
14;2026;"> 12";10;12;10;11;10;9;11;"RN";0,5;1;24
15;2026;"> 12";7;9;7;8;7;8;7;"RN";0,5;1;24
16;2026;"> 12";6;9;6;7;6;6;6;"RN";0,5;1;24
17;2026;"> 12";4;7;3;5;3;5;6;"RN";0,5;1;24
18;2026;"> 12";6;11;4;8;5;7;6;"RN";0,5;1;24
19;2026;"> 12";11;21,025;6;13;9;NA;9;"RN";0,5;1;24
1;2022;"> 12";NA;NA;NA;NA;NA;NA;45;"RO";0,5;-1;11
2;2022;"> 12";NA;NA;NA;NA;NA;51;62;"RO";0,5;-1;11
3;2022;"> 12";NA;NA;NA;NA;NA;57;47;"RO";0,5;-1;11
4;2022;"> 12";NA;NA;NA;NA;NA;65;63;"RO";0,5;-1;11
5;2022;"> 12";NA;NA;NA;NA;NA;71;84;"RO";0,5;-1;11
6;2022;"> 12";NA;NA;NA;NA;NA;60;67;"RO";0,5;-1;11
7;2022;"> 12";NA;NA;NA;NA;NA;35;28;"RO";0,5;-1;11
8;2022;"> 12";NA;NA;NA;NA;NA;21;9;"RO";0,5;-1;11
9;2022;"> 12";NA;NA;NA;NA;NA;16;26;"RO";0,5;-1;11
10;2022;"> 12";NA;NA;NA;NA;NA;16;12;"RO";0,5;-1;11
11;2022;"> 12";NA;NA;NA;NA;NA;10;10;"RO";0,5;-1;11
12;2022;"> 12";NA;NA;NA;NA;NA;10;9;"RO";0,5;-1;11
13;2022;"> 12";NA;NA;NA;NA;NA;9;10;"RO";0,5;-1;11
14;2022;"> 12";NA;NA;NA;NA;NA;11;8;"RO";0,5;-1;11
15;2022;"> 12";NA;NA;NA;NA;NA;11;15;"RO";0,5;-1;11
16;2022;"> 12";NA;NA;NA;NA;NA;11;9;"RO";0,5;-1;11
17;2022;"> 12";NA;NA;NA;NA;NA;9;9;"RO";0,5;-1;11
18;2022;"> 12";NA;NA;NA;NA;NA;8;10;"RO";0,5;-1;11
19;2022;"> 12";NA;NA;NA;NA;NA;7;6;"RO";0,5;-1;11
20;2022;"> 12";NA;NA;NA;NA;NA;10;6;"RO";0,5;-1;11
21;2022;"> 12";NA;NA;NA;NA;NA;16;19;"RO";0,5;-1;11
22;2022;"> 12";NA;NA;NA;NA;NA;17;22;"RO";0,5;-1;11
23;2022;"> 12";NA;NA;NA;NA;NA;15;9;"RO";0,5;-1;11
24;2022;"> 12";NA;NA;NA;NA;NA;16;14;"RO";0,5;-1;11
25;2022;"> 12";NA;NA;NA;NA;NA;24;25;"RO";0,5;-1;11
26;2022;"> 12";NA;NA;NA;NA;NA;26;32;"RO";0,5;-1;11
27;2022;"> 12";NA;NA;NA;NA;NA;29;20;"RO";0,5;-1;11
28;2022;"> 12";NA;NA;NA;NA;NA;24;34;"RO";0,5;-1;11
29;2022;"> 12";NA;NA;NA;NA;NA;21;19;"RO";0,5;-1;11
30;2022;"> 12";NA;NA;NA;NA;NA;13;11;"RO";0,5;-1;11
31;2022;"> 12";NA;NA;NA;NA;NA;8;8;"RO";0,5;-1;11
32;2022;"> 12";NA;NA;NA;NA;NA;6;6;"RO";0,5;-1;11
33;2022;"> 12";NA;NA;NA;NA;NA;5;5;"RO";0,5;-1;11
34;2022;"> 12";NA;NA;NA;NA;NA;4;5;"RO";0,5;-1;11
35;2022;"> 12";NA;NA;NA;NA;NA;3;2;"RO";0,5;-1;11
36;2022;"> 12";NA;NA;NA;NA;NA;2;2;"RO";0,5;-1;11
37;2022;"> 12";NA;NA;NA;NA;NA;2;2;"RO";0,5;-1;11
38;2022;"> 12";NA;NA;NA;NA;NA;2;2;"RO";0,5;-1;11
39;2022;"> 12";NA;NA;NA;NA;NA;3;1;"RO";0,5;-1;11
40;2022;"> 12";NA;NA;NA;NA;NA;3;5;"RO";0,5;-1;11
42;2022;"> 12";NA;NA;NA;NA;NA;3;2;"RO";0,5;-1;11
44;2022;"> 12";NA;NA;NA;NA;NA;3;3;"RO";0,5;-1;11
45;2022;"> 12";NA;NA;NA;NA;NA;3;3;"RO";0,5;-1;11
46;2022;"> 12";NA;NA;NA;NA;NA;5;3;"RO";0,5;-1;11
47;2022;"> 12";NA;NA;NA;NA;NA;7;8;"RO";0,5;-1;11
48;2022;"> 12";NA;NA;NA;NA;NA;9;11;"RO";0,5;-1;11
49;2022;"> 12";NA;NA;NA;NA;NA;9;8;"RO";0,5;-1;11
50;2022;"> 12";NA;NA;NA;NA;NA;8;7;"RO";0,5;-1;11
51;2022;"> 12";NA;NA;NA;NA;NA;7;9;"RO";0,5;-1;11
52;2022;"> 12";NA;NA;NA;NA;NA;8;6;"RO";0,5;-1;11
1;2023;"> 12";NA;NA;NA;NA;NA;6;8;"RO";0,5;-1;11
2;2023;"> 12";NA;NA;NA;NA;NA;6;5;"RO";0,5;-1;11
3;2023;"> 12";NA;NA;NA;NA;NA;5;5;"RO";0,5;-1;11
4;2023;"> 12";NA;NA;NA;NA;NA;6;5;"RO";0,5;-1;11
5;2023;"> 12";NA;NA;NA;NA;NA;5;9;"RO";0,5;-1;11
6;2023;"> 12";NA;NA;NA;NA;NA;5;2;"RO";0,5;-1;11
7;2023;"> 12";NA;NA;NA;NA;NA;4;3;"RO";0,5;-1;11
8;2023;"> 12";NA;NA;NA;NA;NA;6;6;"RO";0,5;-1;11
9;2023;"> 12";NA;NA;NA;NA;NA;6;10;"RO";0,5;-1;11
10;2023;"> 12";NA;NA;NA;NA;NA;4;2;"RO";0,5;-1;11
11;2023;"> 12";NA;NA;NA;NA;NA;3;1;"RO";0,5;-1;11
12;2023;"> 12";NA;NA;NA;NA;NA;5;5;"RO";0,5;-1;11
13;2023;"> 12";NA;NA;NA;NA;NA;7;10;"RO";0,5;-1;11
14;2023;"> 12";NA;NA;NA;NA;NA;8;5;"RO";0,5;-1;11
15;2023;"> 12";NA;NA;NA;NA;NA;6;8;"RO";0,5;-1;11
16;2023;"> 12";NA;NA;NA;NA;NA;7;5;"RO";0,5;-1;11
17;2023;"> 12";NA;NA;NA;NA;NA;8;9;"RO";0,5;-1;11
18;2023;"> 12";NA;NA;NA;NA;NA;8;10;"RO";0,5;-1;11
19;2023;"> 12";NA;NA;NA;NA;NA;8;6;"RO";0,5;-1;11
20;2023;"> 12";NA;NA;NA;NA;NA;6;8;"RO";0,5;-1;11
21;2023;"> 12";NA;NA;NA;NA;NA;6;3;"RO";0,5;-1;11
22;2023;"> 12";NA;NA;NA;NA;NA;7;7;"RO";0,5;-1;11
23;2023;"> 12";NA;NA;NA;NA;NA;8;11;"RO";0,5;-1;11
24;2023;"> 12";NA;NA;NA;NA;NA;8;6;"RO";0,5;-1;11
25;2023;"> 12";NA;NA;NA;NA;NA;8;6;"RO";0,5;-1;11
26;2023;"> 12";NA;NA;NA;NA;NA;9;12;"RO";0,5;-1;11
27;2023;"> 12";NA;NA;NA;NA;NA;10;9;"RO";0,5;-1;11
28;2023;"> 12";NA;NA;NA;NA;NA;9;10;"RO";0,5;-1;11
29;2023;"> 12";NA;NA;NA;NA;NA;7;8;"RO";0,5;-1;11
30;2023;"> 12";NA;NA;NA;NA;NA;5;3;"RO";0,5;-1;11
31;2023;"> 12";NA;NA;NA;NA;NA;3;3;"RO";0,5;-1;11
32;2023;"> 12";NA;NA;NA;NA;NA;3;3;"RO";0,5;-1;11
33;2023;"> 12";NA;NA;NA;NA;NA;3;3;"RO";0,5;-1;11
34;2023;"> 12";NA;NA;NA;NA;NA;3;2;"RO";0,5;-1;11
35;2023;"> 12";NA;NA;NA;NA;NA;3;5;"RO";0,5;-1;11
36;2023;"> 12";NA;NA;NA;NA;NA;4;3;"RO";0,5;-1;11
37;2023;"> 12";NA;NA;NA;NA;NA;3;5;"RO";0,5;-1;11
38;2023;"> 12";NA;NA;NA;NA;NA;3;1;"RO";0,5;-1;11
39;2023;"> 12";NA;NA;NA;NA;NA;1;2;"RO";0,5;-1;11
40;2023;"> 12";NA;NA;NA;NA;NA;2;1;"RO";0,5;-1;11
41;2023;"> 12";NA;NA;NA;NA;NA;3;3;"RO";0,5;-1;11
42;2023;"> 12";NA;NA;NA;NA;NA;3;4;"RO";0,5;-1;11
44;2023;"> 12";NA;NA;NA;NA;NA;2;1;"RO";0,5;-1;11
46;2023;"> 12";NA;NA;NA;NA;NA;2;2;"RO";0,5;-1;11
47;2023;"> 12";NA;NA;NA;NA;NA;3;3;"RO";0,5;-1;11
48;2023;"> 12";NA;NA;NA;NA;NA;4;5;"RO";0,5;-1;11
49;2023;"> 12";NA;NA;NA;NA;NA;4;5;"RO";0,5;-1;11
50;2023;"> 12";NA;NA;NA;NA;NA;4;3;"RO";0,5;-1;11
51;2023;"> 12";NA;NA;NA;NA;NA;4;4;"RO";0,5;-1;11
52;2023;"> 12";NA;NA;NA;NA;NA;4;4;"RO";0,5;-1;11
1;2024;"> 12";NA;NA;NA;NA;NA;4;5;"RO";0,5;-1;11
2;2024;"> 12";NA;NA;NA;NA;NA;5;3;"RO";0,5;-1;11
3;2024;"> 12";NA;NA;NA;NA;NA;5;7;"RO";0,5;-1;11
4;2024;"> 12";NA;NA;NA;NA;NA;4;5;"RO";0,5;-1;11
5;2024;"> 12";NA;NA;NA;NA;NA;4;1;"RO";0,5;-1;11
6;2024;"> 12";NA;NA;NA;NA;NA;4;5;"RO";0,5;-1;11
7;2024;"> 12";NA;NA;NA;NA;NA;6;5;"RO";0,5;-1;11
8;2024;"> 12";NA;NA;NA;NA;NA;5;7;"RO";0,5;-1;11
9;2024;"> 12";NA;NA;NA;NA;NA;4;3;"RO";0,5;-1;11
10;2024;"> 12";NA;NA;NA;NA;NA;3;1;"RO";0,5;-1;11
11;2024;"> 12";NA;NA;NA;NA;NA;3;5;"RO";0,5;-1;11
12;2024;"> 12";NA;NA;NA;NA;NA;4;2;"RO";0,5;-1;11
13;2024;"> 12";NA;NA;NA;NA;NA;4;5;"RO";0,5;-1;11
14;2024;"> 12";NA;NA;NA;NA;NA;7;4;"RO";0,5;-1;11
15;2024;"> 12";NA;NA;NA;NA;NA;10;12;"RO";0,5;-1;11
16;2024;"> 12";NA;NA;NA;NA;NA;12;15;"RO";0,5;-1;11
17;2024;"> 12";NA;NA;NA;NA;NA;13;9;"RO";0,5;-1;11
18;2024;"> 12";NA;NA;NA;NA;NA;12;16;"RO";0,5;-1;11
19;2024;"> 12";NA;NA;NA;NA;NA;14;10;"RO";0,5;-1;11
20;2024;"> 12";NA;NA;NA;NA;NA;11;15;"RO";0,5;-1;11
21;2024;"> 12";NA;NA;NA;NA;NA;9;9;"RO";0,5;-1;11
22;2024;"> 12";NA;NA;NA;NA;NA;5;4;"RO";0,5;-1;11
23;2024;"> 12";NA;NA;NA;NA;NA;3;1;"RO";0,5;-1;11
24;2024;"> 12";NA;NA;NA;NA;NA;5;5;"RO";0,5;-1;11
25;2024;"> 12";NA;NA;NA;NA;NA;8;8;"RO";0,5;-1;11
26;2024;"> 12";NA;NA;NA;NA;NA;9;10;"RO";0,5;-1;11
27;2024;"> 12";NA;NA;NA;NA;NA;7;9;"RO";0,5;-1;11
28;2024;"> 12";NA;NA;NA;NA;NA;5;2;"RO";0,5;-1;11
29;2024;"> 12";NA;NA;NA;NA;NA;4;5;"RO";0,5;-1;11
30;2024;"> 12";NA;NA;NA;NA;NA;6;5;"RO";0,5;-1;11
31;2024;"> 12";NA;NA;NA;NA;NA;7;7;"RO";0,5;-1;11
32;2024;"> 12";NA;NA;NA;NA;NA;8;10;"RO";0,5;-1;11
33;2024;"> 12";NA;NA;NA;NA;NA;8;7;"RO";0,5;-1;11
34;2024;"> 12";NA;NA;NA;NA;NA;6;6;"RO";0,5;-1;11
35;2024;"> 12";NA;NA;NA;NA;NA;6;6;"RO";0,5;-1;11
36;2024;"> 12";NA;NA;NA;NA;NA;5;5;"RO";0,5;-1;11
37;2024;"> 12";NA;NA;NA;NA;NA;4;3;"RO";0,5;-1;11
38;2024;"> 12";NA;NA;NA;NA;NA;4;5;"RO";0,5;-1;11
39;2024;"> 12";NA;NA;NA;NA;NA;4;5;"RO";0,5;-1;11
40;2024;"> 12";NA;NA;NA;NA;NA;2;1;"RO";0,5;-1;11
41;2024;"> 12";NA;NA;NA;NA;NA;2;1;"RO";0,5;-1;11
42;2024;"> 12";NA;NA;NA;NA;NA;3;3;"RO";0,5;-1;11
43;2024;"> 12";NA;NA;NA;NA;NA;5;4;"RO";0,5;-1;11
44;2024;"> 12";NA;NA;NA;NA;NA;6;8;"RO";0,5;-1;11
45;2024;"> 12";NA;NA;NA;NA;NA;6;7;"RO";0,5;-1;11
46;2024;"> 12";NA;NA;NA;NA;NA;6;3;"RO";0,5;-1;11
47;2024;"> 12";NA;NA;NA;NA;NA;4;7;"RO";0,5;-1;11
48;2024;"> 12";NA;NA;NA;NA;NA;8;2;"RO";0,5;-1;11
49;2024;"> 12";NA;NA;NA;NA;NA;7;14;"RO";0,5;-1;11
50;2024;"> 12";NA;NA;NA;NA;NA;10;6;"RO";0,5;-1;11
51;2024;"> 12";NA;NA;NA;NA;NA;10;11;"RO";0,5;-1;11
52;2024;"> 12";NA;NA;NA;NA;NA;14;12;"RO";0,5;-1;11
1;2025;"> 12";NA;NA;NA;NA;NA;16;18;"RO";0,5;-1;11
2;2025;"> 12";NA;NA;NA;NA;NA;15;17;"RO";0,5;-1;11
3;2025;"> 12";NA;NA;NA;NA;NA;13;11;"RO";0,5;-1;11
4;2025;"> 12";NA;NA;NA;NA;NA;11;12;"RO";0,5;-1;11
5;2025;"> 12";NA;NA;NA;NA;NA;9;9;"RO";0,5;-1;11
6;2025;"> 12";NA;NA;NA;NA;NA;8;7;"RO";0,5;-1;11
7;2025;"> 12";NA;NA;NA;NA;NA;7;7;"RO";0,5;-1;11
8;2025;"> 12";NA;NA;NA;NA;NA;6;7;"RO";0,5;-1;11
9;2025;"> 12";NA;NA;NA;NA;NA;6;5;"RO";0,5;-1;11
10;2025;"> 12";NA;NA;NA;NA;NA;6;6;"RO";0,5;-1;11
11;2025;"> 12";NA;NA;NA;NA;NA;6;8;"RO";0,5;-1;11
12;2025;"> 12";NA;NA;NA;NA;NA;6;5;"RO";0,5;-1;11
13;2025;"> 12";NA;NA;NA;NA;NA;8;6;"RO";0,5;-1;11
14;2025;"> 12";NA;NA;NA;NA;NA;9;12;"RO";0,5;-1;11
15;2025;"> 12";NA;NA;NA;NA;NA;14;9;"RO";0,5;-1;11
16;2025;"> 12";NA;NA;NA;NA;NA;15;20;"RO";0,5;-1;11
17;2025;"> 12";NA;NA;NA;NA;NA;22;15;"RO";0,5;-1;11
18;2025;"> 12";NA;NA;NA;NA;NA;22;31;"RO";0,5;-1;11
19;2025;"> 12";NA;NA;NA;NA;NA;29;21;"RO";0,5;-1;11
20;2025;"> 12";NA;NA;NA;NA;NA;28;34;"RO";0,5;-1;11
21;2025;"> 12";NA;NA;NA;NA;NA;29;30;"RO";0,5;-1;11
22;2025;"> 12";NA;NA;NA;NA;NA;26;23;"RO";0,5;-1;11
23;2025;"> 12";NA;NA;NA;NA;NA;24;24;"RO";0,5;-1;11
24;2025;"> 12";NA;NA;NA;NA;NA;22;26;"RO";0,5;-1;11
25;2025;"> 12";NA;NA;NA;NA;NA;18;16;"RO";0,5;-1;11
26;2025;"> 12";NA;NA;NA;NA;NA;13;13;"RO";0,5;-1;11
27;2025;"> 12";NA;NA;NA;NA;NA;10;9;"RO";0,5;-1;11
28;2025;"> 12";NA;NA;NA;NA;NA;9;8;"RO";0,5;-1;11
29;2025;"> 12";NA;NA;NA;NA;NA;9;11;"RO";0,5;-1;11
30;2025;"> 12";NA;NA;NA;NA;NA;9;8;"RO";0,5;-1;11
31;2025;"> 12";NA;NA;NA;NA;NA;8;9;"RO";0,5;-1;11
32;2025;"> 12";NA;NA;NA;NA;NA;9;7;"RO";0,5;-1;11
33;2025;"> 12";NA;NA;NA;NA;NA;9;11;"RO";0,5;-1;11
34;2025;"> 12";NA;NA;NA;NA;NA;7;8;"RO";0,5;-1;11
35;2025;"> 12";NA;NA;NA;NA;NA;7;3;"RO";0,5;-1;11
36;2025;"> 12";NA;NA;NA;NA;NA;6;9;"RO";0,5;-1;11
37;2025;"> 12";NA;NA;NA;NA;NA;8;5;"RO";0,5;-1;11
38;2025;"> 12";NA;NA;NA;NA;NA;7;9;"RO";0,5;-1;11
39;2025;"> 12";NA;NA;NA;NA;NA;7;6;"RO";0,5;-1;11
40;2025;"> 12";NA;NA;NA;NA;NA;5;6;"RO";0,5;-1;11
41;2025;"> 12";NA;NA;NA;NA;NA;4;4;"RO";0,5;-1;11
42;2025;"> 12";NA;NA;NA;NA;NA;2;2;"RO";0,5;-1;11
43;2025;"> 12";NA;NA;NA;NA;NA;3;1;"RO";0,5;-1;11
44;2025;"> 12";NA;NA;NA;NA;NA;3;5;"RO";0,5;-1;11
45;2025;"> 12";NA;NA;NA;NA;NA;4;4;"RO";0,5;-1;11
46;2025;"> 12";NA;NA;NA;NA;NA;4;4;"RO";0,5;-1;11
47;2025;"> 12";NA;NA;NA;NA;NA;4;5;"RO";0,5;-1;11
48;2025;"> 12";NA;NA;NA;NA;NA;4;2;"RO";0,5;-1;11
49;2025;"> 12";NA;NA;NA;NA;NA;5;5;"RO";0,5;-1;11
50;2025;"> 12";NA;NA;NA;NA;NA;5;8;"RO";0,5;-1;11
51;2025;"> 12";NA;NA;NA;NA;NA;5;3;"RO";0,5;-1;11
52;2025;"> 12";NA;NA;NA;NA;NA;4;3;"RO";0,5;-1;11
53;2025;"> 12";NA;NA;NA;NA;NA;6;7;"RO";0,5;-1;11
1;2026;"> 12";NA;NA;NA;NA;NA;6;7;"RO";0,5;-1;11
2;2026;"> 12";NA;NA;NA;NA;NA;5;3;"RO";0,5;-1;11
3;2026;"> 12";NA;NA;NA;NA;NA;4;5;"RO";0,5;-1;11
4;2026;"> 12";NA;NA;NA;NA;NA;4;3;"RO";0,5;-1;11
5;2026;"> 12";4;4;4;4;4;5;4;"RO";0,5;-1;11
6;2026;"> 12";7;8;7;7;7;6;7;"RO";0,5;-1;11
7;2026;"> 12";7;8;7;7;7;6;7;"RO";0,5;-1;11
8;2026;"> 12";5;6;5;5;5;7;5;"RO";0,5;-1;11
9;2026;"> 12";10;12;10;10;10;9;10;"RO";0,5;-1;11
10;2026;"> 12";12;14;12;13;12;11;12;"RO";0,5;-1;11
11;2026;"> 12";11;14;11;12;11;11;11;"RO";0,5;-1;11
12;2026;"> 12";11;13;10;11;10;10;10;"RO";0,5;-1;11
13;2026;"> 12";7;9;6;7;6;8;6;"RO";0,5;-1;11
14;2026;"> 12";6;9;5;6;5;6;6;"RO";0,5;-1;11
15;2026;"> 12";6;9;5;7;5;9;5;"RO";0,5;-1;11
16;2026;"> 12";15;19;14;16;14;10;14;"RO";0,5;-1;11
17;2026;"> 12";10;14;8;11;9;11;9;"RO";0,5;-1;11
18;2026;"> 12";7;13;4;9;6;9;4;"RO";0,5;-1;11
19;2026;"> 12";11;24;5;14;8;NA;6;"RO";0,5;-1;11
1;2022;"> 12";NA;NA;NA;NA;NA;NA;7;"RR";0,5;1;14
2;2022;"> 12";NA;NA;NA;NA;NA;11;14;"RR";0,5;1;14
3;2022;"> 12";NA;NA;NA;NA;NA;13;13;"RR";0,5;1;14
4;2022;"> 12";NA;NA;NA;NA;NA;10;11;"RR";0,5;1;14
5;2022;"> 12";NA;NA;NA;NA;NA;7;6;"RR";0,5;1;14
6;2022;"> 12";NA;NA;NA;NA;NA;4;3;"RR";0,5;1;14
8;2022;"> 12";NA;NA;NA;NA;NA;2;2;"RR";0,5;1;14
9;2022;"> 12";NA;NA;NA;NA;NA;2;2;"RR";0,5;1;14
10;2022;"> 12";NA;NA;NA;NA;NA;1;1;"RR";0,5;1;14
12;2022;"> 12";NA;NA;NA;NA;NA;1;1;"RR";0,5;1;14
18;2022;"> 12";NA;NA;NA;NA;NA;1;1;"RR";0,5;1;14
19;2022;"> 12";NA;NA;NA;NA;NA;2;1;"RR";0,5;1;14
22;2022;"> 12";NA;NA;NA;NA;NA;2;3;"RR";0,5;1;14
23;2022;"> 12";NA;NA;NA;NA;NA;4;3;"RR";0,5;1;14
24;2022;"> 12";NA;NA;NA;NA;NA;5;6;"RR";0,5;1;14
25;2022;"> 12";NA;NA;NA;NA;NA;7;6;"RR";0,5;1;14
26;2022;"> 12";NA;NA;NA;NA;NA;8;10;"RR";0,5;1;14
27;2022;"> 12";NA;NA;NA;NA;NA;9;8;"RR";0,5;1;14
28;2022;"> 12";NA;NA;NA;NA;NA;7;9;"RR";0,5;1;14
29;2022;"> 12";NA;NA;NA;NA;NA;6;5;"RR";0,5;1;14
30;2022;"> 12";NA;NA;NA;NA;NA;3;3;"RR";0,5;1;14
31;2022;"> 12";NA;NA;NA;NA;NA;2;1;"RR";0,5;1;14
32;2022;"> 12";NA;NA;NA;NA;NA;1;1;"RR";0,5;1;14
33;2022;"> 12";NA;NA;NA;NA;NA;1;1;"RR";0,5;1;14
35;2022;"> 12";NA;NA;NA;NA;NA;1;1;"RR";0,5;1;14
40;2022;"> 12";NA;NA;NA;NA;NA;1;1;"RR";0,5;1;14
41;2022;"> 12";NA;NA;NA;NA;NA;1;1;"RR";0,5;1;14
42;2022;"> 12";NA;NA;NA;NA;NA;1;1;"RR";0,5;1;14
44;2022;"> 12";NA;NA;NA;NA;NA;1;1;"RR";0,5;1;14
45;2022;"> 12";NA;NA;NA;NA;NA;2;1;"RR";0,5;1;14
46;2022;"> 12";NA;NA;NA;NA;NA;4;5;"RR";0,5;1;14
47;2022;"> 12";NA;NA;NA;NA;NA;4;5;"RR";0,5;1;14
48;2022;"> 12";NA;NA;NA;NA;NA;3;2;"RR";0,5;1;14
49;2022;"> 12";NA;NA;NA;NA;NA;2;2;"RR";0,5;1;14
50;2022;"> 12";NA;NA;NA;NA;NA;2;1;"RR";0,5;1;14
52;2022;"> 12";NA;NA;NA;NA;NA;2;2;"RR";0,5;1;14
9;2023;"> 12";NA;NA;NA;NA;NA;2;2;"RR";0,5;1;14
11;2023;"> 12";NA;NA;NA;NA;NA;3;1;"RR";0,5;1;14
13;2023;"> 12";NA;NA;NA;NA;NA;3;5;"RR";0,5;1;14
14;2023;"> 12";NA;NA;NA;NA;NA;3;2;"RR";0,5;1;14
15;2023;"> 12";NA;NA;NA;NA;NA;2;2;"RR";0,5;1;14
16;2023;"> 12";NA;NA;NA;NA;NA;2;1;"RR";0,5;1;14
17;2023;"> 12";NA;NA;NA;NA;NA;1;2;"RR";0,5;1;14
18;2023;"> 12";NA;NA;NA;NA;NA;1;1;"RR";0,5;1;14
19;2023;"> 12";NA;NA;NA;NA;NA;1;1;"RR";0,5;1;14
20;2023;"> 12";NA;NA;NA;NA;NA;2;1;"RR";0,5;1;14
21;2023;"> 12";NA;NA;NA;NA;NA;2;4;"RR";0,5;1;14
22;2023;"> 12";NA;NA;NA;NA;NA;2;1;"RR";0,5;1;14
24;2023;"> 12";NA;NA;NA;NA;NA;1;2;"RR";0,5;1;14
28;2023;"> 12";NA;NA;NA;NA;NA;1;1;"RR";0,5;1;14
30;2023;"> 12";NA;NA;NA;NA;NA;1;1;"RR";0,5;1;14
32;2023;"> 12";NA;NA;NA;NA;NA;2;1;"RR";0,5;1;14
35;2023;"> 12";NA;NA;NA;NA;NA;2;5;"RR";0,5;1;14
36;2023;"> 12";NA;NA;NA;NA;NA;3;1;"RR";0,5;1;14
45;2023;"> 12";NA;NA;NA;NA;NA;1;2;"RR";0,5;1;14
51;2023;"> 12";NA;NA;NA;NA;NA;1;1;"RR";0,5;1;14
52;2023;"> 12";NA;NA;NA;NA;NA;1;1;"RR";0,5;1;14
1;2024;"> 12";NA;NA;NA;NA;NA;1;2;"RR";0,5;1;14
2;2024;"> 12";NA;NA;NA;NA;NA;2;1;"RR";0,5;1;14
3;2024;"> 12";NA;NA;NA;NA;NA;1;2;"RR";0,5;1;14
4;2024;"> 12";NA;NA;NA;NA;NA;1;1;"RR";0,5;1;14
5;2024;"> 12";NA;NA;NA;NA;NA;1;1;"RR";0,5;1;14
6;2024;"> 12";NA;NA;NA;NA;NA;2;2;"RR";0,5;1;14
8;2024;"> 12";NA;NA;NA;NA;NA;2;2;"RR";0,5;1;14
12;2024;"> 12";NA;NA;NA;NA;NA;1;1;"RR";0,5;1;14
14;2024;"> 12";NA;NA;NA;NA;NA;1;1;"RR";0,5;1;14
15;2024;"> 12";NA;NA;NA;NA;NA;1;1;"RR";0,5;1;14
17;2024;"> 12";NA;NA;NA;NA;NA;1;1;"RR";0,5;1;14
18;2024;"> 12";NA;NA;NA;NA;NA;2;2;"RR";0,5;1;14
25;2024;"> 12";NA;NA;NA;NA;NA;3;3;"RR";0,5;1;14
27;2024;"> 12";NA;NA;NA;NA;NA;3;3;"RR";0,5;1;14
28;2024;"> 12";NA;NA;NA;NA;NA;2;2;"RR";0,5;1;14
31;2024;"> 12";NA;NA;NA;NA;NA;1;1;"RR";0,5;1;14
32;2024;"> 12";NA;NA;NA;NA;NA;2;1;"RR";0,5;1;14
37;2024;"> 12";NA;NA;NA;NA;NA;2;3;"RR";0,5;1;14
38;2024;"> 12";NA;NA;NA;NA;NA;2;1;"RR";0,5;1;14
39;2024;"> 12";NA;NA;NA;NA;NA;1;1;"RR";0,5;1;14
42;2024;"> 12";NA;NA;NA;NA;NA;2;2;"RR";0,5;1;14
44;2024;"> 12";NA;NA;NA;NA;NA;2;2;"RR";0,5;1;14
45;2024;"> 12";NA;NA;NA;NA;NA;2;1;"RR";0,5;1;14
46;2024;"> 12";NA;NA;NA;NA;NA;1;2;"RR";0,5;1;14
49;2024;"> 12";NA;NA;NA;NA;NA;2;1;"RR";0,5;1;14
50;2024;"> 12";NA;NA;NA;NA;NA;2;2;"RR";0,5;1;14
51;2024;"> 12";NA;NA;NA;NA;NA;2;2;"RR";0,5;1;14
52;2024;"> 12";NA;NA;NA;NA;NA;2;2;"RR";0,5;1;14
1;2025;"> 12";NA;NA;NA;NA;NA;2;3;"RR";0,5;1;14
2;2025;"> 12";NA;NA;NA;NA;NA;2;2;"RR";0,5;1;14
4;2025;"> 12";NA;NA;NA;NA;NA;1;1;"RR";0,5;1;14
5;2025;"> 12";NA;NA;NA;NA;NA;2;1;"RR";0,5;1;14
6;2025;"> 12";NA;NA;NA;NA;NA;3;5;"RR";0,5;1;14
7;2025;"> 12";NA;NA;NA;NA;NA;3;3;"RR";0,5;1;14
8;2025;"> 12";NA;NA;NA;NA;NA;3;2;"RR";0,5;1;14
9;2025;"> 12";NA;NA;NA;NA;NA;4;3;"RR";0,5;1;14
10;2025;"> 12";NA;NA;NA;NA;NA;4;6;"RR";0,5;1;14
11;2025;"> 12";NA;NA;NA;NA;NA;5;3;"RR";0,5;1;14
12;2025;"> 12";NA;NA;NA;NA;NA;5;6;"RR";0,5;1;14
13;2025;"> 12";NA;NA;NA;NA;NA;4;5;"RR";0,5;1;14
14;2025;"> 12";NA;NA;NA;NA;NA;3;1;"RR";0,5;1;14
15;2025;"> 12";NA;NA;NA;NA;NA;2;2;"RR";0,5;1;14
16;2025;"> 12";NA;NA;NA;NA;NA;3;3;"RR";0,5;1;14
17;2025;"> 12";NA;NA;NA;NA;NA;3;3;"RR";0,5;1;14
18;2025;"> 12";NA;NA;NA;NA;NA;3;3;"RR";0,5;1;14
19;2025;"> 12";NA;NA;NA;NA;NA;3;3;"RR";0,5;1;14
20;2025;"> 12";NA;NA;NA;NA;NA;6;3;"RR";0,5;1;14
21;2025;"> 12";NA;NA;NA;NA;NA;10;12;"RR";0,5;1;14
22;2025;"> 12";NA;NA;NA;NA;NA;16;14;"RR";0,5;1;14
23;2025;"> 12";NA;NA;NA;NA;NA;17;23;"RR";0,5;1;14
24;2025;"> 12";NA;NA;NA;NA;NA;18;14;"RR";0,5;1;14
25;2025;"> 12";NA;NA;NA;NA;NA;12;16;"RR";0,5;1;14
26;2025;"> 12";NA;NA;NA;NA;NA;11;7;"RR";0,5;1;14
27;2025;"> 12";NA;NA;NA;NA;NA;7;9;"RR";0,5;1;14
28;2025;"> 12";NA;NA;NA;NA;NA;10;6;"RR";0,5;1;14
29;2025;"> 12";NA;NA;NA;NA;NA;10;15;"RR";0,5;1;14
30;2025;"> 12";NA;NA;NA;NA;NA;9;8;"RR";0,5;1;14
31;2025;"> 12";NA;NA;NA;NA;NA;7;5;"RR";0,5;1;14
32;2025;"> 12";NA;NA;NA;NA;NA;5;7;"RR";0,5;1;14
33;2025;"> 12";NA;NA;NA;NA;NA;3;2;"RR";0,5;1;14
34;2025;"> 12";NA;NA;NA;NA;NA;2;1;"RR";0,5;1;14
35;2025;"> 12";NA;NA;NA;NA;NA;2;3;"RR";0,5;1;14
36;2025;"> 12";NA;NA;NA;NA;NA;3;3;"RR";0,5;1;14
37;2025;"> 12";NA;NA;NA;NA;NA;4;4;"RR";0,5;1;14
38;2025;"> 12";NA;NA;NA;NA;NA;4;4;"RR";0,5;1;14
39;2025;"> 12";NA;NA;NA;NA;NA;3;3;"RR";0,5;1;14
40;2025;"> 12";NA;NA;NA;NA;NA;3;2;"RR";0,5;1;14
41;2025;"> 12";NA;NA;NA;NA;NA;2;4;"RR";0,5;1;14
42;2025;"> 12";NA;NA;NA;NA;NA;3;1;"RR";0,5;1;14
43;2025;"> 12";NA;NA;NA;NA;NA;2;3;"RR";0,5;1;14
44;2025;"> 12";NA;NA;NA;NA;NA;2;1;"RR";0,5;1;14
45;2025;"> 12";NA;NA;NA;NA;NA;1;2;"RR";0,5;1;14
46;2025;"> 12";NA;NA;NA;NA;NA;2;1;"RR";0,5;1;14
47;2025;"> 12";NA;NA;NA;NA;NA;2;4;"RR";0,5;1;14
48;2025;"> 12";NA;NA;NA;NA;NA;3;2;"RR";0,5;1;14
49;2025;"> 12";NA;NA;NA;NA;NA;2;3;"RR";0,5;1;14
50;2025;"> 12";NA;NA;NA;NA;NA;2;2;"RR";0,5;1;14
51;2025;"> 12";NA;NA;NA;NA;NA;2;2;"RR";0,5;1;14
52;2025;"> 12";NA;NA;NA;NA;NA;2;1;"RR";0,5;1;14
53;2025;"> 12";NA;NA;NA;NA;NA;3;4;"RR";0,5;1;14
1;2026;"> 12";NA;NA;NA;NA;NA;4;4;"RR";0,5;1;14
2;2026;"> 12";NA;NA;NA;NA;NA;5;5;"RR";0,5;1;14
3;2026;"> 12";NA;NA;NA;NA;NA;5;7;"RR";0,5;1;14
4;2026;"> 12";NA;NA;NA;NA;NA;5;4;"RR";0,5;1;14
5;2026;"> 12";NA;NA;NA;NA;NA;5;5;"RR";0,5;1;14
7;2026;"> 12";NA;NA;NA;NA;NA;4;5;"RR";0,5;1;14
8;2026;"> 12";NA;NA;NA;NA;NA;4;3;"RR";0,5;1;14
9;2026;"> 12";NA;NA;NA;NA;NA;4;4;"RR";0,5;1;14
10;2026;"> 12";NA;NA;NA;NA;NA;5;6;"RR";0,5;1;14
11;2026;"> 12";NA;NA;NA;NA;NA;5;4;"RR";0,5;1;14
12;2026;"> 12";NA;NA;NA;NA;NA;4;5;"RR";0,5;1;14
13;2026;"> 12";NA;NA;NA;NA;NA;5;4;"RR";0,5;1;14
14;2026;"> 12";NA;NA;NA;NA;NA;4;5;"RR";0,5;1;14
15;2026;"> 12";2;3;2;2;2;3;2;"RR";0,5;1;14
16;2026;"> 12";2;3;2;2;2;3;2;"RR";0,5;1;14
17;2026;"> 12";6;7;6;6;6;4;6;"RR";0,5;1;14
18;2026;"> 12";3;6;3;4;3;4;3;"RR";0,5;1;14
19;2026;"> 12";2;9;0;4;1;NA;5;"RR";0,5;1;14
1;2022;"> 12";NA;NA;NA;NA;NA;NA;457;"RS";0,5;1;43
2;2022;"> 12";NA;NA;NA;NA;NA;705;753;"RS";0,5;1;43
3;2022;"> 12";NA;NA;NA;NA;NA;829;906;"RS";0,5;1;43
4;2022;"> 12";NA;NA;NA;NA;NA;832;828;"RS";0,5;1;43
5;2022;"> 12";NA;NA;NA;NA;NA;712;762;"RS";0,5;1;43
6;2022;"> 12";NA;NA;NA;NA;NA;592;545;"RS";0,5;1;43
7;2022;"> 12";NA;NA;NA;NA;NA;439;468;"RS";0,5;1;43
8;2022;"> 12";NA;NA;NA;NA;NA;327;304;"RS";0,5;1;43
9;2022;"> 12";NA;NA;NA;NA;NA;236;209;"RS";0,5;1;43
10;2022;"> 12";NA;NA;NA;NA;NA;184;196;"RS";0,5;1;43
11;2022;"> 12";NA;NA;NA;NA;NA;160;148;"RS";0,5;1;43
12;2022;"> 12";NA;NA;NA;NA;NA;147;137;"RS";0,5;1;43
13;2022;"> 12";NA;NA;NA;NA;NA;152;156;"RS";0,5;1;43
14;2022;"> 12";NA;NA;NA;NA;NA;151;163;"RS";0,5;1;43
15;2022;"> 12";NA;NA;NA;NA;NA;168;133;"RS";0,5;1;43
16;2022;"> 12";NA;NA;NA;NA;NA;174;209;"RS";0,5;1;43
17;2022;"> 12";NA;NA;NA;NA;NA;208;179;"RS";0,5;1;43
18;2022;"> 12";NA;NA;NA;NA;NA;262;236;"RS";0,5;1;43
19;2022;"> 12";NA;NA;NA;NA;NA;340;372;"RS";0,5;1;43
20;2022;"> 12";NA;NA;NA;NA;NA;391;412;"RS";0,5;1;43
21;2022;"> 12";NA;NA;NA;NA;NA;398;390;"RS";0,5;1;43
22;2022;"> 12";NA;NA;NA;NA;NA;387;392;"RS";0,5;1;43
23;2022;"> 12";NA;NA;NA;NA;NA;362;378;"RS";0,5;1;43
24;2022;"> 12";NA;NA;NA;NA;NA;359;317;"RS";0,5;1;43
25;2022;"> 12";NA;NA;NA;NA;NA;331;383;"RS";0,5;1;43
26;2022;"> 12";NA;NA;NA;NA;NA;323;294;"RS";0,5;1;43
27;2022;"> 12";NA;NA;NA;NA;NA;286;292;"RS";0,5;1;43
28;2022;"> 12";NA;NA;NA;NA;NA;281;273;"RS";0,5;1;43
29;2022;"> 12";NA;NA;NA;NA;NA;265;277;"RS";0,5;1;43
30;2022;"> 12";NA;NA;NA;NA;NA;238;244;"RS";0,5;1;43
31;2022;"> 12";NA;NA;NA;NA;NA;209;194;"RS";0,5;1;43
32;2022;"> 12";NA;NA;NA;NA;NA;190;189;"RS";0,5;1;43
33;2022;"> 12";NA;NA;NA;NA;NA;180;188;"RS";0,5;1;43
34;2022;"> 12";NA;NA;NA;NA;NA;164;162;"RS";0,5;1;43
35;2022;"> 12";NA;NA;NA;NA;NA;142;142;"RS";0,5;1;43
36;2022;"> 12";NA;NA;NA;NA;NA;126;121;"RS";0,5;1;43
37;2022;"> 12";NA;NA;NA;NA;NA;107;114;"RS";0,5;1;43
38;2022;"> 12";NA;NA;NA;NA;NA;92;87;"RS";0,5;1;43
39;2022;"> 12";NA;NA;NA;NA;NA;77;75;"RS";0,5;1;43
40;2022;"> 12";NA;NA;NA;NA;NA;66;68;"RS";0,5;1;43
41;2022;"> 12";NA;NA;NA;NA;NA;64;55;"RS";0,5;1;43
42;2022;"> 12";NA;NA;NA;NA;NA;66;68;"RS";0,5;1;43
43;2022;"> 12";NA;NA;NA;NA;NA;70;75;"RS";0,5;1;43
44;2022;"> 12";NA;NA;NA;NA;NA;77;68;"RS";0,5;1;43
45;2022;"> 12";NA;NA;NA;NA;NA;88;88;"RS";0,5;1;43
46;2022;"> 12";NA;NA;NA;NA;NA;106;107;"RS";0,5;1;43
47;2022;"> 12";NA;NA;NA;NA;NA;141;124;"RS";0,5;1;43
48;2022;"> 12";NA;NA;NA;NA;NA;172;192;"RS";0,5;1;43
49;2022;"> 12";NA;NA;NA;NA;NA;202;201;"RS";0,5;1;43
50;2022;"> 12";NA;NA;NA;NA;NA;230;214;"RS";0,5;1;43
51;2022;"> 12";NA;NA;NA;NA;NA;244;274;"RS";0,5;1;43
52;2022;"> 12";NA;NA;NA;NA;NA;227;245;"RS";0,5;1;43
1;2023;"> 12";NA;NA;NA;NA;NA;173;162;"RS";0,5;1;43
2;2023;"> 12";NA;NA;NA;NA;NA;126;111;"RS";0,5;1;43
3;2023;"> 12";NA;NA;NA;NA;NA;90;104;"RS";0,5;1;43
4;2023;"> 12";NA;NA;NA;NA;NA;70;54;"RS";0,5;1;43
5;2023;"> 12";NA;NA;NA;NA;NA;48;52;"RS";0,5;1;43
6;2023;"> 12";NA;NA;NA;NA;NA;44;39;"RS";0,5;1;43
7;2023;"> 12";NA;NA;NA;NA;NA;40;42;"RS";0,5;1;43
8;2023;"> 12";NA;NA;NA;NA;NA;48;40;"RS";0,5;1;43
9;2023;"> 12";NA;NA;NA;NA;NA;63;61;"RS";0,5;1;43
10;2023;"> 12";NA;NA;NA;NA;NA;82;88;"RS";0,5;1;43
11;2023;"> 12";NA;NA;NA;NA;NA;96;96;"RS";0,5;1;43
12;2023;"> 12";NA;NA;NA;NA;NA;111;103;"RS";0,5;1;43
13;2023;"> 12";NA;NA;NA;NA;NA;122;135;"RS";0,5;1;43
14;2023;"> 12";NA;NA;NA;NA;NA;131;129;"RS";0,5;1;43
15;2023;"> 12";NA;NA;NA;NA;NA;142;128;"RS";0,5;1;43
16;2023;"> 12";NA;NA;NA;NA;NA;156;169;"RS";0,5;1;43
17;2023;"> 12";NA;NA;NA;NA;NA;171;170;"RS";0,5;1;43
18;2023;"> 12";NA;NA;NA;NA;NA;172;174;"RS";0,5;1;43
19;2023;"> 12";NA;NA;NA;NA;NA;182;172;"RS";0,5;1;43
20;2023;"> 12";NA;NA;NA;NA;NA;178;201;"RS";0,5;1;43
21;2023;"> 12";NA;NA;NA;NA;NA;163;162;"RS";0,5;1;43
22;2023;"> 12";NA;NA;NA;NA;NA;145;127;"RS";0,5;1;43
23;2023;"> 12";NA;NA;NA;NA;NA;128;145;"RS";0,5;1;43
24;2023;"> 12";NA;NA;NA;NA;NA;123;112;"RS";0,5;1;43
25;2023;"> 12";NA;NA;NA;NA;NA;109;112;"RS";0,5;1;43
26;2023;"> 12";NA;NA;NA;NA;NA;113;103;"RS";0,5;1;43
27;2023;"> 12";NA;NA;NA;NA;NA;115;125;"RS";0,5;1;43
28;2023;"> 12";NA;NA;NA;NA;NA;121;117;"RS";0,5;1;43
29;2023;"> 12";NA;NA;NA;NA;NA;111;121;"RS";0,5;1;43
30;2023;"> 12";NA;NA;NA;NA;NA;104;94;"RS";0,5;1;43
31;2023;"> 12";NA;NA;NA;NA;NA;91;97;"RS";0,5;1;43
32;2023;"> 12";NA;NA;NA;NA;NA;90;82;"RS";0,5;1;43
33;2023;"> 12";NA;NA;NA;NA;NA;75;90;"RS";0,5;1;43
34;2023;"> 12";NA;NA;NA;NA;NA;76;53;"RS";0,5;1;43
35;2023;"> 12";NA;NA;NA;NA;NA;70;85;"RS";0,5;1;43
36;2023;"> 12";NA;NA;NA;NA;NA;81;72;"RS";0,5;1;43
37;2023;"> 12";NA;NA;NA;NA;NA;81;85;"RS";0,5;1;43
38;2023;"> 12";NA;NA;NA;NA;NA;79;85;"RS";0,5;1;43
39;2023;"> 12";NA;NA;NA;NA;NA;81;66;"RS";0,5;1;43
40;2023;"> 12";NA;NA;NA;NA;NA;88;92;"RS";0,5;1;43
41;2023;"> 12";NA;NA;NA;NA;NA;105;105;"RS";0,5;1;43
42;2023;"> 12";NA;NA;NA;NA;NA;123;119;"RS";0,5;1;43
43;2023;"> 12";NA;NA;NA;NA;NA;124;146;"RS";0,5;1;43
44;2023;"> 12";NA;NA;NA;NA;NA;118;108;"RS";0,5;1;43
45;2023;"> 12";NA;NA;NA;NA;NA;99;101;"RS";0,5;1;43
46;2023;"> 12";NA;NA;NA;NA;NA;87;88;"RS";0,5;1;43
47;2023;"> 12";NA;NA;NA;NA;NA;79;72;"RS";0,5;1;43
48;2023;"> 12";NA;NA;NA;NA;NA;73;77;"RS";0,5;1;43
49;2023;"> 12";NA;NA;NA;NA;NA;73;69;"RS";0,5;1;43
50;2023;"> 12";NA;NA;NA;NA;NA;71;73;"RS";0,5;1;43
51;2023;"> 12";NA;NA;NA;NA;NA;71;70;"RS";0,5;1;43
52;2023;"> 12";NA;NA;NA;NA;NA;76;71;"RS";0,5;1;43
1;2024;"> 12";NA;NA;NA;NA;NA;74;87;"RS";0,5;1;43
2;2024;"> 12";NA;NA;NA;NA;NA;71;64;"RS";0,5;1;43
3;2024;"> 12";NA;NA;NA;NA;NA;65;63;"RS";0,5;1;43
4;2024;"> 12";NA;NA;NA;NA;NA;64;67;"RS";0,5;1;43
5;2024;"> 12";NA;NA;NA;NA;NA;68;63;"RS";0,5;1;43
6;2024;"> 12";NA;NA;NA;NA;NA;73;73;"RS";0,5;1;43
7;2024;"> 12";NA;NA;NA;NA;NA;85;82;"RS";0,5;1;43
8;2024;"> 12";NA;NA;NA;NA;NA;105;99;"RS";0,5;1;43
9;2024;"> 12";NA;NA;NA;NA;NA;122;135;"RS";0,5;1;43
10;2024;"> 12";NA;NA;NA;NA;NA;139;131;"RS";0,5;1;43
11;2024;"> 12";NA;NA;NA;NA;NA;134;152;"RS";0,5;1;43
12;2024;"> 12";NA;NA;NA;NA;NA;126;118;"RS";0,5;1;43
13;2024;"> 12";NA;NA;NA;NA;NA;116;108;"RS";0,5;1;43
14;2024;"> 12";NA;NA;NA;NA;NA;115;123;"RS";0,5;1;43
15;2024;"> 12";NA;NA;NA;NA;NA;121;113;"RS";0,5;1;43
16;2024;"> 12";NA;NA;NA;NA;NA;125;126;"RS";0,5;1;43
17;2024;"> 12";NA;NA;NA;NA;NA;119;137;"RS";0,5;1;43
18;2024;"> 12";NA;NA;NA;NA;NA;108;93;"RS";0,5;1;43
19;2024;"> 12";NA;NA;NA;NA;NA;94;93;"RS";0,5;1;43
20;2024;"> 12";NA;NA;NA;NA;NA;102;96;"RS";0,5;1;43
21;2024;"> 12";NA;NA;NA;NA;NA;106;117;"RS";0,5;1;43
22;2024;"> 12";NA;NA;NA;NA;NA;131;105;"RS";0,5;1;43
23;2024;"> 12";NA;NA;NA;NA;NA;140;171;"RS";0,5;1;43
24;2024;"> 12";NA;NA;NA;NA;NA;147;145;"RS";0,5;1;43
25;2024;"> 12";NA;NA;NA;NA;NA;133;125;"RS";0,5;1;43
26;2024;"> 12";NA;NA;NA;NA;NA;135;128;"RS";0,5;1;43
27;2024;"> 12";NA;NA;NA;NA;NA;143;153;"RS";0,5;1;43
28;2024;"> 12";NA;NA;NA;NA;NA;151;149;"RS";0,5;1;43
29;2024;"> 12";NA;NA;NA;NA;NA;148;151;"RS";0,5;1;43
30;2024;"> 12";NA;NA;NA;NA;NA;132;144;"RS";0,5;1;43
31;2024;"> 12";NA;NA;NA;NA;NA;122;101;"RS";0,5;1;43
32;2024;"> 12";NA;NA;NA;NA;NA;119;122;"RS";0,5;1;43
33;2024;"> 12";NA;NA;NA;NA;NA;130;135;"RS";0,5;1;43
34;2024;"> 12";NA;NA;NA;NA;NA;135;133;"RS";0,5;1;43
35;2024;"> 12";NA;NA;NA;NA;NA;142;136;"RS";0,5;1;43
36;2024;"> 12";NA;NA;NA;NA;NA;143;156;"RS";0,5;1;43
37;2024;"> 12";NA;NA;NA;NA;NA;150;138;"RS";0,5;1;43
38;2024;"> 12";NA;NA;NA;NA;NA;132;156;"RS";0,5;1;43
39;2024;"> 12";NA;NA;NA;NA;NA;129;103;"RS";0,5;1;43
40;2024;"> 12";NA;NA;NA;NA;NA;126;129;"RS";0,5;1;43
41;2024;"> 12";NA;NA;NA;NA;NA;134;147;"RS";0,5;1;43
42;2024;"> 12";NA;NA;NA;NA;NA;126;125;"RS";0,5;1;43
43;2024;"> 12";NA;NA;NA;NA;NA;116;107;"RS";0,5;1;43
44;2024;"> 12";NA;NA;NA;NA;NA;108;117;"RS";0,5;1;43
45;2024;"> 12";NA;NA;NA;NA;NA;108;100;"RS";0,5;1;43
46;2024;"> 12";NA;NA;NA;NA;NA;103;108;"RS";0,5;1;43
47;2024;"> 12";NA;NA;NA;NA;NA;100;100;"RS";0,5;1;43
48;2024;"> 12";NA;NA;NA;NA;NA;91;93;"RS";0,5;1;43
49;2024;"> 12";NA;NA;NA;NA;NA;90;81;"RS";0,5;1;43
50;2024;"> 12";NA;NA;NA;NA;NA;89;96;"RS";0,5;1;43
51;2024;"> 12";NA;NA;NA;NA;NA;93;90;"RS";0,5;1;43
52;2024;"> 12";NA;NA;NA;NA;NA;93;93;"RS";0,5;1;43
1;2025;"> 12";NA;NA;NA;NA;NA;84;96;"RS";0,5;1;43
2;2025;"> 12";NA;NA;NA;NA;NA;80;64;"RS";0,5;1;43
3;2025;"> 12";NA;NA;NA;NA;NA;66;79;"RS";0,5;1;43
4;2025;"> 12";NA;NA;NA;NA;NA;58;54;"RS";0,5;1;43
5;2025;"> 12";NA;NA;NA;NA;NA;50;42;"RS";0,5;1;43
6;2025;"> 12";NA;NA;NA;NA;NA;49;55;"RS";0,5;1;43
7;2025;"> 12";NA;NA;NA;NA;NA;55;49;"RS";0,5;1;43
8;2025;"> 12";NA;NA;NA;NA;NA;55;60;"RS";0,5;1;43
9;2025;"> 12";NA;NA;NA;NA;NA;62;56;"RS";0,5;1;43
10;2025;"> 12";NA;NA;NA;NA;NA;69;70;"RS";0,5;1;43
11;2025;"> 12";NA;NA;NA;NA;NA;75;81;"RS";0,5;1;43
12;2025;"> 12";NA;NA;NA;NA;NA;81;73;"RS";0,5;1;43
13;2025;"> 12";NA;NA;NA;NA;NA;75;90;"RS";0,5;1;43
14;2025;"> 12";NA;NA;NA;NA;NA;77;62;"RS";0,5;1;43
15;2025;"> 12";NA;NA;NA;NA;NA;80;79;"RS";0,5;1;43
16;2025;"> 12";NA;NA;NA;NA;NA;101;99;"RS";0,5;1;43
17;2025;"> 12";NA;NA;NA;NA;NA;136;126;"RS";0,5;1;43
18;2025;"> 12";NA;NA;NA;NA;NA;180;182;"RS";0,5;1;43
19;2025;"> 12";NA;NA;NA;NA;NA;246;231;"RS";0,5;1;43
20;2025;"> 12";NA;NA;NA;NA;NA;311;325;"RS";0,5;1;43
21;2025;"> 12";NA;NA;NA;NA;NA;364;376;"RS";0,5;1;43
22;2025;"> 12";NA;NA;NA;NA;NA;399;391;"RS";0,5;1;43
23;2025;"> 12";NA;NA;NA;NA;NA;412;431;"RS";0,5;1;43
24;2025;"> 12";NA;NA;NA;NA;NA;396;414;"RS";0,5;1;43
25;2025;"> 12";NA;NA;NA;NA;NA;354;343;"RS";0,5;1;43
26;2025;"> 12";NA;NA;NA;NA;NA;319;304;"RS";0,5;1;43
27;2025;"> 12";NA;NA;NA;NA;NA;289;309;"RS";0,5;1;43
28;2025;"> 12";NA;NA;NA;NA;NA;261;253;"RS";0,5;1;43
29;2025;"> 12";NA;NA;NA;NA;NA;231;220;"RS";0,5;1;43
30;2025;"> 12";NA;NA;NA;NA;NA;215;220;"RS";0,5;1;43
31;2025;"> 12";NA;NA;NA;NA;NA;189;206;"RS";0,5;1;43
32;2025;"> 12";NA;NA;NA;NA;NA;158;142;"RS";0,5;1;43
33;2025;"> 12";NA;NA;NA;NA;NA;139;125;"RS";0,5;1;43
34;2025;"> 12";NA;NA;NA;NA;NA;129;150;"RS";0,5;1;43
35;2025;"> 12";NA;NA;NA;NA;NA;131;113;"RS";0,5;1;43
36;2025;"> 12";NA;NA;NA;NA;NA;124;129;"RS";0,5;1;43
37;2025;"> 12";NA;NA;NA;NA;NA;131;131;"RS";0,5;1;43
38;2025;"> 12";NA;NA;NA;NA;NA;129;134;"RS";0,5;1;43
39;2025;"> 12";NA;NA;NA;NA;NA;118;121;"RS";0,5;1;43
40;2025;"> 12";NA;NA;NA;NA;NA;116;98;"RS";0,5;1;43
41;2025;"> 12";NA;NA;NA;NA;NA;105;128;"RS";0,5;1;43
42;2025;"> 12";NA;NA;NA;NA;NA;107;88;"RS";0,5;1;43
43;2025;"> 12";NA;NA;NA;NA;NA;95;104;"RS";0,5;1;43
44;2025;"> 12";NA;NA;NA;NA;NA;92;94;"RS";0,5;1;43
45;2025;"> 12";NA;NA;NA;NA;NA;91;77;"RS";0,5;1;43
46;2025;"> 12";NA;NA;NA;NA;NA;87;101;"RS";0,5;1;43
47;2025;"> 12";NA;NA;NA;NA;NA;83;82;"RS";0,5;1;43
48;2025;"> 12";NA;NA;NA;NA;NA;68;66;"RS";0,5;1;43
49;2025;"> 12";NA;NA;NA;NA;NA;61;55;"RS";0,5;1;43
50;2025;"> 12";NA;NA;NA;NA;NA;57;62;"RS";0,5;1;43
51;2025;"> 12";NA;NA;NA;NA;NA;59;55;"RS";0,5;1;43
52;2025;"> 12";NA;NA;NA;NA;NA;56;61;"RS";0,5;1;43
53;2025;"> 12";NA;NA;NA;NA;NA;61;52;"RS";0,5;1;43
1;2026;"> 12";NA;NA;NA;NA;NA;59;70;"RS";0,5;1;43
2;2026;"> 12";NA;NA;NA;NA;NA;57;56;"RS";0,5;1;43
3;2026;"> 12";NA;NA;NA;NA;NA;52;44;"RS";0,5;1;43
4;2026;"> 12";NA;NA;NA;NA;NA;53;56;"RS";0,5;1;43
5;2026;"> 12";NA;NA;NA;NA;NA;56;59;"RS";0,5;1;43
6;2026;"> 12";NA;NA;NA;NA;NA;51;53;"RS";0,5;1;43
7;2026;"> 12";NA;NA;NA;NA;NA;55;42;"RS";0,5;1;43
8;2026;"> 12";NA;NA;NA;NA;NA;61;69;"RS";0,5;1;43
9;2026;"> 12";73;75;73;74;73;72;73;"RS";0,5;1;43
10;2026;"> 12";75;78;75;76;75;79;80;"RS";0,5;1;43
11;2026;"> 12";89;91;88;89;88;77;89;"RS";0,5;1;43
12;2026;"> 12";66;69;65;67;65;81;65;"RS";0,5;1;43
13;2026;"> 12";87;90;86;88;87;78;87;"RS";0,5;1;43
14;2026;"> 12";80;85;78;82;79;90;79;"RS";0,5;1;43
15;2026;"> 12";103;108;100;105;102;104;100;"RS";0,5;1;43
16;2026;"> 12";129;137;123;131;127;124;122;"RS";0,5;1;43
17;2026;"> 12";140;153,025;131;144;136;147;136;"RS";0,5;1;43
18;2026;"> 12";173;212,025;152;183;164;177;157;"RS";0,5;1;43
19;2026;"> 12";217;376,025;130;258;182;NA;201;"RS";0,5;1;43
1;2022;"> 12";NA;NA;NA;NA;NA;NA;416;"SC";0;1;42
2;2022;"> 12";NA;NA;NA;NA;NA;534;569;"SC";0;1;42
3;2022;"> 12";NA;NA;NA;NA;NA;574;618;"SC";0;1;42
4;2022;"> 12";NA;NA;NA;NA;NA;523;535;"SC";0;1;42
5;2022;"> 12";NA;NA;NA;NA;NA;424;415;"SC";0;1;42
6;2022;"> 12";NA;NA;NA;NA;NA;316;323;"SC";0;1;42
7;2022;"> 12";NA;NA;NA;NA;NA;227;210;"SC";0;1;42
8;2022;"> 12";NA;NA;NA;NA;NA;156;148;"SC";0;1;42
9;2022;"> 12";NA;NA;NA;NA;NA;113;111;"SC";0;1;42
10;2022;"> 12";NA;NA;NA;NA;NA;90;80;"SC";0;1;42
11;2022;"> 12";NA;NA;NA;NA;NA;73;78;"SC";0;1;42
12;2022;"> 12";NA;NA;NA;NA;NA;65;61;"SC";0;1;42
13;2022;"> 12";NA;NA;NA;NA;NA;64;55;"SC";0;1;42
14;2022;"> 12";NA;NA;NA;NA;NA;63;75;"SC";0;1;42
15;2022;"> 12";NA;NA;NA;NA;NA;74;60;"SC";0;1;42
16;2022;"> 12";NA;NA;NA;NA;NA;79;86;"SC";0;1;42
17;2022;"> 12";NA;NA;NA;NA;NA;91;92;"SC";0;1;42
18;2022;"> 12";NA;NA;NA;NA;NA;99;96;"SC";0;1;42
19;2022;"> 12";NA;NA;NA;NA;NA;116;109;"SC";0;1;42
20;2022;"> 12";NA;NA;NA;NA;NA;136;142;"SC";0;1;42
21;2022;"> 12";NA;NA;NA;NA;NA;153;156;"SC";0;1;42
22;2022;"> 12";NA;NA;NA;NA;NA;163;160;"SC";0;1;42
23;2022;"> 12";NA;NA;NA;NA;NA;176;173;"SC";0;1;42
24;2022;"> 12";NA;NA;NA;NA;NA;190;194;"SC";0;1;42
25;2022;"> 12";NA;NA;NA;NA;NA;196;204;"SC";0;1;42
26;2022;"> 12";NA;NA;NA;NA;NA;179;191;"SC";0;1;42
27;2022;"> 12";NA;NA;NA;NA;NA;161;142;"SC";0;1;42
28;2022;"> 12";NA;NA;NA;NA;NA;136;151;"SC";0;1;42
29;2022;"> 12";NA;NA;NA;NA;NA;115;114;"SC";0;1;42
30;2022;"> 12";NA;NA;NA;NA;NA;93;81;"SC";0;1;42
31;2022;"> 12";NA;NA;NA;NA;NA;79;84;"SC";0;1;42
32;2022;"> 12";NA;NA;NA;NA;NA;79;73;"SC";0;1;42
33;2022;"> 12";NA;NA;NA;NA;NA;74;80;"SC";0;1;42
34;2022;"> 12";NA;NA;NA;NA;NA;70;68;"SC";0;1;42
35;2022;"> 12";NA;NA;NA;NA;NA;64;62;"SC";0;1;42
36;2022;"> 12";NA;NA;NA;NA;NA;56;61;"SC";0;1;42
37;2022;"> 12";NA;NA;NA;NA;NA;49;45;"SC";0;1;42
38;2022;"> 12";NA;NA;NA;NA;NA;41;41;"SC";0;1;42
39;2022;"> 12";NA;NA;NA;NA;NA;39;37;"SC";0;1;42
40;2022;"> 12";NA;NA;NA;NA;NA;37;38;"SC";0;1;42
41;2022;"> 12";NA;NA;NA;NA;NA;33;37;"SC";0;1;42
42;2022;"> 12";NA;NA;NA;NA;NA;31;24;"SC";0;1;42
43;2022;"> 12";NA;NA;NA;NA;NA;36;33;"SC";0;1;42
44;2022;"> 12";NA;NA;NA;NA;NA;49;52;"SC";0;1;42
45;2022;"> 12";NA;NA;NA;NA;NA;66;61;"SC";0;1;42
46;2022;"> 12";NA;NA;NA;NA;NA;90;84;"SC";0;1;42
47;2022;"> 12";NA;NA;NA;NA;NA;104;124;"SC";0;1;42
48;2022;"> 12";NA;NA;NA;NA;NA;122;103;"SC";0;1;42
49;2022;"> 12";NA;NA;NA;NA;NA;112;138;"SC";0;1;42
50;2022;"> 12";NA;NA;NA;NA;NA;103;94;"SC";0;1;42
51;2022;"> 12";NA;NA;NA;NA;NA;84;77;"SC";0;1;42
52;2022;"> 12";NA;NA;NA;NA;NA;75;81;"SC";0;1;42
1;2023;"> 12";NA;NA;NA;NA;NA;65;66;"SC";0;1;42
2;2023;"> 12";NA;NA;NA;NA;NA;47;47;"SC";0;1;42
3;2023;"> 12";NA;NA;NA;NA;NA;34;29;"SC";0;1;42
4;2023;"> 12";NA;NA;NA;NA;NA;26;27;"SC";0;1;42
5;2023;"> 12";NA;NA;NA;NA;NA;26;22;"SC";0;1;42
6;2023;"> 12";NA;NA;NA;NA;NA;26;30;"SC";0;1;42
7;2023;"> 12";NA;NA;NA;NA;NA;31;27;"SC";0;1;42
8;2023;"> 12";NA;NA;NA;NA;NA;33;35;"SC";0;1;42
9;2023;"> 12";NA;NA;NA;NA;NA;37;37;"SC";0;1;42
10;2023;"> 12";NA;NA;NA;NA;NA;39;38;"SC";0;1;42
11;2023;"> 12";NA;NA;NA;NA;NA;43;42;"SC";0;1;42
12;2023;"> 12";NA;NA;NA;NA;NA;46;49;"SC";0;1;42
13;2023;"> 12";NA;NA;NA;NA;NA;50;48;"SC";0;1;42
14;2023;"> 12";NA;NA;NA;NA;NA;60;53;"SC";0;1;42
15;2023;"> 12";NA;NA;NA;NA;NA;70;78;"SC";0;1;42
16;2023;"> 12";NA;NA;NA;NA;NA;73;80;"SC";0;1;42
17;2023;"> 12";NA;NA;NA;NA;NA;70;62;"SC";0;1;42
18;2023;"> 12";NA;NA;NA;NA;NA;65;68;"SC";0;1;42
19;2023;"> 12";NA;NA;NA;NA;NA;72;65;"SC";0;1;42
20;2023;"> 12";NA;NA;NA;NA;NA;71;82;"SC";0;1;42
21;2023;"> 12";NA;NA;NA;NA;NA;65;67;"SC";0;1;42
22;2023;"> 12";NA;NA;NA;NA;NA;54;47;"SC";0;1;42
23;2023;"> 12";NA;NA;NA;NA;NA;51;48;"SC";0;1;42
24;2023;"> 12";NA;NA;NA;NA;NA;50;57;"SC";0;1;42
25;2023;"> 12";NA;NA;NA;NA;NA;48;46;"SC";0;1;42
26;2023;"> 12";NA;NA;NA;NA;NA;44;40;"SC";0;1;42
27;2023;"> 12";NA;NA;NA;NA;NA;44;45;"SC";0;1;42
28;2023;"> 12";NA;NA;NA;NA;NA;43;46;"SC";0;1;42
29;2023;"> 12";NA;NA;NA;NA;NA;40;38;"SC";0;1;42
30;2023;"> 12";NA;NA;NA;NA;NA;35;37;"SC";0;1;42
31;2023;"> 12";NA;NA;NA;NA;NA;35;30;"SC";0;1;42
32;2023;"> 12";NA;NA;NA;NA;NA;33;38;"SC";0;1;42
33;2023;"> 12";NA;NA;NA;NA;NA;31;30;"SC";0;1;42
34;2023;"> 12";NA;NA;NA;NA;NA;28;25;"SC";0;1;42
35;2023;"> 12";NA;NA;NA;NA;NA;29;30;"SC";0;1;42
36;2023;"> 12";NA;NA;NA;NA;NA;35;31;"SC";0;1;42
37;2023;"> 12";NA;NA;NA;NA;NA;32;43;"SC";0;1;42
38;2023;"> 12";NA;NA;NA;NA;NA;30;23;"SC";0;1;42
39;2023;"> 12";NA;NA;NA;NA;NA;30;25;"SC";0;1;42
40;2023;"> 12";NA;NA;NA;NA;NA;35;42;"SC";0;1;42
41;2023;"> 12";NA;NA;NA;NA;NA;47;37;"SC";0;1;42
42;2023;"> 12";NA;NA;NA;NA;NA;57;63;"SC";0;1;42
43;2023;"> 12";NA;NA;NA;NA;NA;64;71;"SC";0;1;42
44;2023;"> 12";NA;NA;NA;NA;NA;66;58;"SC";0;1;42
45;2023;"> 12";NA;NA;NA;NA;NA;61;69;"SC";0;1;42
46;2023;"> 12";NA;NA;NA;NA;NA;57;56;"SC";0;1;42
47;2023;"> 12";NA;NA;NA;NA;NA;45;45;"SC";0;1;42
48;2023;"> 12";NA;NA;NA;NA;NA;38;34;"SC";0;1;42
49;2023;"> 12";NA;NA;NA;NA;NA;36;34;"SC";0;1;42
50;2023;"> 12";NA;NA;NA;NA;NA;34;39;"SC";0;1;42
51;2023;"> 12";NA;NA;NA;NA;NA;34;28;"SC";0;1;42
52;2023;"> 12";NA;NA;NA;NA;NA;34;34;"SC";0;1;42
1;2024;"> 12";NA;NA;NA;NA;NA;37;41;"SC";0;1;42
2;2024;"> 12";NA;NA;NA;NA;NA;34;36;"SC";0;1;42
3;2024;"> 12";NA;NA;NA;NA;NA;33;26;"SC";0;1;42
4;2024;"> 12";NA;NA;NA;NA;NA;32;37;"SC";0;1;42
5;2024;"> 12";NA;NA;NA;NA;NA;37;33;"SC";0;1;42
6;2024;"> 12";NA;NA;NA;NA;NA;37;41;"SC";0;1;42
7;2024;"> 12";NA;NA;NA;NA;NA;42;37;"SC";0;1;42
8;2024;"> 12";NA;NA;NA;NA;NA;51;48;"SC";0;1;42
9;2024;"> 12";NA;NA;NA;NA;NA;61;68;"SC";0;1;42
10;2024;"> 12";NA;NA;NA;NA;NA;70;67;"SC";0;1;42
11;2024;"> 12";NA;NA;NA;NA;NA;66;75;"SC";0;1;42
12;2024;"> 12";NA;NA;NA;NA;NA;56;55;"SC";0;1;42
13;2024;"> 12";NA;NA;NA;NA;NA;46;37;"SC";0;1;42
14;2024;"> 12";NA;NA;NA;NA;NA;43;46;"SC";0;1;42
15;2024;"> 12";NA;NA;NA;NA;NA;47;46;"SC";0;1;42
16;2024;"> 12";NA;NA;NA;NA;NA;55;49;"SC";0;1;42
17;2024;"> 12";NA;NA;NA;NA;NA;61;69;"SC";0;1;42
18;2024;"> 12";NA;NA;NA;NA;NA;65;65;"SC";0;1;42
19;2024;"> 12";NA;NA;NA;NA;NA;70;62;"SC";0;1;42
20;2024;"> 12";NA;NA;NA;NA;NA;69;82;"SC";0;1;42
21;2024;"> 12";NA;NA;NA;NA;NA;69;63;"SC";0;1;42
22;2024;"> 12";NA;NA;NA;NA;NA;67;63;"SC";0;1;42
23;2024;"> 12";NA;NA;NA;NA;NA;70;74;"SC";0;1;42
24;2024;"> 12";NA;NA;NA;NA;NA;68;73;"SC";0;1;42
25;2024;"> 12";NA;NA;NA;NA;NA;60;58;"SC";0;1;42
26;2024;"> 12";NA;NA;NA;NA;NA;58;50;"SC";0;1;42
27;2024;"> 12";NA;NA;NA;NA;NA;57;65;"SC";0;1;42
28;2024;"> 12";NA;NA;NA;NA;NA;64;55;"SC";0;1;42
29;2024;"> 12";NA;NA;NA;NA;NA;65;71;"SC";0;1;42
30;2024;"> 12";NA;NA;NA;NA;NA;62;68;"SC";0;1;42
31;2024;"> 12";NA;NA;NA;NA;NA;53;48;"SC";0;1;42
32;2024;"> 12";NA;NA;NA;NA;NA;56;42;"SC";0;1;42
33;2024;"> 12";NA;NA;NA;NA;NA;58;79;"SC";0;1;42
34;2024;"> 12";NA;NA;NA;NA;NA;60;53;"SC";0;1;42
35;2024;"> 12";NA;NA;NA;NA;NA;55;48;"SC";0;1;42
36;2024;"> 12";NA;NA;NA;NA;NA;59;65;"SC";0;1;42
37;2024;"> 12";NA;NA;NA;NA;NA;65;63;"SC";0;1;42
38;2024;"> 12";NA;NA;NA;NA;NA;62;67;"SC";0;1;42
39;2024;"> 12";NA;NA;NA;NA;NA;58;56;"SC";0;1;42
40;2024;"> 12";NA;NA;NA;NA;NA;53;51;"SC";0;1;42
41;2024;"> 12";NA;NA;NA;NA;NA;55;51;"SC";0;1;42
42;2024;"> 12";NA;NA;NA;NA;NA;56;62;"SC";0;1;42
43;2024;"> 12";NA;NA;NA;NA;NA;58;56;"SC";0;1;42
44;2024;"> 12";NA;NA;NA;NA;NA;50;56;"SC";0;1;42
45;2024;"> 12";NA;NA;NA;NA;NA;42;39;"SC";0;1;42
46;2024;"> 12";NA;NA;NA;NA;NA;37;31;"SC";0;1;42
47;2024;"> 12";NA;NA;NA;NA;NA;39;42;"SC";0;1;42
48;2024;"> 12";NA;NA;NA;NA;NA;45;44;"SC";0;1;42
49;2024;"> 12";NA;NA;NA;NA;NA;48;50;"SC";0;1;42
50;2024;"> 12";NA;NA;NA;NA;NA;46;49;"SC";0;1;42
51;2024;"> 12";NA;NA;NA;NA;NA;41;40;"SC";0;1;42
52;2024;"> 12";NA;NA;NA;NA;NA;39;34;"SC";0;1;42
1;2025;"> 12";NA;NA;NA;NA;NA;39;43;"SC";0;1;42
2;2025;"> 12";NA;NA;NA;NA;NA;41;39;"SC";0;1;42
3;2025;"> 12";NA;NA;NA;NA;NA;35;42;"SC";0;1;42
4;2025;"> 12";NA;NA;NA;NA;NA;31;23;"SC";0;1;42
5;2025;"> 12";NA;NA;NA;NA;NA;28;27;"SC";0;1;42
6;2025;"> 12";NA;NA;NA;NA;NA;29;35;"SC";0;1;42
7;2025;"> 12";NA;NA;NA;NA;NA;29;26;"SC";0;1;42
8;2025;"> 12";NA;NA;NA;NA;NA;32;27;"SC";0;1;42
9;2025;"> 12";NA;NA;NA;NA;NA;34;44;"SC";0;1;42
10;2025;"> 12";NA;NA;NA;NA;NA;34;32;"SC";0;1;42
11;2025;"> 12";NA;NA;NA;NA;NA;32;26;"SC";0;1;42
12;2025;"> 12";NA;NA;NA;NA;NA;33;38;"SC";0;1;42
13;2025;"> 12";NA;NA;NA;NA;NA;36;35;"SC";0;1;42
14;2025;"> 12";NA;NA;NA;NA;NA;38;34;"SC";0;1;42
15;2025;"> 12";NA;NA;NA;NA;NA;45;46;"SC";0;1;42
16;2025;"> 12";NA;NA;NA;NA;NA;66;56;"SC";0;1;42
17;2025;"> 12";NA;NA;NA;NA;NA;103;97;"SC";0;1;42
18;2025;"> 12";NA;NA;NA;NA;NA;148;156;"SC";0;1;42
19;2025;"> 12";NA;NA;NA;NA;NA;185;191;"SC";0;1;42
20;2025;"> 12";NA;NA;NA;NA;NA;202;209;"SC";0;1;42
21;2025;"> 12";NA;NA;NA;NA;NA;199;207;"SC";0;1;42
22;2025;"> 12";NA;NA;NA;NA;NA;194;181;"SC";0;1;42
23;2025;"> 12";NA;NA;NA;NA;NA;174;193;"SC";0;1;42
24;2025;"> 12";NA;NA;NA;NA;NA;171;147;"SC";0;1;42
25;2025;"> 12";NA;NA;NA;NA;NA;146;174;"SC";0;1;42
26;2025;"> 12";NA;NA;NA;NA;NA;135;118;"SC";0;1;42
27;2025;"> 12";NA;NA;NA;NA;NA;121;113;"SC";0;1;42
28;2025;"> 12";NA;NA;NA;NA;NA;121;132;"SC";0;1;42
29;2025;"> 12";NA;NA;NA;NA;NA;116;117;"SC";0;1;42
30;2025;"> 12";NA;NA;NA;NA;NA;98;99;"SC";0;1;42
31;2025;"> 12";NA;NA;NA;NA;NA;84;77;"SC";0;1;42
32;2025;"> 12";NA;NA;NA;NA;NA;78;77;"SC";0;1;42
33;2025;"> 12";NA;NA;NA;NA;NA;75;79;"SC";0;1;42
34;2025;"> 12";NA;NA;NA;NA;NA;68;69;"SC";0;1;42
35;2025;"> 12";NA;NA;NA;NA;NA;61;56;"SC";0;1;42
36;2025;"> 12";NA;NA;NA;NA;NA;59;58;"SC";0;1;42
37;2025;"> 12";NA;NA;NA;NA;NA;62;63;"SC";0;1;42
38;2025;"> 12";NA;NA;NA;NA;NA;64;66;"SC";0;1;42
39;2025;"> 12";NA;NA;NA;NA;NA;62;64;"SC";0;1;42
40;2025;"> 12";NA;NA;NA;NA;NA;58;57;"SC";0;1;42
41;2025;"> 12";NA;NA;NA;NA;NA;55;52;"SC";0;1;42
42;2025;"> 12";NA;NA;NA;NA;NA;58;56;"SC";0;1;42
43;2025;"> 12";NA;NA;NA;NA;NA;62;66;"SC";0;1;42
44;2025;"> 12";NA;NA;NA;NA;NA;61;64;"SC";0;1;42
45;2025;"> 12";NA;NA;NA;NA;NA;61;52;"SC";0;1;42
46;2025;"> 12";NA;NA;NA;NA;NA;55;66;"SC";0;1;42
47;2025;"> 12";NA;NA;NA;NA;NA;51;46;"SC";0;1;42
48;2025;"> 12";NA;NA;NA;NA;NA;45;41;"SC";0;1;42
49;2025;"> 12";NA;NA;NA;NA;NA;44;47;"SC";0;1;42
50;2025;"> 12";NA;NA;NA;NA;NA;45;44;"SC";0;1;42
51;2025;"> 12";NA;NA;NA;NA;NA;44;45;"SC";0;1;42
52;2025;"> 12";NA;NA;NA;NA;NA;42;42;"SC";0;1;42
53;2025;"> 12";NA;NA;NA;NA;NA;42;38;"SC";0;1;42
1;2026;"> 12";NA;NA;NA;NA;NA;39;45;"SC";0;1;42
2;2026;"> 12";NA;NA;NA;NA;NA;38;35;"SC";0;1;42
3;2026;"> 12";NA;NA;NA;NA;NA;33;34;"SC";0;1;42
4;2026;"> 12";NA;NA;NA;NA;NA;31;29;"SC";0;1;42
5;2026;"> 12";NA;NA;NA;NA;NA;32;31;"SC";0;1;42
6;2026;"> 12";35;36;35;35;35;33;35;"SC";0;1;42
7;2026;"> 12";32;33;32;32;32;36;33;"SC";0;1;42
8;2026;"> 12";41;43;41;41;41;37;42;"SC";0;1;42
9;2026;"> 12";38;40;38;39;38;39;38;"SC";0;1;42
10;2026;"> 12";39;41;39;40;39;40;42;"SC";0;1;42
11;2026;"> 12";43;46;43;44;43;41;44;"SC";0;1;42
12;2026;"> 12";41;43;40;41;40;39;40;"SC";0;1;42
13;2026;"> 12";33;35;32;34;32;38;32;"SC";0;1;42
14;2026;"> 12";40;43;38;40;39;42;38;"SC";0;1;42
15;2026;"> 12";52;56;50;54;51;49;51;"SC";0;1;42
16;2026;"> 12";55;59;52;56;54;57;53;"SC";0;1;42
17;2026;"> 12";64;71;59;66;62;61;60;"SC";0;1;42
18;2026;"> 12";64;75;54,975;67;60;64;54;"SC";0;1;42
19;2026;"> 12";64;89,025;43,975;71;56;NA;53;"SC";0;1;42
1;2022;"> 12";NA;NA;NA;NA;NA;NA;214;"SE";1;1;28
2;2022;"> 12";NA;NA;NA;NA;NA;164;145;"SE";1;1;28
3;2022;"> 12";NA;NA;NA;NA;NA;139;133;"SE";1;1;28
4;2022;"> 12";NA;NA;NA;NA;NA;137;139;"SE";1;1;28
5;2022;"> 12";NA;NA;NA;NA;NA;122;140;"SE";1;1;28
6;2022;"> 12";NA;NA;NA;NA;NA;92;88;"SE";1;1;28
7;2022;"> 12";NA;NA;NA;NA;NA;57;49;"SE";1;1;28
8;2022;"> 12";NA;NA;NA;NA;NA;39;34;"SE";1;1;28
9;2022;"> 12";NA;NA;NA;NA;NA;33;33;"SE";1;1;28
10;2022;"> 12";NA;NA;NA;NA;NA;32;32;"SE";1;1;28
11;2022;"> 12";NA;NA;NA;NA;NA;26;30;"SE";1;1;28
12;2022;"> 12";NA;NA;NA;NA;NA;20;17;"SE";1;1;28
13;2022;"> 12";NA;NA;NA;NA;NA;13;13;"SE";1;1;28
14;2022;"> 12";NA;NA;NA;NA;NA;13;9;"SE";1;1;28
15;2022;"> 12";NA;NA;NA;NA;NA;16;17;"SE";1;1;28
16;2022;"> 12";NA;NA;NA;NA;NA;16;21;"SE";1;1;28
17;2022;"> 12";NA;NA;NA;NA;NA;17;10;"SE";1;1;28
18;2022;"> 12";NA;NA;NA;NA;NA;14;20;"SE";1;1;28
19;2022;"> 12";NA;NA;NA;NA;NA;18;12;"SE";1;1;28
20;2022;"> 12";NA;NA;NA;NA;NA;16;21;"SE";1;1;28
21;2022;"> 12";NA;NA;NA;NA;NA;23;16;"SE";1;1;28
22;2022;"> 12";NA;NA;NA;NA;NA;25;31;"SE";1;1;28
23;2022;"> 12";NA;NA;NA;NA;NA;31;28;"SE";1;1;28
24;2022;"> 12";NA;NA;NA;NA;NA;33;35;"SE";1;1;28
25;2022;"> 12";NA;NA;NA;NA;NA;48;37;"SE";1;1;28
26;2022;"> 12";NA;NA;NA;NA;NA;57;71;"SE";1;1;28
27;2022;"> 12";NA;NA;NA;NA;NA;58;63;"SE";1;1;28
28;2022;"> 12";NA;NA;NA;NA;NA;44;41;"SE";1;1;28
29;2022;"> 12";NA;NA;NA;NA;NA;31;27;"SE";1;1;28
30;2022;"> 12";NA;NA;NA;NA;NA;25;24;"SE";1;1;28
31;2022;"> 12";NA;NA;NA;NA;NA;21;25;"SE";1;1;28
32;2022;"> 12";NA;NA;NA;NA;NA;18;15;"SE";1;1;28
33;2022;"> 12";NA;NA;NA;NA;NA;14;14;"SE";1;1;28
34;2022;"> 12";NA;NA;NA;NA;NA;11;13;"SE";1;1;28
35;2022;"> 12";NA;NA;NA;NA;NA;10;7;"SE";1;1;28
36;2022;"> 12";NA;NA;NA;NA;NA;8;9;"SE";1;1;28
37;2022;"> 12";NA;NA;NA;NA;NA;6;7;"SE";1;1;28
38;2022;"> 12";NA;NA;NA;NA;NA;6;2;"SE";1;1;28
39;2022;"> 12";NA;NA;NA;NA;NA;6;8;"SE";1;1;28
40;2022;"> 12";NA;NA;NA;NA;NA;8;8;"SE";1;1;28
41;2022;"> 12";NA;NA;NA;NA;NA;7;8;"SE";1;1;28
42;2022;"> 12";NA;NA;NA;NA;NA;5;4;"SE";1;1;28
43;2022;"> 12";NA;NA;NA;NA;NA;5;4;"SE";1;1;28
44;2022;"> 12";NA;NA;NA;NA;NA;8;7;"SE";1;1;28
45;2022;"> 12";NA;NA;NA;NA;NA;14;12;"SE";1;1;28
46;2022;"> 12";NA;NA;NA;NA;NA;27;22;"SE";1;1;28
47;2022;"> 12";NA;NA;NA;NA;NA;36;48;"SE";1;1;28
48;2022;"> 12";NA;NA;NA;NA;NA;35;37;"SE";1;1;28
49;2022;"> 12";NA;NA;NA;NA;NA;26;19;"SE";1;1;28
50;2022;"> 12";NA;NA;NA;NA;NA;17;21;"SE";1;1;28
51;2022;"> 12";NA;NA;NA;NA;NA;15;12;"SE";1;1;28
52;2022;"> 12";NA;NA;NA;NA;NA;14;12;"SE";1;1;28
1;2023;"> 12";NA;NA;NA;NA;NA;12;17;"SE";1;1;28
2;2023;"> 12";NA;NA;NA;NA;NA;9;6;"SE";1;1;28
3;2023;"> 12";NA;NA;NA;NA;NA;5;4;"SE";1;1;28
4;2023;"> 12";NA;NA;NA;NA;NA;4;5;"SE";1;1;28
5;2023;"> 12";NA;NA;NA;NA;NA;5;4;"SE";1;1;28
6;2023;"> 12";NA;NA;NA;NA;NA;4;5;"SE";1;1;28
7;2023;"> 12";NA;NA;NA;NA;NA;4;2;"SE";1;1;28
8;2023;"> 12";NA;NA;NA;NA;NA;5;4;"SE";1;1;28
9;2023;"> 12";NA;NA;NA;NA;NA;7;8;"SE";1;1;28
10;2023;"> 12";NA;NA;NA;NA;NA;7;10;"SE";1;1;28
11;2023;"> 12";NA;NA;NA;NA;NA;6;3;"SE";1;1;28
12;2023;"> 12";NA;NA;NA;NA;NA;4;5;"SE";1;1;28
13;2023;"> 12";NA;NA;NA;NA;NA;6;5;"SE";1;1;28
14;2023;"> 12";NA;NA;NA;NA;NA;9;9;"SE";1;1;28
15;2023;"> 12";NA;NA;NA;NA;NA;14;13;"SE";1;1;28
16;2023;"> 12";NA;NA;NA;NA;NA;18;21;"SE";1;1;28
17;2023;"> 12";NA;NA;NA;NA;NA;20;19;"SE";1;1;28
18;2023;"> 12";NA;NA;NA;NA;NA;19;21;"SE";1;1;28
19;2023;"> 12";NA;NA;NA;NA;NA;20;16;"SE";1;1;28
20;2023;"> 12";NA;NA;NA;NA;NA;18;23;"SE";1;1;28
21;2023;"> 12";NA;NA;NA;NA;NA;20;16;"SE";1;1;28
22;2023;"> 12";NA;NA;NA;NA;NA;14;21;"SE";1;1;28
23;2023;"> 12";NA;NA;NA;NA;NA;12;6;"SE";1;1;28
24;2023;"> 12";NA;NA;NA;NA;NA;10;9;"SE";1;1;28
25;2023;"> 12";NA;NA;NA;NA;NA;10;14;"SE";1;1;28
26;2023;"> 12";NA;NA;NA;NA;NA;11;8;"SE";1;1;28
27;2023;"> 12";NA;NA;NA;NA;NA;9;12;"SE";1;1;28
28;2023;"> 12";NA;NA;NA;NA;NA;8;8;"SE";1;1;28
29;2023;"> 12";NA;NA;NA;NA;NA;6;3;"SE";1;1;28
30;2023;"> 12";NA;NA;NA;NA;NA;6;8;"SE";1;1;28
31;2023;"> 12";NA;NA;NA;NA;NA;6;6;"SE";1;1;28
32;2023;"> 12";NA;NA;NA;NA;NA;4;4;"SE";1;1;28
33;2023;"> 12";NA;NA;NA;NA;NA;3;1;"SE";1;1;28
34;2023;"> 12";NA;NA;NA;NA;NA;3;3;"SE";1;1;28
37;2023;"> 12";NA;NA;NA;NA;NA;4;6;"SE";1;1;28
38;2023;"> 12";NA;NA;NA;NA;NA;5;4;"SE";1;1;28
39;2023;"> 12";NA;NA;NA;NA;NA;5;4;"SE";1;1;28
40;2023;"> 12";NA;NA;NA;NA;NA;5;7;"SE";1;1;28
41;2023;"> 12";NA;NA;NA;NA;NA;4;3;"SE";1;1;28
42;2023;"> 12";NA;NA;NA;NA;NA;3;3;"SE";1;1;28
43;2023;"> 12";NA;NA;NA;NA;NA;3;2;"SE";1;1;28
44;2023;"> 12";NA;NA;NA;NA;NA;3;5;"SE";1;1;28
45;2023;"> 12";NA;NA;NA;NA;NA;4;3;"SE";1;1;28
46;2023;"> 12";NA;NA;NA;NA;NA;4;4;"SE";1;1;28
47;2023;"> 12";NA;NA;NA;NA;NA;6;5;"SE";1;1;28
48;2023;"> 12";NA;NA;NA;NA;NA;6;8;"SE";1;1;28
49;2023;"> 12";NA;NA;NA;NA;NA;8;4;"SE";1;1;28
50;2023;"> 12";NA;NA;NA;NA;NA;8;11;"SE";1;1;28
51;2023;"> 12";NA;NA;NA;NA;NA;10;10;"SE";1;1;28
52;2023;"> 12";NA;NA;NA;NA;NA;14;8;"SE";1;1;28
1;2024;"> 12";NA;NA;NA;NA;NA;14;23;"SE";1;1;28
2;2024;"> 12";NA;NA;NA;NA;NA;15;11;"SE";1;1;28
3;2024;"> 12";NA;NA;NA;NA;NA;10;11;"SE";1;1;28
4;2024;"> 12";NA;NA;NA;NA;NA;9;7;"SE";1;1;28
5;2024;"> 12";NA;NA;NA;NA;NA;7;9;"SE";1;1;28
6;2024;"> 12";NA;NA;NA;NA;NA;7;4;"SE";1;1;28
7;2024;"> 12";NA;NA;NA;NA;NA;7;7;"SE";1;1;28
8;2024;"> 12";NA;NA;NA;NA;NA;6;9;"SE";1;1;28
9;2024;"> 12";NA;NA;NA;NA;NA;5;2;"SE";1;1;28
10;2024;"> 12";NA;NA;NA;NA;NA;4;4;"SE";1;1;28
11;2024;"> 12";NA;NA;NA;NA;NA;5;6;"SE";1;1;28
12;2024;"> 12";NA;NA;NA;NA;NA;6;6;"SE";1;1;28
13;2024;"> 12";NA;NA;NA;NA;NA;4;5;"SE";1;1;28
14;2024;"> 12";NA;NA;NA;NA;NA;5;2;"SE";1;1;28
15;2024;"> 12";NA;NA;NA;NA;NA;7;8;"SE";1;1;28
16;2024;"> 12";NA;NA;NA;NA;NA;9;11;"SE";1;1;28
17;2024;"> 12";NA;NA;NA;NA;NA;11;8;"SE";1;1;28
18;2024;"> 12";NA;NA;NA;NA;NA;11;13;"SE";1;1;28
19;2024;"> 12";NA;NA;NA;NA;NA;12;11;"SE";1;1;28
20;2024;"> 12";NA;NA;NA;NA;NA;10;11;"SE";1;1;28
21;2024;"> 12";NA;NA;NA;NA;NA;11;9;"SE";1;1;28
22;2024;"> 12";NA;NA;NA;NA;NA;10;14;"SE";1;1;28
23;2024;"> 12";NA;NA;NA;NA;NA;11;6;"SE";1;1;28
24;2024;"> 12";NA;NA;NA;NA;NA;10;12;"SE";1;1;28
25;2024;"> 12";NA;NA;NA;NA;NA;10;11;"SE";1;1;28
26;2024;"> 12";NA;NA;NA;NA;NA;8;7;"SE";1;1;28
27;2024;"> 12";NA;NA;NA;NA;NA;8;7;"SE";1;1;28
28;2024;"> 12";NA;NA;NA;NA;NA;11;11;"SE";1;1;28
29;2024;"> 12";NA;NA;NA;NA;NA;11;15;"SE";1;1;28
30;2024;"> 12";NA;NA;NA;NA;NA;10;6;"SE";1;1;28
31;2024;"> 12";NA;NA;NA;NA;NA;8;8;"SE";1;1;28
32;2024;"> 12";NA;NA;NA;NA;NA;9;9;"SE";1;1;28
33;2024;"> 12";NA;NA;NA;NA;NA;8;9;"SE";1;1;28
34;2024;"> 12";NA;NA;NA;NA;NA;8;7;"SE";1;1;28
35;2024;"> 12";NA;NA;NA;NA;NA;6;7;"SE";1;1;28
36;2024;"> 12";NA;NA;NA;NA;NA;6;4;"SE";1;1;28
37;2024;"> 12";NA;NA;NA;NA;NA;6;7;"SE";1;1;28
38;2024;"> 12";NA;NA;NA;NA;NA;7;8;"SE";1;1;28
39;2024;"> 12";NA;NA;NA;NA;NA;8;7;"SE";1;1;28
40;2024;"> 12";NA;NA;NA;NA;NA;7;8;"SE";1;1;28
41;2024;"> 12";NA;NA;NA;NA;NA;7;6;"SE";1;1;28
42;2024;"> 12";NA;NA;NA;NA;NA;8;8;"SE";1;1;28
43;2024;"> 12";NA;NA;NA;NA;NA;7;9;"SE";1;1;28
44;2024;"> 12";NA;NA;NA;NA;NA;4;3;"SE";1;1;28
45;2024;"> 12";NA;NA;NA;NA;NA;3;1;"SE";1;1;28
46;2024;"> 12";NA;NA;NA;NA;NA;5;4;"SE";1;1;28
47;2024;"> 12";NA;NA;NA;NA;NA;7;9;"SE";1;1;28
48;2024;"> 12";NA;NA;NA;NA;NA;8;8;"SE";1;1;28
49;2024;"> 12";NA;NA;NA;NA;NA;8;8;"SE";1;1;28
50;2024;"> 12";NA;NA;NA;NA;NA;8;8;"SE";1;1;28
51;2024;"> 12";NA;NA;NA;NA;NA;9;9;"SE";1;1;28
52;2024;"> 12";NA;NA;NA;NA;NA;11;11;"SE";1;1;28
1;2025;"> 12";NA;NA;NA;NA;NA;13;14;"SE";1;1;28
2;2025;"> 12";NA;NA;NA;NA;NA;13;15;"SE";1;1;28
3;2025;"> 12";NA;NA;NA;NA;NA;11;10;"SE";1;1;28
4;2025;"> 12";NA;NA;NA;NA;NA;10;9;"SE";1;1;28
5;2025;"> 12";NA;NA;NA;NA;NA;9;11;"SE";1;1;28
6;2025;"> 12";NA;NA;NA;NA;NA;11;8;"SE";1;1;28
7;2025;"> 12";NA;NA;NA;NA;NA;9;13;"SE";1;1;28
8;2025;"> 12";NA;NA;NA;NA;NA;8;6;"SE";1;1;28
9;2025;"> 12";NA;NA;NA;NA;NA;5;6;"SE";1;1;28
10;2025;"> 12";NA;NA;NA;NA;NA;7;3;"SE";1;1;28
11;2025;"> 12";NA;NA;NA;NA;NA;7;12;"SE";1;1;28
12;2025;"> 12";NA;NA;NA;NA;NA;9;7;"SE";1;1;28
13;2025;"> 12";NA;NA;NA;NA;NA;6;7;"SE";1;1;28
14;2025;"> 12";NA;NA;NA;NA;NA;7;5;"SE";1;1;28
15;2025;"> 12";NA;NA;NA;NA;NA;8;9;"SE";1;1;28
16;2025;"> 12";NA;NA;NA;NA;NA;7;10;"SE";1;1;28
17;2025;"> 12";NA;NA;NA;NA;NA;6;3;"SE";1;1;28
18;2025;"> 12";NA;NA;NA;NA;NA;5;6;"SE";1;1;28
19;2025;"> 12";NA;NA;NA;NA;NA;8;6;"SE";1;1;28
20;2025;"> 12";NA;NA;NA;NA;NA;12;13;"SE";1;1;28
21;2025;"> 12";NA;NA;NA;NA;NA;17;18;"SE";1;1;28
22;2025;"> 12";NA;NA;NA;NA;NA;18;20;"SE";1;1;28
23;2025;"> 12";NA;NA;NA;NA;NA;20;16;"SE";1;1;28
24;2025;"> 12";NA;NA;NA;NA;NA;21;23;"SE";1;1;28
25;2025;"> 12";NA;NA;NA;NA;NA;22;24;"SE";1;1;28
26;2025;"> 12";NA;NA;NA;NA;NA;19;18;"SE";1;1;28
27;2025;"> 12";NA;NA;NA;NA;NA;15;15;"SE";1;1;28
28;2025;"> 12";NA;NA;NA;NA;NA;11;11;"SE";1;1;28
29;2025;"> 12";NA;NA;NA;NA;NA;8;8;"SE";1;1;28
30;2025;"> 12";NA;NA;NA;NA;NA;6;6;"SE";1;1;28
31;2025;"> 12";NA;NA;NA;NA;NA;5;4;"SE";1;1;28
32;2025;"> 12";NA;NA;NA;NA;NA;6;6;"SE";1;1;28
33;2025;"> 12";NA;NA;NA;NA;NA;8;7;"SE";1;1;28
34;2025;"> 12";NA;NA;NA;NA;NA;8;10;"SE";1;1;28
35;2025;"> 12";NA;NA;NA;NA;NA;7;8;"SE";1;1;28
36;2025;"> 12";NA;NA;NA;NA;NA;5;2;"SE";1;1;28
37;2025;"> 12";NA;NA;NA;NA;NA;2;4;"SE";1;1;28
38;2025;"> 12";NA;NA;NA;NA;NA;3;1;"SE";1;1;28
39;2025;"> 12";NA;NA;NA;NA;NA;2;5;"SE";1;1;28
40;2025;"> 12";NA;NA;NA;NA;NA;4;1;"SE";1;1;28
41;2025;"> 12";NA;NA;NA;NA;NA;3;5;"SE";1;1;28
42;2025;"> 12";NA;NA;NA;NA;NA;3;4;"SE";1;1;28
43;2025;"> 12";NA;NA;NA;NA;NA;4;1;"SE";1;1;28
44;2025;"> 12";NA;NA;NA;NA;NA;4;6;"SE";1;1;28
45;2025;"> 12";NA;NA;NA;NA;NA;7;5;"SE";1;1;28
46;2025;"> 12";NA;NA;NA;NA;NA;7;11;"SE";1;1;28
47;2025;"> 12";NA;NA;NA;NA;NA;8;4;"SE";1;1;28
48;2025;"> 12";NA;NA;NA;NA;NA;5;8;"SE";1;1;28
49;2025;"> 12";NA;NA;NA;NA;NA;5;3;"SE";1;1;28
50;2025;"> 12";NA;NA;NA;NA;NA;4;5;"SE";1;1;28
51;2025;"> 12";NA;NA;NA;NA;NA;4;3;"SE";1;1;28
52;2025;"> 12";NA;NA;NA;NA;NA;4;4;"SE";1;1;28
53;2025;"> 12";NA;NA;NA;NA;NA;4;4;"SE";1;1;28
1;2026;"> 12";NA;NA;NA;NA;NA;4;3;"SE";1;1;28
2;2026;"> 12";NA;NA;NA;NA;NA;4;5;"SE";1;1;28
3;2026;"> 12";NA;NA;NA;NA;NA;5;3;"SE";1;1;28
4;2026;"> 12";NA;NA;NA;NA;NA;5;7;"SE";1;1;28
5;2026;"> 12";NA;NA;NA;NA;NA;7;4;"SE";1;1;28
6;2026;"> 12";NA;NA;NA;NA;NA;5;9;"SE";1;1;28
7;2026;"> 12";NA;NA;NA;NA;NA;6;2;"SE";1;1;28
8;2026;"> 12";NA;NA;NA;NA;NA;5;8;"SE";1;1;28
9;2026;"> 12";NA;NA;NA;NA;NA;8;5;"SE";1;1;28
10;2026;"> 12";NA;NA;NA;NA;NA;11;12;"SE";1;1;28
11;2026;"> 12";NA;NA;NA;NA;NA;14;16;"SE";1;1;28
12;2026;"> 12";NA;NA;NA;NA;NA;20;15;"SE";1;1;28
13;2026;"> 12";30;32;30;31;30;21;30;"SE";1;1;28
14;2026;"> 12";18;21;18;19;18;21;20;"SE";1;1;28
15;2026;"> 12";16;19;15;17;15;16;16;"SE";1;1;28
16;2026;"> 12";15;18;14;16;14;14;16;"SE";1;1;28
17;2026;"> 12";10;14;8;11;9;13;11;"SE";1;1;28
18;2026;"> 12";14;20;11;16;13;13;15;"SE";1;1;28
19;2026;"> 12";14;29;7;18;11;NA;10;"SE";1;1;28
1;2022;"> 12";NA;NA;NA;NA;NA;NA;4134;"SP";0;1;35
2;2022;"> 12";NA;NA;NA;NA;NA;4592;4779;"SP";0;1;35
3;2022;"> 12";NA;NA;NA;NA;NA;4412;4863;"SP";0;1;35
4;2022;"> 12";NA;NA;NA;NA;NA;3731;3593;"SP";0;1;35
5;2022;"> 12";NA;NA;NA;NA;NA;2738;2738;"SP";0;1;35
6;2022;"> 12";NA;NA;NA;NA;NA;1950;1882;"SP";0;1;35
7;2022;"> 12";NA;NA;NA;NA;NA;1328;1231;"SP";0;1;35
8;2022;"> 12";NA;NA;NA;NA;NA;978;870;"SP";0;1;35
9;2022;"> 12";NA;NA;NA;NA;NA;767;832;"SP";0;1;35
10;2022;"> 12";NA;NA;NA;NA;NA;630;598;"SP";0;1;35
11;2022;"> 12";NA;NA;NA;NA;NA;508;460;"SP";0;1;35
12;2022;"> 12";NA;NA;NA;NA;NA;445;465;"SP";0;1;35
13;2022;"> 12";NA;NA;NA;NA;NA;428;409;"SP";0;1;35
14;2022;"> 12";NA;NA;NA;NA;NA;418;410;"SP";0;1;35
15;2022;"> 12";NA;NA;NA;NA;NA;446;436;"SP";0;1;35
16;2022;"> 12";NA;NA;NA;NA;NA;472;493;"SP";0;1;35
17;2022;"> 12";NA;NA;NA;NA;NA;533;488;"SP";0;1;35
18;2022;"> 12";NA;NA;NA;NA;NA;630;617;"SP";0;1;35
19;2022;"> 12";NA;NA;NA;NA;NA;804;785;"SP";0;1;35
20;2022;"> 12";NA;NA;NA;NA;NA;1085;1009;"SP";0;1;35
21;2022;"> 12";NA;NA;NA;NA;NA;1365;1462;"SP";0;1;35
22;2022;"> 12";NA;NA;NA;NA;NA;1552;1625;"SP";0;1;35
23;2022;"> 12";NA;NA;NA;NA;NA;1590;1569;"SP";0;1;35
24;2022;"> 12";NA;NA;NA;NA;NA;1572;1576;"SP";0;1;35
25;2022;"> 12";NA;NA;NA;NA;NA;1540;1572;"SP";0;1;35
26;2022;"> 12";NA;NA;NA;NA;NA;1413;1471;"SP";0;1;35
27;2022;"> 12";NA;NA;NA;NA;NA;1228;1196;"SP";0;1;35
28;2022;"> 12";NA;NA;NA;NA;NA;994;1017;"SP";0;1;35
29;2022;"> 12";NA;NA;NA;NA;NA;794;768;"SP";0;1;35
30;2022;"> 12";NA;NA;NA;NA;NA;642;597;"SP";0;1;35
31;2022;"> 12";NA;NA;NA;NA;NA;551;562;"SP";0;1;35
32;2022;"> 12";NA;NA;NA;NA;NA;518;493;"SP";0;1;35
33;2022;"> 12";NA;NA;NA;NA;NA;475;498;"SP";0;1;35
34;2022;"> 12";NA;NA;NA;NA;NA;459;435;"SP";0;1;35
35;2022;"> 12";NA;NA;NA;NA;NA;437;443;"SP";0;1;35
36;2022;"> 12";NA;NA;NA;NA;NA;428;434;"SP";0;1;35
37;2022;"> 12";NA;NA;NA;NA;NA;416;406;"SP";0;1;35
38;2022;"> 12";NA;NA;NA;NA;NA;400;407;"SP";0;1;35
39;2022;"> 12";NA;NA;NA;NA;NA;391;387;"SP";0;1;35
40;2022;"> 12";NA;NA;NA;NA;NA;387;380;"SP";0;1;35
41;2022;"> 12";NA;NA;NA;NA;NA;375;394;"SP";0;1;35
42;2022;"> 12";NA;NA;NA;NA;NA;371;351;"SP";0;1;35
43;2022;"> 12";NA;NA;NA;NA;NA;414;367;"SP";0;1;35
44;2022;"> 12";NA;NA;NA;NA;NA;608;524;"SP";0;1;35
45;2022;"> 12";NA;NA;NA;NA;NA;834;934;"SP";0;1;35
46;2022;"> 12";NA;NA;NA;NA;NA;941;1043;"SP";0;1;35
47;2022;"> 12";NA;NA;NA;NA;NA;902;845;"SP";0;1;35
48;2022;"> 12";NA;NA;NA;NA;NA;817;817;"SP";0;1;35
49;2022;"> 12";NA;NA;NA;NA;NA;780;788;"SP";0;1;35
50;2022;"> 12";NA;NA;NA;NA;NA;739;736;"SP";0;1;35
51;2022;"> 12";NA;NA;NA;NA;NA;692;693;"SP";0;1;35
52;2022;"> 12";NA;NA;NA;NA;NA;633;646;"SP";0;1;35
1;2023;"> 12";NA;NA;NA;NA;NA;547;560;"SP";0;1;35
2;2023;"> 12";NA;NA;NA;NA;NA;461;434;"SP";0;1;35
3;2023;"> 12";NA;NA;NA;NA;NA;384;388;"SP";0;1;35
4;2023;"> 12";NA;NA;NA;NA;NA;362;331;"SP";0;1;35
5;2023;"> 12";NA;NA;NA;NA;NA;367;367;"SP";0;1;35
6;2023;"> 12";NA;NA;NA;NA;NA;417;403;"SP";0;1;35
7;2023;"> 12";NA;NA;NA;NA;NA;470;482;"SP";0;1;35
8;2023;"> 12";NA;NA;NA;NA;NA;546;524;"SP";0;1;35
9;2023;"> 12";NA;NA;NA;NA;NA;583;632;"SP";0;1;35
10;2023;"> 12";NA;NA;NA;NA;NA;591;593;"SP";0;1;35
11;2023;"> 12";NA;NA;NA;NA;NA;552;547;"SP";0;1;35
12;2023;"> 12";NA;NA;NA;NA;NA;516;515;"SP";0;1;35
13;2023;"> 12";NA;NA;NA;NA;NA;478;486;"SP";0;1;35
14;2023;"> 12";NA;NA;NA;NA;NA;448;432;"SP";0;1;35
15;2023;"> 12";NA;NA;NA;NA;NA;426;425;"SP";0;1;35
16;2023;"> 12";NA;NA;NA;NA;NA;405;420;"SP";0;1;35
17;2023;"> 12";NA;NA;NA;NA;NA;399;371;"SP";0;1;35
18;2023;"> 12";NA;NA;NA;NA;NA;402;407;"SP";0;1;35
19;2023;"> 12";NA;NA;NA;NA;NA;450;428;"SP";0;1;35
20;2023;"> 12";NA;NA;NA;NA;NA;479;515;"SP";0;1;35
21;2023;"> 12";NA;NA;NA;NA;NA;484;495;"SP";0;1;35
22;2023;"> 12";NA;NA;NA;NA;NA;466;443;"SP";0;1;35
23;2023;"> 12";NA;NA;NA;NA;NA;440;459;"SP";0;1;35
24;2023;"> 12";NA;NA;NA;NA;NA;421;418;"SP";0;1;35
25;2023;"> 12";NA;NA;NA;NA;NA;408;387;"SP";0;1;35
26;2023;"> 12";NA;NA;NA;NA;NA;396;420;"SP";0;1;35
27;2023;"> 12";NA;NA;NA;NA;NA;389;381;"SP";0;1;35
28;2023;"> 12";NA;NA;NA;NA;NA;346;366;"SP";0;1;35
29;2023;"> 12";NA;NA;NA;NA;NA;317;291;"SP";0;1;35
30;2023;"> 12";NA;NA;NA;NA;NA;281;293;"SP";0;1;35
31;2023;"> 12";NA;NA;NA;NA;NA;266;258;"SP";0;1;35
32;2023;"> 12";NA;NA;NA;NA;NA;273;248;"SP";0;1;35
33;2023;"> 12";NA;NA;NA;NA;NA;286;314;"SP";0;1;35
34;2023;"> 12";NA;NA;NA;NA;NA;315;296;"SP";0;1;35
35;2023;"> 12";NA;NA;NA;NA;NA;317;335;"SP";0;1;35
36;2023;"> 12";NA;NA;NA;NA;NA;328;319;"SP";0;1;35
37;2023;"> 12";NA;NA;NA;NA;NA;339;331;"SP";0;1;35
38;2023;"> 12";NA;NA;NA;NA;NA;349;368;"SP";0;1;35
39;2023;"> 12";NA;NA;NA;NA;NA;393;347;"SP";0;1;35
40;2023;"> 12";NA;NA;NA;NA;NA;414;464;"SP";0;1;35
41;2023;"> 12";NA;NA;NA;NA;NA;479;430;"SP";0;1;35
42;2023;"> 12";NA;NA;NA;NA;NA;491;543;"SP";0;1;35
43;2023;"> 12";NA;NA;NA;NA;NA;486;499;"SP";0;1;35
44;2023;"> 12";NA;NA;NA;NA;NA;432;415;"SP";0;1;35
45;2023;"> 12";NA;NA;NA;NA;NA;380;382;"SP";0;1;35
46;2023;"> 12";NA;NA;NA;NA;NA;330;343;"SP";0;1;35
47;2023;"> 12";NA;NA;NA;NA;NA;273;266;"SP";0;1;35
48;2023;"> 12";NA;NA;NA;NA;NA;213;210;"SP";0;1;35
49;2023;"> 12";NA;NA;NA;NA;NA;185;163;"SP";0;1;35
50;2023;"> 12";NA;NA;NA;NA;NA;166;183;"SP";0;1;35
51;2023;"> 12";NA;NA;NA;NA;NA;176;153;"SP";0;1;35
52;2023;"> 12";NA;NA;NA;NA;NA;193;193;"SP";0;1;35
1;2024;"> 12";NA;NA;NA;NA;NA;197;233;"SP";0;1;35
2;2024;"> 12";NA;NA;NA;NA;NA;191;165;"SP";0;1;35
3;2024;"> 12";NA;NA;NA;NA;NA;185;175;"SP";0;1;35
4;2024;"> 12";NA;NA;NA;NA;NA;237;214;"SP";0;1;35
5;2024;"> 12";NA;NA;NA;NA;NA;312;323;"SP";0;1;35
6;2024;"> 12";NA;NA;NA;NA;NA;388;399;"SP";0;1;35
7;2024;"> 12";NA;NA;NA;NA;NA;464;441;"SP";0;1;35
8;2024;"> 12";NA;NA;NA;NA;NA;487;551;"SP";0;1;35
9;2024;"> 12";NA;NA;NA;NA;NA;461;469;"SP";0;1;35
10;2024;"> 12";NA;NA;NA;NA;NA;401;363;"SP";0;1;35
11;2024;"> 12";NA;NA;NA;NA;NA;356;372;"SP";0;1;35
12;2024;"> 12";NA;NA;NA;NA;NA;333;333;"SP";0;1;35
13;2024;"> 12";NA;NA;NA;NA;NA;319;294;"SP";0;1;35
14;2024;"> 12";NA;NA;NA;NA;NA;338;331;"SP";0;1;35
15;2024;"> 12";NA;NA;NA;NA;NA;358;388;"SP";0;1;35
16;2024;"> 12";NA;NA;NA;NA;NA;368;356;"SP";0;1;35
17;2024;"> 12";NA;NA;NA;NA;NA;363;360;"SP";0;1;35
18;2024;"> 12";NA;NA;NA;NA;NA;345;373;"SP";0;1;35
19;2024;"> 12";NA;NA;NA;NA;NA;323;302;"SP";0;1;35
20;2024;"> 12";NA;NA;NA;NA;NA;305;295;"SP";0;1;35
21;2024;"> 12";NA;NA;NA;NA;NA;322;318;"SP";0;1;35
22;2024;"> 12";NA;NA;NA;NA;NA;363;354;"SP";0;1;35
23;2024;"> 12";NA;NA;NA;NA;NA;394;416;"SP";0;1;35
24;2024;"> 12";NA;NA;NA;NA;NA;424;412;"SP";0;1;35
25;2024;"> 12";NA;NA;NA;NA;NA;416;443;"SP";0;1;35
26;2024;"> 12";NA;NA;NA;NA;NA;424;393;"SP";0;1;35
27;2024;"> 12";NA;NA;NA;NA;NA;409;436;"SP";0;1;35
28;2024;"> 12";NA;NA;NA;NA;NA;404;397;"SP";0;1;35
29;2024;"> 12";NA;NA;NA;NA;NA;393;379;"SP";0;1;35
30;2024;"> 12";NA;NA;NA;NA;NA;376;404;"SP";0;1;35
31;2024;"> 12";NA;NA;NA;NA;NA;373;346;"SP";0;1;35
32;2024;"> 12";NA;NA;NA;NA;NA;419;370;"SP";0;1;35
33;2024;"> 12";NA;NA;NA;NA;NA;493;541;"SP";0;1;35
34;2024;"> 12";NA;NA;NA;NA;NA;555;568;"SP";0;1;35
35;2024;"> 12";NA;NA;NA;NA;NA;569;557;"SP";0;1;35
36;2024;"> 12";NA;NA;NA;NA;NA;547;581;"SP";0;1;35
37;2024;"> 12";NA;NA;NA;NA;NA;497;502;"SP";0;1;35
38;2024;"> 12";NA;NA;NA;NA;NA;428;408;"SP";0;1;35
39;2024;"> 12";NA;NA;NA;NA;NA;381;374;"SP";0;1;35
40;2024;"> 12";NA;NA;NA;NA;NA;363;362;"SP";0;1;35
41;2024;"> 12";NA;NA;NA;NA;NA;333;354;"SP";0;1;35
42;2024;"> 12";NA;NA;NA;NA;NA;311;284;"SP";0;1;35
43;2024;"> 12";NA;NA;NA;NA;NA;298;295;"SP";0;1;35
44;2024;"> 12";NA;NA;NA;NA;NA;293;316;"SP";0;1;35
45;2024;"> 12";NA;NA;NA;NA;NA;292;269;"SP";0;1;35
46;2024;"> 12";NA;NA;NA;NA;NA;283;292;"SP";0;1;35
47;2024;"> 12";NA;NA;NA;NA;NA;282;288;"SP";0;1;35
48;2024;"> 12";NA;NA;NA;NA;NA;279;267;"SP";0;1;35
49;2024;"> 12";NA;NA;NA;NA;NA;290;283;"SP";0;1;35
50;2024;"> 12";NA;NA;NA;NA;NA;296;319;"SP";0;1;35
51;2024;"> 12";NA;NA;NA;NA;NA;298;287;"SP";0;1;35
52;2024;"> 12";NA;NA;NA;NA;NA;304;287;"SP";0;1;35
1;2025;"> 12";NA;NA;NA;NA;NA;302;338;"SP";0;1;35
2;2025;"> 12";NA;NA;NA;NA;NA;301;281;"SP";0;1;35
3;2025;"> 12";NA;NA;NA;NA;NA;285;285;"SP";0;1;35
4;2025;"> 12";NA;NA;NA;NA;NA;270;288;"SP";0;1;35
5;2025;"> 12";NA;NA;NA;NA;NA;275;237;"SP";0;1;35
6;2025;"> 12";NA;NA;NA;NA;NA;294;300;"SP";0;1;35
7;2025;"> 12";NA;NA;NA;NA;NA;332;344;"SP";0;1;35
8;2025;"> 12";NA;NA;NA;NA;NA;336;353;"SP";0;1;35
9;2025;"> 12";NA;NA;NA;NA;NA;310;310;"SP";0;1;35
10;2025;"> 12";NA;NA;NA;NA;NA;280;268;"SP";0;1;35
11;2025;"> 12";NA;NA;NA;NA;NA;254;263;"SP";0;1;35
12;2025;"> 12";NA;NA;NA;NA;NA;243;230;"SP";0;1;35
13;2025;"> 12";NA;NA;NA;NA;NA;252;235;"SP";0;1;35
14;2025;"> 12";NA;NA;NA;NA;NA;285;291;"SP";0;1;35
15;2025;"> 12";NA;NA;NA;NA;NA;342;328;"SP";0;1;35
16;2025;"> 12";NA;NA;NA;NA;NA;441;406;"SP";0;1;35
17;2025;"> 12";NA;NA;NA;NA;NA;571;590;"SP";0;1;35
18;2025;"> 12";NA;NA;NA;NA;NA;717;716;"SP";0;1;35
19;2025;"> 12";NA;NA;NA;NA;NA;850;846;"SP";0;1;35
20;2025;"> 12";NA;NA;NA;NA;NA;959;989;"SP";0;1;35
21;2025;"> 12";NA;NA;NA;NA;NA;983;1041;"SP";0;1;35
22;2025;"> 12";NA;NA;NA;NA;NA;973;919;"SP";0;1;35
23;2025;"> 12";NA;NA;NA;NA;NA;899;959;"SP";0;1;35
24;2025;"> 12";NA;NA;NA;NA;NA;842;819;"SP";0;1;35
25;2025;"> 12";NA;NA;NA;NA;NA;724;749;"SP";0;1;35
26;2025;"> 12";NA;NA;NA;NA;NA;645;603;"SP";0;1;35
27;2025;"> 12";NA;NA;NA;NA;NA;564;584;"SP";0;1;35
28;2025;"> 12";NA;NA;NA;NA;NA;495;504;"SP";0;1;35
29;2025;"> 12";NA;NA;NA;NA;NA;420;396;"SP";0;1;35
30;2025;"> 12";NA;NA;NA;NA;NA;358;359;"SP";0;1;35
31;2025;"> 12";NA;NA;NA;NA;NA;336;320;"SP";0;1;35
32;2025;"> 12";NA;NA;NA;NA;NA;338;329;"SP";0;1;35
33;2025;"> 12";NA;NA;NA;NA;NA;346;365;"SP";0;1;35
34;2025;"> 12";NA;NA;NA;NA;NA;347;344;"SP";0;1;35
35;2025;"> 12";NA;NA;NA;NA;NA;330;332;"SP";0;1;35
36;2025;"> 12";NA;NA;NA;NA;NA;318;313;"SP";0;1;35
37;2025;"> 12";NA;NA;NA;NA;NA;325;310;"SP";0;1;35
38;2025;"> 12";NA;NA;NA;NA;NA;326;353;"SP";0;1;35
39;2025;"> 12";NA;NA;NA;NA;NA;352;316;"SP";0;1;35
40;2025;"> 12";NA;NA;NA;NA;NA;356;386;"SP";0;1;35
41;2025;"> 12";NA;NA;NA;NA;NA;385;367;"SP";0;1;35
42;2025;"> 12";NA;NA;NA;NA;NA;391;403;"SP";0;1;35
43;2025;"> 12";NA;NA;NA;NA;NA;421;404;"SP";0;1;35
44;2025;"> 12";NA;NA;NA;NA;NA;418;455;"SP";0;1;35
45;2025;"> 12";NA;NA;NA;NA;NA;429;396;"SP";0;1;35
46;2025;"> 12";NA;NA;NA;NA;NA;395;435;"SP";0;1;35
47;2025;"> 12";NA;NA;NA;NA;NA;380;354;"SP";0;1;35
48;2025;"> 12";NA;NA;NA;NA;NA;337;351;"SP";0;1;35
49;2025;"> 12";NA;NA;NA;NA;NA;318;305;"SP";0;1;35
50;2025;"> 12";NA;NA;NA;NA;NA;288;299;"SP";0;1;35
51;2025;"> 12";NA;NA;NA;NA;NA;264;259;"SP";0;1;35
52;2025;"> 12";NA;NA;NA;NA;NA;248;233;"SP";0;1;35
53;2025;"> 12";NA;NA;NA;NA;NA;241;252;"SP";0;1;35
1;2026;"> 12";NA;NA;NA;NA;NA;232;238;"SP";0;1;35
2;2026;"> 12";NA;NA;NA;NA;NA;219;205;"SP";0;1;35
3;2026;"> 12";NA;NA;NA;NA;NA;201;214;"SP";0;1;35
4;2026;"> 12";NA;NA;NA;NA;NA;210;183;"SP";0;1;35
5;2026;"> 12";NA;NA;NA;NA;NA;216;233;"SP";0;1;35
6;2026;"> 12";231;234;231;232;231;256;231;"SP";0;1;35
7;2026;"> 12";305;308;303;306;304;280;305;"SP";0;1;35
8;2026;"> 12";303;308;300;304;302;310;300;"SP";0;1;35
9;2026;"> 12";323;329;319;325;321;311;319;"SP";0;1;35
10;2026;"> 12";308;316;303;310;306;335;302;"SP";0;1;35
11;2026;"> 12";373;381,025;366;375;370;328;364;"SP";0;1;35
12;2026;"> 12";303;314;295;307;300;339;291;"SP";0;1;35
13;2026;"> 12";341;354;330;345;337;334;327;"SP";0;1;35
14;2026;"> 12";357;374,025;343,975;362;352;356;347;"SP";0;1;35
15;2026;"> 12";370;392;354;377;364;383;345;"SP";0;1;35
16;2026;"> 12";423;450;403;431;415;405;380;"SP";0;1;35
17;2026;"> 12";422;463;392;434;412;415;357;"SP";0;1;35
18;2026;"> 12";401;486,025;347;426;381;415;282;"SP";0;1;35
19;2026;"> 12";421;689,025;276,95;491;362,75;NA;275;"SP";0;1;35
1;2022;"> 12";NA;NA;NA;NA;NA;NA;84;"TO";-0,5;0,5;17
2;2022;"> 12";NA;NA;NA;NA;NA;86;84;"TO";-0,5;0,5;17
3;2022;"> 12";NA;NA;NA;NA;NA;76;91;"TO";-0,5;0,5;17
4;2022;"> 12";NA;NA;NA;NA;NA;64;53;"TO";-0,5;0,5;17
5;2022;"> 12";NA;NA;NA;NA;NA;45;49;"TO";-0,5;0,5;17
6;2022;"> 12";NA;NA;NA;NA;NA;36;33;"TO";-0,5;0,5;17
7;2022;"> 12";NA;NA;NA;NA;NA;24;25;"TO";-0,5;0,5;17
8;2022;"> 12";NA;NA;NA;NA;NA;18;14;"TO";-0,5;0,5;17
9;2022;"> 12";NA;NA;NA;NA;NA;15;16;"TO";-0,5;0,5;17
10;2022;"> 12";NA;NA;NA;NA;NA;13;15;"TO";-0,5;0,5;17
11;2022;"> 12";NA;NA;NA;NA;NA;10;9;"TO";-0,5;0,5;17
12;2022;"> 12";NA;NA;NA;NA;NA;7;7;"TO";-0,5;0,5;17
13;2022;"> 12";NA;NA;NA;NA;NA;5;4;"TO";-0,5;0,5;17
14;2022;"> 12";NA;NA;NA;NA;NA;6;5;"TO";-0,5;0,5;17
15;2022;"> 12";NA;NA;NA;NA;NA;7;8;"TO";-0,5;0,5;17
16;2022;"> 12";NA;NA;NA;NA;NA;8;7;"TO";-0,5;0,5;17
17;2022;"> 12";NA;NA;NA;NA;NA;9;10;"TO";-0,5;0,5;17
18;2022;"> 12";NA;NA;NA;NA;NA;7;9;"TO";-0,5;0,5;17
19;2022;"> 12";NA;NA;NA;NA;NA;6;3;"TO";-0,5;0,5;17
20;2022;"> 12";NA;NA;NA;NA;NA;4;6;"TO";-0,5;0,5;17
21;2022;"> 12";NA;NA;NA;NA;NA;4;2;"TO";-0,5;0,5;17
22;2022;"> 12";NA;NA;NA;NA;NA;7;5;"TO";-0,5;0,5;17
23;2022;"> 12";NA;NA;NA;NA;NA;9;14;"TO";-0,5;0,5;17
24;2022;"> 12";NA;NA;NA;NA;NA;13;8;"TO";-0,5;0,5;17
25;2022;"> 12";NA;NA;NA;NA;NA;13;17;"TO";-0,5;0,5;17
26;2022;"> 12";NA;NA;NA;NA;NA;15;13;"TO";-0,5;0,5;17
27;2022;"> 12";NA;NA;NA;NA;NA;15;15;"TO";-0,5;0,5;17
28;2022;"> 12";NA;NA;NA;NA;NA;16;17;"TO";-0,5;0,5;17
29;2022;"> 12";NA;NA;NA;NA;NA;13;16;"TO";-0,5;0,5;17
30;2022;"> 12";NA;NA;NA;NA;NA;8;6;"TO";-0,5;0,5;17
31;2022;"> 12";NA;NA;NA;NA;NA;4;3;"TO";-0,5;0,5;17
33;2022;"> 12";NA;NA;NA;NA;NA;3;3;"TO";-0,5;0,5;17
34;2022;"> 12";NA;NA;NA;NA;NA;3;3;"TO";-0,5;0,5;17
35;2022;"> 12";NA;NA;NA;NA;NA;2;2;"TO";-0,5;0,5;17
36;2022;"> 12";NA;NA;NA;NA;NA;2;2;"TO";-0,5;0,5;17
37;2022;"> 12";NA;NA;NA;NA;NA;1;1;"TO";-0,5;0,5;17
38;2022;"> 12";NA;NA;NA;NA;NA;1;1;"TO";-0,5;0,5;17
39;2022;"> 12";NA;NA;NA;NA;NA;2;2;"TO";-0,5;0,5;17
40;2022;"> 12";NA;NA;NA;NA;NA;2;2;"TO";-0,5;0,5;17
41;2022;"> 12";NA;NA;NA;NA;NA;2;2;"TO";-0,5;0,5;17
44;2022;"> 12";NA;NA;NA;NA;NA;2;1;"TO";-0,5;0,5;17
45;2022;"> 12";NA;NA;NA;NA;NA;3;4;"TO";-0,5;0,5;17
46;2022;"> 12";NA;NA;NA;NA;NA;4;3;"TO";-0,5;0,5;17
47;2022;"> 12";NA;NA;NA;NA;NA;7;5;"TO";-0,5;0,5;17
48;2022;"> 12";NA;NA;NA;NA;NA;8;12;"TO";-0,5;0,5;17
49;2022;"> 12";NA;NA;NA;NA;NA;10;8;"TO";-0,5;0,5;17
50;2022;"> 12";NA;NA;NA;NA;NA;8;10;"TO";-0,5;0,5;17
51;2022;"> 12";NA;NA;NA;NA;NA;8;7;"TO";-0,5;0,5;17
52;2022;"> 12";NA;NA;NA;NA;NA;6;6;"TO";-0,5;0,5;17
1;2023;"> 12";NA;NA;NA;NA;NA;4;4;"TO";-0,5;0,5;17
2;2023;"> 12";NA;NA;NA;NA;NA;4;3;"TO";-0,5;0,5;17
3;2023;"> 12";NA;NA;NA;NA;NA;4;5;"TO";-0,5;0,5;17
4;2023;"> 12";NA;NA;NA;NA;NA;4;3;"TO";-0,5;0,5;17
5;2023;"> 12";NA;NA;NA;NA;NA;3;4;"TO";-0,5;0,5;17
6;2023;"> 12";NA;NA;NA;NA;NA;3;3;"TO";-0,5;0,5;17
7;2023;"> 12";NA;NA;NA;NA;NA;4;1;"TO";-0,5;0,5;17
8;2023;"> 12";NA;NA;NA;NA;NA;5;8;"TO";-0,5;0,5;17
9;2023;"> 12";NA;NA;NA;NA;NA;6;5;"TO";-0,5;0,5;17
10;2023;"> 12";NA;NA;NA;NA;NA;5;4;"TO";-0,5;0,5;17
11;2023;"> 12";NA;NA;NA;NA;NA;5;6;"TO";-0,5;0,5;17
12;2023;"> 12";NA;NA;NA;NA;NA;6;4;"TO";-0,5;0,5;17
13;2023;"> 12";NA;NA;NA;NA;NA;6;7;"TO";-0,5;0,5;17
14;2023;"> 12";NA;NA;NA;NA;NA;8;6;"TO";-0,5;0,5;17
15;2023;"> 12";NA;NA;NA;NA;NA;8;11;"TO";-0,5;0,5;17
16;2023;"> 12";NA;NA;NA;NA;NA;8;8;"TO";-0,5;0,5;17
17;2023;"> 12";NA;NA;NA;NA;NA;7;5;"TO";-0,5;0,5;17
18;2023;"> 12";NA;NA;NA;NA;NA;5;7;"TO";-0,5;0,5;17
19;2023;"> 12";NA;NA;NA;NA;NA;5;4;"TO";-0,5;0,5;17
20;2023;"> 12";NA;NA;NA;NA;NA;5;5;"TO";-0,5;0,5;17
21;2023;"> 12";NA;NA;NA;NA;NA;6;7;"TO";-0,5;0,5;17
22;2023;"> 12";NA;NA;NA;NA;NA;7;5;"TO";-0,5;0,5;17
23;2023;"> 12";NA;NA;NA;NA;NA;7;9;"TO";-0,5;0,5;17
24;2023;"> 12";NA;NA;NA;NA;NA;6;7;"TO";-0,5;0,5;17
25;2023;"> 12";NA;NA;NA;NA;NA;3;2;"TO";-0,5;0,5;17
27;2023;"> 12";NA;NA;NA;NA;NA;2;1;"TO";-0,5;0,5;17
28;2023;"> 12";NA;NA;NA;NA;NA;3;2;"TO";-0,5;0,5;17
29;2023;"> 12";NA;NA;NA;NA;NA;3;5;"TO";-0,5;0,5;17
30;2023;"> 12";NA;NA;NA;NA;NA;3;1;"TO";-0,5;0,5;17
31;2023;"> 12";NA;NA;NA;NA;NA;2;3;"TO";-0,5;0,5;17
32;2023;"> 12";NA;NA;NA;NA;NA;3;3;"TO";-0,5;0,5;17
33;2023;"> 12";NA;NA;NA;NA;NA;2;2;"TO";-0,5;0,5;17
34;2023;"> 12";NA;NA;NA;NA;NA;2;1;"TO";-0,5;0,5;17
36;2023;"> 12";NA;NA;NA;NA;NA;2;2;"TO";-0,5;0,5;17
37;2023;"> 12";NA;NA;NA;NA;NA;2;3;"TO";-0,5;0,5;17
38;2023;"> 12";NA;NA;NA;NA;NA;2;2;"TO";-0,5;0,5;17
39;2023;"> 12";NA;NA;NA;NA;NA;1;1;"TO";-0,5;0,5;17
40;2023;"> 12";NA;NA;NA;NA;NA;1;1;"TO";-0,5;0,5;17
41;2023;"> 12";NA;NA;NA;NA;NA;1;1;"TO";-0,5;0,5;17
42;2023;"> 12";NA;NA;NA;NA;NA;2;2;"TO";-0,5;0,5;17
43;2023;"> 12";NA;NA;NA;NA;NA;2;3;"TO";-0,5;0,5;17
44;2023;"> 12";NA;NA;NA;NA;NA;3;1;"TO";-0,5;0,5;17
45;2023;"> 12";NA;NA;NA;NA;NA;3;4;"TO";-0,5;0,5;17
46;2023;"> 12";NA;NA;NA;NA;NA;3;4;"TO";-0,5;0,5;17
47;2023;"> 12";NA;NA;NA;NA;NA;2;2;"TO";-0,5;0,5;17
49;2023;"> 12";NA;NA;NA;NA;NA;2;1;"TO";-0,5;0,5;17
50;2023;"> 12";NA;NA;NA;NA;NA;2;3;"TO";-0,5;0,5;17
51;2023;"> 12";NA;NA;NA;NA;NA;4;3;"TO";-0,5;0,5;17
52;2023;"> 12";NA;NA;NA;NA;NA;5;7;"TO";-0,5;0,5;17
1;2024;"> 12";NA;NA;NA;NA;NA;7;4;"TO";-0,5;0,5;17
2;2024;"> 12";NA;NA;NA;NA;NA;7;9;"TO";-0,5;0,5;17
3;2024;"> 12";NA;NA;NA;NA;NA;8;7;"TO";-0,5;0,5;17
4;2024;"> 12";NA;NA;NA;NA;NA;8;8;"TO";-0,5;0,5;17
5;2024;"> 12";NA;NA;NA;NA;NA;10;8;"TO";-0,5;0,5;17
6;2024;"> 12";NA;NA;NA;NA;NA;9;13;"TO";-0,5;0,5;17
7;2024;"> 12";NA;NA;NA;NA;NA;7;5;"TO";-0,5;0,5;17
8;2024;"> 12";NA;NA;NA;NA;NA;5;4;"TO";-0,5;0,5;17
9;2024;"> 12";NA;NA;NA;NA;NA;5;7;"TO";-0,5;0,5;17
10;2024;"> 12";NA;NA;NA;NA;NA;4;5;"TO";-0,5;0,5;17
11;2024;"> 12";NA;NA;NA;NA;NA;4;1;"TO";-0,5;0,5;17
12;2024;"> 12";NA;NA;NA;NA;NA;4;7;"TO";-0,5;0,5;17
13;2024;"> 12";NA;NA;NA;NA;NA;6;4;"TO";-0,5;0,5;17
14;2024;"> 12";NA;NA;NA;NA;NA;5;6;"TO";-0,5;0,5;17
15;2024;"> 12";NA;NA;NA;NA;NA;7;6;"TO";-0,5;0,5;17
16;2024;"> 12";NA;NA;NA;NA;NA;9;8;"TO";-0,5;0,5;17
17;2024;"> 12";NA;NA;NA;NA;NA;14;14;"TO";-0,5;0,5;17
18;2024;"> 12";NA;NA;NA;NA;NA;13;20;"TO";-0,5;0,5;17
19;2024;"> 12";NA;NA;NA;NA;NA;10;6;"TO";-0,5;0,5;17
20;2024;"> 12";NA;NA;NA;NA;NA;7;4;"TO";-0,5;0,5;17
21;2024;"> 12";NA;NA;NA;NA;NA;6;11;"TO";-0,5;0,5;17
22;2024;"> 12";NA;NA;NA;NA;NA;7;4;"TO";-0,5;0,5;17
23;2024;"> 12";NA;NA;NA;NA;NA;6;7;"TO";-0,5;0,5;17
24;2024;"> 12";NA;NA;NA;NA;NA;7;8;"TO";-0,5;0,5;17
25;2024;"> 12";NA;NA;NA;NA;NA;6;7;"TO";-0,5;0,5;17
26;2024;"> 12";NA;NA;NA;NA;NA;7;3;"TO";-0,5;0,5;17
27;2024;"> 12";NA;NA;NA;NA;NA;6;11;"TO";-0,5;0,5;17
28;2024;"> 12";NA;NA;NA;NA;NA;6;3;"TO";-0,5;0,5;17
29;2024;"> 12";NA;NA;NA;NA;NA;5;5;"TO";-0,5;0,5;17
30;2024;"> 12";NA;NA;NA;NA;NA;6;6;"TO";-0,5;0,5;17
31;2024;"> 12";NA;NA;NA;NA;NA;6;6;"TO";-0,5;0,5;17
32;2024;"> 12";NA;NA;NA;NA;NA;5;6;"TO";-0,5;0,5;17
33;2024;"> 12";NA;NA;NA;NA;NA;5;3;"TO";-0,5;0,5;17
35;2024;"> 12";NA;NA;NA;NA;NA;6;7;"TO";-0,5;0,5;17
36;2024;"> 12";NA;NA;NA;NA;NA;6;7;"TO";-0,5;0,5;17
37;2024;"> 12";NA;NA;NA;NA;NA;5;4;"TO";-0,5;0,5;17
38;2024;"> 12";NA;NA;NA;NA;NA;6;4;"TO";-0,5;0,5;17
39;2024;"> 12";NA;NA;NA;NA;NA;6;10;"TO";-0,5;0,5;17
40;2024;"> 12";NA;NA;NA;NA;NA;5;3;"TO";-0,5;0,5;17
42;2024;"> 12";NA;NA;NA;NA;NA;3;2;"TO";-0,5;0,5;17
43;2024;"> 12";NA;NA;NA;NA;NA;3;4;"TO";-0,5;0,5;17
44;2024;"> 12";NA;NA;NA;NA;NA;4;3;"TO";-0,5;0,5;17
45;2024;"> 12";NA;NA;NA;NA;NA;3;6;"TO";-0,5;0,5;17
46;2024;"> 12";NA;NA;NA;NA;NA;3;1;"TO";-0,5;0,5;17
47;2024;"> 12";NA;NA;NA;NA;NA;1;2;"TO";-0,5;0,5;17
48;2024;"> 12";NA;NA;NA;NA;NA;2;1;"TO";-0,5;0,5;17
49;2024;"> 12";NA;NA;NA;NA;NA;2;2;"TO";-0,5;0,5;17
50;2024;"> 12";NA;NA;NA;NA;NA;4;4;"TO";-0,5;0,5;17
51;2024;"> 12";NA;NA;NA;NA;NA;5;5;"TO";-0,5;0,5;17
52;2024;"> 12";NA;NA;NA;NA;NA;5;5;"TO";-0,5;0,5;17
1;2025;"> 12";NA;NA;NA;NA;NA;4;5;"TO";-0,5;0,5;17
2;2025;"> 12";NA;NA;NA;NA;NA;5;3;"TO";-0,5;0,5;17
3;2025;"> 12";NA;NA;NA;NA;NA;5;8;"TO";-0,5;0,5;17
4;2025;"> 12";NA;NA;NA;NA;NA;7;4;"TO";-0,5;0,5;17
5;2025;"> 12";NA;NA;NA;NA;NA;8;10;"TO";-0,5;0,5;17
6;2025;"> 12";NA;NA;NA;NA;NA;9;11;"TO";-0,5;0,5;17
7;2025;"> 12";NA;NA;NA;NA;NA;8;7;"TO";-0,5;0,5;17
8;2025;"> 12";NA;NA;NA;NA;NA;8;7;"TO";-0,5;0,5;17
9;2025;"> 12";NA;NA;NA;NA;NA;8;9;"TO";-0,5;0,5;17
10;2025;"> 12";NA;NA;NA;NA;NA;8;7;"TO";-0,5;0,5;17
11;2025;"> 12";NA;NA;NA;NA;NA;7;7;"TO";-0,5;0,5;17
12;2025;"> 12";NA;NA;NA;NA;NA;6;7;"TO";-0,5;0,5;17
13;2025;"> 12";NA;NA;NA;NA;NA;4;3;"TO";-0,5;0,5;17
14;2025;"> 12";NA;NA;NA;NA;NA;3;3;"TO";-0,5;0,5;17
15;2025;"> 12";NA;NA;NA;NA;NA;5;4;"TO";-0,5;0,5;17
16;2025;"> 12";NA;NA;NA;NA;NA;7;9;"TO";-0,5;0,5;17
17;2025;"> 12";NA;NA;NA;NA;NA;11;7;"TO";-0,5;0,5;17
18;2025;"> 12";NA;NA;NA;NA;NA;13;16;"TO";-0,5;0,5;17
19;2025;"> 12";NA;NA;NA;NA;NA;15;17;"TO";-0,5;0,5;17
20;2025;"> 12";NA;NA;NA;NA;NA;12;12;"TO";-0,5;0,5;17
21;2025;"> 12";NA;NA;NA;NA;NA;8;8;"TO";-0,5;0,5;17
22;2025;"> 12";NA;NA;NA;NA;NA;5;4;"TO";-0,5;0,5;17
23;2025;"> 12";NA;NA;NA;NA;NA;3;4;"TO";-0,5;0,5;17
24;2025;"> 12";NA;NA;NA;NA;NA;3;2;"TO";-0,5;0,5;17
25;2025;"> 12";NA;NA;NA;NA;NA;4;4;"TO";-0,5;0,5;17
26;2025;"> 12";NA;NA;NA;NA;NA;4;6;"TO";-0,5;0,5;17
27;2025;"> 12";NA;NA;NA;NA;NA;3;3;"TO";-0,5;0,5;17
28;2025;"> 12";NA;NA;NA;NA;NA;2;1;"TO";-0,5;0,5;17
29;2025;"> 12";NA;NA;NA;NA;NA;2;2;"TO";-0,5;0,5;17
30;2025;"> 12";NA;NA;NA;NA;NA;2;2;"TO";-0,5;0,5;17
31;2025;"> 12";NA;NA;NA;NA;NA;2;2;"TO";-0,5;0,5;17
32;2025;"> 12";NA;NA;NA;NA;NA;2;1;"TO";-0,5;0,5;17
33;2025;"> 12";NA;NA;NA;NA;NA;2;2;"TO";-0,5;0,5;17
34;2025;"> 12";NA;NA;NA;NA;NA;2;2;"TO";-0,5;0,5;17
35;2025;"> 12";NA;NA;NA;NA;NA;2;1;"TO";-0,5;0,5;17
36;2025;"> 12";NA;NA;NA;NA;NA;4;4;"TO";-0,5;0,5;17
37;2025;"> 12";NA;NA;NA;NA;NA;4;6;"TO";-0,5;0,5;17
38;2025;"> 12";NA;NA;NA;NA;NA;3;1;"TO";-0,5;0,5;17
39;2025;"> 12";NA;NA;NA;NA;NA;2;3;"TO";-0,5;0,5;17
40;2025;"> 12";NA;NA;NA;NA;NA;5;3;"TO";-0,5;0,5;17
41;2025;"> 12";NA;NA;NA;NA;NA;6;8;"TO";-0,5;0,5;17
42;2025;"> 12";NA;NA;NA;NA;NA;7;6;"TO";-0,5;0,5;17
43;2025;"> 12";NA;NA;NA;NA;NA;5;6;"TO";-0,5;0,5;17
44;2025;"> 12";NA;NA;NA;NA;NA;4;4;"TO";-0,5;0,5;17
46;2025;"> 12";NA;NA;NA;NA;NA;2;1;"TO";-0,5;0,5;17
47;2025;"> 12";NA;NA;NA;NA;NA;2;2;"TO";-0,5;0,5;17
48;2025;"> 12";NA;NA;NA;NA;NA;3;4;"TO";-0,5;0,5;17
49;2025;"> 12";NA;NA;NA;NA;NA;4;4;"TO";-0,5;0,5;17
50;2025;"> 12";NA;NA;NA;NA;NA;3;3;"TO";-0,5;0,5;17
51;2025;"> 12";NA;NA;NA;NA;NA;2;1;"TO";-0,5;0,5;17
52;2025;"> 12";NA;NA;NA;NA;NA;2;3;"TO";-0,5;0,5;17
53;2025;"> 12";NA;NA;NA;NA;NA;2;1;"TO";-0,5;0,5;17
1;2026;"> 12";NA;NA;NA;NA;NA;2;3;"TO";-0,5;0,5;17
2;2026;"> 12";NA;NA;NA;NA;NA;2;1;"TO";-0,5;0,5;17
3;2026;"> 12";NA;NA;NA;NA;NA;1;1;"TO";-0,5;0,5;17
4;2026;"> 12";NA;NA;NA;NA;NA;2;2;"TO";-0,5;0,5;17
5;2026;"> 12";NA;NA;NA;NA;NA;3;3;"TO";-0,5;0,5;17
6;2026;"> 12";NA;NA;NA;NA;NA;2;3;"TO";-0,5;0,5;17
8;2026;"> 12";NA;NA;NA;NA;NA;2;1;"TO";-0,5;0,5;17
9;2026;"> 12";NA;NA;NA;NA;NA;2;2;"TO";-0,5;0,5;17
10;2026;"> 12";NA;NA;NA;NA;NA;3;2;"TO";-0,5;0,5;17
11;2026;"> 12";NA;NA;NA;NA;NA;3;4;"TO";-0,5;0,5;17
12;2026;"> 12";NA;NA;NA;NA;NA;3;4;"TO";-0,5;0,5;17
13;2026;"> 12";1;2;1;1;1;3;1;"TO";-0,5;0,5;17
14;2026;"> 12";4;5;4;4;4;2;4;"TO";-0,5;0,5;17
15;2026;"> 12";1;3;1;2;1;4;1;"TO";-0,5;0,5;17
16;2026;"> 12";6;10;5;7;5;6;5;"TO";-0,5;0,5;17
17;2026;"> 12";11;16;9;12;10;7;9;"TO";-0,5;0,5;17
18;2026;"> 12";5;12;2;7;4;9;2;"TO";-0,5;0,5;17
19;2026;"> 12";10;23;3;13;7;NA;3;"TO";-0,5;0,5;17
1;2022;"> 12";NA;NA;NA;NA;NA;NA;14190;"BR";0,5;1;0
2;2022;"> 12";NA;NA;NA;NA;NA;15622;16227;"BR";0,5;1;0
3;2022;"> 12";NA;NA;NA;NA;NA;15310;16449;"BR";0,5;1;0
4;2022;"> 12";NA;NA;NA;NA;NA;13567;13255;"BR";0,5;1;0
5;2022;"> 12";NA;NA;NA;NA;NA;10488;10997;"BR";0,5;1;0
6;2022;"> 12";NA;NA;NA;NA;NA;7690;7213;"BR";0,5;1;0
7;2022;"> 12";NA;NA;NA;NA;NA;5115;4859;"BR";0,5;1;0
8;2022;"> 12";NA;NA;NA;NA;NA;3655;3273;"BR";0,5;1;0
9;2022;"> 12";NA;NA;NA;NA;NA;2782;2834;"BR";0,5;1;0
10;2022;"> 12";NA;NA;NA;NA;NA;2330;2239;"BR";0,5;1;0
11;2022;"> 12";NA;NA;NA;NA;NA;2001;1918;"BR";0,5;1;0
12;2022;"> 12";NA;NA;NA;NA;NA;1825;1847;"BR";0,5;1;0
13;2022;"> 12";NA;NA;NA;NA;NA;1710;1709;"BR";0,5;1;0
14;2022;"> 12";NA;NA;NA;NA;NA;1648;1575;"BR";0,5;1;0
15;2022;"> 12";NA;NA;NA;NA;NA;1694;1660;"BR";0,5;1;0
16;2022;"> 12";NA;NA;NA;NA;NA;1771;1847;"BR";0,5;1;0
17;2022;"> 12";NA;NA;NA;NA;NA;1963;1806;"BR";0,5;1;0
18;2022;"> 12";NA;NA;NA;NA;NA;2266;2235;"BR";0,5;1;0
19;2022;"> 12";NA;NA;NA;NA;NA;2812;2756;"BR";0,5;1;0
20;2022;"> 12";NA;NA;NA;NA;NA;3419;3445;"BR";0,5;1;0
21;2022;"> 12";NA;NA;NA;NA;NA;4055;4056;"BR";0,5;1;0
22;2022;"> 12";NA;NA;NA;NA;NA;4530;4665;"BR";0,5;1;0
23;2022;"> 12";NA;NA;NA;NA;NA;4863;4870;"BR";0,5;1;0
24;2022;"> 12";NA;NA;NA;NA;NA;5154;5053;"BR";0,5;1;0
25;2022;"> 12";NA;NA;NA;NA;NA;5338;5538;"BR";0,5;1;0
26;2022;"> 12";NA;NA;NA;NA;NA;5223;5424;"BR";0,5;1;0
27;2022;"> 12";NA;NA;NA;NA;NA;4767;4708;"BR";0,5;1;0
28;2022;"> 12";NA;NA;NA;NA;NA;4009;4169;"BR";0,5;1;0
29;2022;"> 12";NA;NA;NA;NA;NA;3241;3149;"BR";0,5;1;0
30;2022;"> 12";NA;NA;NA;NA;NA;2585;2404;"BR";0,5;1;0
31;2022;"> 12";NA;NA;NA;NA;NA;2159;2201;"BR";0,5;1;0
32;2022;"> 12";NA;NA;NA;NA;NA;1978;1872;"BR";0,5;1;0
33;2022;"> 12";NA;NA;NA;NA;NA;1775;1861;"BR";0,5;1;0
34;2022;"> 12";NA;NA;NA;NA;NA;1656;1591;"BR";0,5;1;0
35;2022;"> 12";NA;NA;NA;NA;NA;1509;1517;"BR";0,5;1;0
36;2022;"> 12";NA;NA;NA;NA;NA;1411;1420;"BR";0,5;1;0
37;2022;"> 12";NA;NA;NA;NA;NA;1316;1295;"BR";0,5;1;0
38;2022;"> 12";NA;NA;NA;NA;NA;1237;1232;"BR";0,5;1;0
39;2022;"> 12";NA;NA;NA;NA;NA;1177;1185;"BR";0,5;1;0
40;2022;"> 12";NA;NA;NA;NA;NA;1144;1113;"BR";0,5;1;0
41;2022;"> 12";NA;NA;NA;NA;NA;1107;1134;"BR";0,5;1;0
42;2022;"> 12";NA;NA;NA;NA;NA;1095;1073;"BR";0,5;1;0
43;2022;"> 12";NA;NA;NA;NA;NA;1194;1079;"BR";0,5;1;0
44;2022;"> 12";NA;NA;NA;NA;NA;1598;1431;"BR";0,5;1;0
45;2022;"> 12";NA;NA;NA;NA;NA;2280;2283;"BR";0,5;1;0
46;2022;"> 12";NA;NA;NA;NA;NA;2843;3125;"BR";0,5;1;0
47;2022;"> 12";NA;NA;NA;NA;NA;3164;3122;"BR";0,5;1;0
48;2022;"> 12";NA;NA;NA;NA;NA;3200;3245;"BR";0,5;1;0
49;2022;"> 12";NA;NA;NA;NA;NA;3080;3233;"BR";0,5;1;0
50;2022;"> 12";NA;NA;NA;NA;NA;2830;2763;"BR";0,5;1;0
51;2022;"> 12";NA;NA;NA;NA;NA;2505;2493;"BR";0,5;1;0
52;2022;"> 12";NA;NA;NA;NA;NA;2243;2260;"BR";0,5;1;0
1;2023;"> 12";NA;NA;NA;NA;NA;1913;1975;"BR";0,5;1;0
2;2023;"> 12";NA;NA;NA;NA;NA;1578;1505;"BR";0,5;1;0
3;2023;"> 12";NA;NA;NA;NA;NA;1269;1253;"BR";0,5;1;0
4;2023;"> 12";NA;NA;NA;NA;NA;1139;1049;"BR";0,5;1;0
5;2023;"> 12";NA;NA;NA;NA;NA;1123;1116;"BR";0,5;1;0
6;2023;"> 12";NA;NA;NA;NA;NA;1178;1203;"BR";0,5;1;0
7;2023;"> 12";NA;NA;NA;NA;NA;1284;1214;"BR";0,5;1;0
8;2023;"> 12";NA;NA;NA;NA;NA;1434;1435;"BR";0,5;1;0
9;2023;"> 12";NA;NA;NA;NA;NA;1546;1653;"BR";0,5;1;0
10;2023;"> 12";NA;NA;NA;NA;NA;1586;1551;"BR";0,5;1;0
11;2023;"> 12";NA;NA;NA;NA;NA;1577;1555;"BR";0,5;1;0
12;2023;"> 12";NA;NA;NA;NA;NA;1602;1626;"BR";0,5;1;0
13;2023;"> 12";NA;NA;NA;NA;NA;1619;1625;"BR";0,5;1;0
14;2023;"> 12";NA;NA;NA;NA;NA;1647;1606;"BR";0,5;1;0
15;2023;"> 12";NA;NA;NA;NA;NA;1687;1710;"BR";0,5;1;0
16;2023;"> 12";NA;NA;NA;NA;NA;1674;1745;"BR";0,5;1;0
17;2023;"> 12";NA;NA;NA;NA;NA;1714;1566;"BR";0,5;1;0
18;2023;"> 12";NA;NA;NA;NA;NA;1721;1831;"BR";0,5;1;0
19;2023;"> 12";NA;NA;NA;NA;NA;1893;1767;"BR";0,5;1;0
20;2023;"> 12";NA;NA;NA;NA;NA;1884;2082;"BR";0,5;1;0
21;2023;"> 12";NA;NA;NA;NA;NA;1839;1804;"BR";0,5;1;0
22;2023;"> 12";NA;NA;NA;NA;NA;1693;1632;"BR";0,5;1;0
23;2023;"> 12";NA;NA;NA;NA;NA;1576;1643;"BR";0,5;1;0
24;2023;"> 12";NA;NA;NA;NA;NA;1528;1453;"BR";0,5;1;0
25;2023;"> 12";NA;NA;NA;NA;NA;1459;1487;"BR";0,5;1;0
26;2023;"> 12";NA;NA;NA;NA;NA;1441;1437;"BR";0,5;1;0
27;2023;"> 12";NA;NA;NA;NA;NA;1416;1400;"BR";0,5;1;0
28;2023;"> 12";NA;NA;NA;NA;NA;1339;1410;"BR";0,5;1;0
29;2023;"> 12";NA;NA;NA;NA;NA;1218;1206;"BR";0,5;1;0
30;2023;"> 12";NA;NA;NA;NA;NA;1100;1039;"BR";0,5;1;0
31;2023;"> 12";NA;NA;NA;NA;NA;1011;1054;"BR";0,5;1;0
32;2023;"> 12";NA;NA;NA;NA;NA;1020;939;"BR";0,5;1;0
33;2023;"> 12";NA;NA;NA;NA;NA;1010;1067;"BR";0,5;1;0
34;2023;"> 12";NA;NA;NA;NA;NA;1061;1023;"BR";0,5;1;0
35;2023;"> 12";NA;NA;NA;NA;NA;1045;1092;"BR";0,5;1;0
36;2023;"> 12";NA;NA;NA;NA;NA;1069;1020;"BR";0,5;1;0
37;2023;"> 12";NA;NA;NA;NA;NA;1069;1094;"BR";0,5;1;0
38;2023;"> 12";NA;NA;NA;NA;NA;1079;1093;"BR";0,5;1;0
39;2023;"> 12";NA;NA;NA;NA;NA;1141;1050;"BR";0,5;1;0
40;2023;"> 12";NA;NA;NA;NA;NA;1173;1279;"BR";0,5;1;0
41;2023;"> 12";NA;NA;NA;NA;NA;1287;1190;"BR";0,5;1;0
42;2023;"> 12";NA;NA;NA;NA;NA;1319;1393;"BR";0,5;1;0
43;2023;"> 12";NA;NA;NA;NA;NA;1330;1373;"BR";0,5;1;0
44;2023;"> 12";NA;NA;NA;NA;NA;1303;1224;"BR";0,5;1;0
45;2023;"> 12";NA;NA;NA;NA;NA;1236;1312;"BR";0,5;1;0
46;2023;"> 12";NA;NA;NA;NA;NA;1173;1173;"BR";0,5;1;0
47;2023;"> 12";NA;NA;NA;NA;NA;1044;1035;"BR";0,5;1;0
48;2023;"> 12";NA;NA;NA;NA;NA;946;925;"BR";0,5;1;0
49;2023;"> 12";NA;NA;NA;NA;NA;924;878;"BR";0,5;1;0
50;2023;"> 12";NA;NA;NA;NA;NA;899;970;"BR";0,5;1;0
51;2023;"> 12";NA;NA;NA;NA;NA;917;848;"BR";0,5;1;0
52;2023;"> 12";NA;NA;NA;NA;NA;977;934;"BR";0,5;1;0
1;2024;"> 12";NA;NA;NA;NA;NA;1028;1148;"BR";0,5;1;0
2;2024;"> 12";NA;NA;NA;NA;NA;1029;1003;"BR";0,5;1;0
3;2024;"> 12";NA;NA;NA;NA;NA;941;937;"BR";0,5;1;0
4;2024;"> 12";NA;NA;NA;NA;NA;978;884;"BR";0,5;1;0
5;2024;"> 12";NA;NA;NA;NA;NA;1072;1112;"BR";0,5;1;0
6;2024;"> 12";NA;NA;NA;NA;NA;1229;1220;"BR";0,5;1;0
7;2024;"> 12";NA;NA;NA;NA;NA;1408;1355;"BR";0,5;1;0
8;2024;"> 12";NA;NA;NA;NA;NA;1518;1648;"BR";0,5;1;0
9;2024;"> 12";NA;NA;NA;NA;NA;1527;1551;"BR";0,5;1;0
10;2024;"> 12";NA;NA;NA;NA;NA;1439;1383;"BR";0,5;1;0
11;2024;"> 12";NA;NA;NA;NA;NA;1330;1383;"BR";0,5;1;0
12;2024;"> 12";NA;NA;NA;NA;NA;1230;1223;"BR";0,5;1;0
13;2024;"> 12";NA;NA;NA;NA;NA;1218;1084;"BR";0,5;1;0
14;2024;"> 12";NA;NA;NA;NA;NA;1284;1347;"BR";0,5;1;0
15;2024;"> 12";NA;NA;NA;NA;NA;1440;1420;"BR";0,5;1;0
16;2024;"> 12";NA;NA;NA;NA;NA;1486;1553;"BR";0,5;1;0
17;2024;"> 12";NA;NA;NA;NA;NA;1545;1484;"BR";0,5;1;0
18;2024;"> 12";NA;NA;NA;NA;NA;1499;1598;"BR";0,5;1;0
19;2024;"> 12";NA;NA;NA;NA;NA;1513;1415;"BR";0,5;1;0
20;2024;"> 12";NA;NA;NA;NA;NA;1480;1525;"BR";0,5;1;0
21;2024;"> 12";NA;NA;NA;NA;NA;1507;1500;"BR";0,5;1;0
22;2024;"> 12";NA;NA;NA;NA;NA;1557;1496;"BR";0,5;1;0
23;2024;"> 12";NA;NA;NA;NA;NA;1574;1675;"BR";0,5;1;0
24;2024;"> 12";NA;NA;NA;NA;NA;1600;1552;"BR";0,5;1;0
25;2024;"> 12";NA;NA;NA;NA;NA;1508;1572;"BR";0,5;1;0
26;2024;"> 12";NA;NA;NA;NA;NA;1554;1400;"BR";0,5;1;0
27;2024;"> 12";NA;NA;NA;NA;NA;1532;1689;"BR";0,5;1;0
28;2024;"> 12";NA;NA;NA;NA;NA;1581;1507;"BR";0,5;1;0
29;2024;"> 12";NA;NA;NA;NA;NA;1475;1548;"BR";0,5;1;0
30;2024;"> 12";NA;NA;NA;NA;NA;1407;1369;"BR";0,5;1;0
31;2024;"> 12";NA;NA;NA;NA;NA;1326;1304;"BR";0,5;1;0
32;2024;"> 12";NA;NA;NA;NA;NA;1394;1306;"BR";0,5;1;0
33;2024;"> 12";NA;NA;NA;NA;NA;1515;1572;"BR";0,5;1;0
34;2024;"> 12";NA;NA;NA;NA;NA;1610;1666;"BR";0,5;1;0
35;2024;"> 12";NA;NA;NA;NA;NA;1700;1591;"BR";0,5;1;0
36;2024;"> 12";NA;NA;NA;NA;NA;1671;1842;"BR";0,5;1;0
37;2024;"> 12";NA;NA;NA;NA;NA;1651;1581;"BR";0,5;1;0
38;2024;"> 12";NA;NA;NA;NA;NA;1452;1530;"BR";0,5;1;0
39;2024;"> 12";NA;NA;NA;NA;NA;1348;1245;"BR";0,5;1;0
40;2024;"> 12";NA;NA;NA;NA;NA;1243;1269;"BR";0,5;1;0
41;2024;"> 12";NA;NA;NA;NA;NA;1218;1215;"BR";0,5;1;0
42;2024;"> 12";NA;NA;NA;NA;NA;1193;1170;"BR";0,5;1;0
43;2024;"> 12";NA;NA;NA;NA;NA;1181;1193;"BR";0,5;1;0
44;2024;"> 12";NA;NA;NA;NA;NA;1137;1180;"BR";0,5;1;0
45;2024;"> 12";NA;NA;NA;NA;NA;1098;1038;"BR";0,5;1;0
46;2024;"> 12";NA;NA;NA;NA;NA;1077;1076;"BR";0,5;1;0
47;2024;"> 12";NA;NA;NA;NA;NA;1088;1118;"BR";0,5;1;0
48;2024;"> 12";NA;NA;NA;NA;NA;1139;1071;"BR";0,5;1;0
49;2024;"> 12";NA;NA;NA;NA;NA;1167;1227;"BR";0,5;1;0
50;2024;"> 12";NA;NA;NA;NA;NA;1187;1204;"BR";0,5;1;0
51;2024;"> 12";NA;NA;NA;NA;NA;1154;1130;"BR";0,5;1;0
52;2024;"> 12";NA;NA;NA;NA;NA;1203;1128;"BR";0,5;1;0
1;2025;"> 12";NA;NA;NA;NA;NA;1238;1352;"BR";0,5;1;0
2;2025;"> 12";NA;NA;NA;NA;NA;1245;1233;"BR";0,5;1;0
3;2025;"> 12";NA;NA;NA;NA;NA;1162;1151;"BR";0,5;1;0
4;2025;"> 12";NA;NA;NA;NA;NA;1059;1102;"BR";0,5;1;0
5;2025;"> 12";NA;NA;NA;NA;NA;1021;925;"BR";0,5;1;0
6;2025;"> 12";NA;NA;NA;NA;NA;1022;1035;"BR";0,5;1;0
7;2025;"> 12";NA;NA;NA;NA;NA;1081;1107;"BR";0,5;1;0
8;2025;"> 12";NA;NA;NA;NA;NA;1082;1100;"BR";0,5;1;0
9;2025;"> 12";NA;NA;NA;NA;NA;1055;1039;"BR";0,5;1;0
10;2025;"> 12";NA;NA;NA;NA;NA;1041;1027;"BR";0,5;1;0
11;2025;"> 12";NA;NA;NA;NA;NA;1026;1058;"BR";0,5;1;0
12;2025;"> 12";NA;NA;NA;NA;NA;1019;993;"BR";0,5;1;0
13;2025;"> 12";NA;NA;NA;NA;NA;1075;1005;"BR";0,5;1;0
14;2025;"> 12";NA;NA;NA;NA;NA;1198;1228;"BR";0,5;1;0
15;2025;"> 12";NA;NA;NA;NA;NA;1409;1360;"BR";0,5;1;0
16;2025;"> 12";NA;NA;NA;NA;NA;1702;1638;"BR";0,5;1;0
17;2025;"> 12";NA;NA;NA;NA;NA;2183;2108;"BR";0,5;1;0
18;2025;"> 12";NA;NA;NA;NA;NA;2740;2802;"BR";0,5;1;0
19;2025;"> 12";NA;NA;NA;NA;NA;3300;3310;"BR";0,5;1;0
20;2025;"> 12";NA;NA;NA;NA;NA;3761;3789;"BR";0,5;1;0
21;2025;"> 12";NA;NA;NA;NA;NA;3979;4183;"BR";0,5;1;0
22;2025;"> 12";NA;NA;NA;NA;NA;4127;3964;"BR";0,5;1;0
23;2025;"> 12";NA;NA;NA;NA;NA;3941;4235;"BR";0,5;1;0
24;2025;"> 12";NA;NA;NA;NA;NA;3717;3625;"BR";0,5;1;0
25;2025;"> 12";NA;NA;NA;NA;NA;3214;3292;"BR";0,5;1;0
26;2025;"> 12";NA;NA;NA;NA;NA;2866;2726;"BR";0,5;1;0
27;2025;"> 12";NA;NA;NA;NA;NA;2602;2581;"BR";0,5;1;0
28;2025;"> 12";NA;NA;NA;NA;NA;2422;2500;"BR";0,5;1;0
29;2025;"> 12";NA;NA;NA;NA;NA;2237;2186;"BR";0,5;1;0
30;2025;"> 12";NA;NA;NA;NA;NA;1985;2026;"BR";0,5;1;0
31;2025;"> 12";NA;NA;NA;NA;NA;1779;1742;"BR";0,5;1;0
32;2025;"> 12";NA;NA;NA;NA;NA;1669;1569;"BR";0,5;1;0
33;2025;"> 12";NA;NA;NA;NA;NA;1634;1695;"BR";0,5;1;0
34;2025;"> 12";NA;NA;NA;NA;NA;1606;1637;"BR";0,5;1;0
35;2025;"> 12";NA;NA;NA;NA;NA;1538;1487;"BR";0,5;1;0
36;2025;"> 12";NA;NA;NA;NA;NA;1501;1489;"BR";0,5;1;0
37;2025;"> 12";NA;NA;NA;NA;NA;1512;1528;"BR";0,5;1;0
38;2025;"> 12";NA;NA;NA;NA;NA;1486;1520;"BR";0,5;1;0
39;2025;"> 12";NA;NA;NA;NA;NA;1453;1411;"BR";0,5;1;0
40;2025;"> 12";NA;NA;NA;NA;NA;1417;1427;"BR";0,5;1;0
41;2025;"> 12";NA;NA;NA;NA;NA;1406;1414;"BR";0,5;1;0
42;2025;"> 12";NA;NA;NA;NA;NA;1391;1377;"BR";0,5;1;0
43;2025;"> 12";NA;NA;NA;NA;NA;1387;1381;"BR";0,5;1;0
44;2025;"> 12";NA;NA;NA;NA;NA;1355;1403;"BR";0,5;1;0
45;2025;"> 12";NA;NA;NA;NA;NA;1351;1282;"BR";0,5;1;0
46;2025;"> 12";NA;NA;NA;NA;NA;1279;1368;"BR";0,5;1;0
47;2025;"> 12";NA;NA;NA;NA;NA;1240;1188;"BR";0,5;1;0
48;2025;"> 12";NA;NA;NA;NA;NA;1178;1165;"BR";0,5;1;0
49;2025;"> 12";NA;NA;NA;NA;NA;1167;1180;"BR";0,5;1;0
50;2025;"> 12";NA;NA;NA;NA;NA;1127;1155;"BR";0,5;1;0
51;2025;"> 12";NA;NA;NA;NA;NA;1049;1047;"BR";0,5;1;0
52;2025;"> 12";NA;NA;NA;NA;NA;1020;944;"BR";0,5;1;0
53;2025;"> 12";NA;NA;NA;NA;NA;1035;1069;"BR";0,5;1;0
1;2026;"> 12";NA;NA;NA;NA;NA;1055;1091;"BR";0,5;1;0
2;2026;"> 12";NA;NA;NA;NA;NA;1005;1004;"BR";0,5;1;0
3;2026;"> 12";NA;NA;NA;NA;NA;940;919;"BR";0,5;1;0
4;2026;"> 12";NA;NA;NA;NA;NA;942;897;"BR";0,5;1;0
5;2026;"> 12";NA;NA;NA;NA;NA;971;1011;"BR";0,5;1;0
6;2026;"> 12";NA;NA;NA;NA;NA;1071;1004;"BR";0,5;1;0
7;2026;"> 12";NA;NA;NA;NA;NA;1190;1197;"BR";0,5;1;0
8;2026;"> 12";1369;1377;1364;1371;1367;1344;1367;"BR";0,5;1;0
9;2026;"> 12";1465;1477;1457;1469;1462;1450;1459;"BR";0,5;1;0
10;2026;"> 12";1516;1534,025;1503;1521;1512;1529;1508;"BR";0,5;1;0
11;2026;"> 12";1606;1626;1589;1613;1599;1525;1575;"BR";0,5;1;0
12;2026;"> 12";1452;1479;1433;1460;1445;1532;1398;"BR";0,5;1;0
13;2026;"> 12";1537;1571;1509;1548;1527;1562;1469;"BR";0,5;1;0
14;2026;"> 12";1697;1743;1659;1712;1684;1661;1614;"BR";0,5;1;0
15;2026;"> 12";1748,5;1807,025;1699,975;1769;1732;1758;1600;"BR";0,5;1;0
16;2026;"> 12";1830;1921;1758;1861;1803;1791;1617;"BR";0,5;1;0
17;2026;"> 12";1794;1936,075;1680,975;1839;1753;1822;1490;"BR";0,5;1;0
18;2026;"> 12";1843,5;2139,025;1622,975;1933,25;1768;1870;1352;"BR";0,5;1;0
19;2026;"> 12";1971;2805,425;1417,975;2224,25;1746,5;NA;1334;"BR";0,5;1;0
NA;NA;NA;NA;NA;NA;NA;NA;NA;NA;"BR";NA;NA;NA
NA;NA;NA;NA;NA;NA;NA;NA;NA;NA;"BR";NA;NA;NA
NA;NA;NA;NA;NA;NA;NA;NA;NA;NA;"BR";NA;NA;NA
NA;NA;NA;NA;NA;NA;NA;NA;NA;NA;"BR";NA;NA;NA
